dataset,terrain,climate,size,map_mass,algorithm,seed,budget_m,num_drones,planning_s,evaluation_s,likelihood_mass,conditional_detection_probability,upstream_discounted_score,simultaneous_first_observation_discounted_mass,conditional_detection_auc,capped_detection_time_s,total_path_km,max_path_km,area_covered_km2,feasible
1,flat,temperate,medium,0.28074492558593855,Spiral,0,100000,5,0.03190458402968943,0.12558795796940103,0.18888123435980694,0.6727859246809029,0.008191468628987333,0.011396732868626703,0.34887353261343756,1302.252934773125,100.00000000000004,20.00000000000014,6.641881290759809,True
1,flat,temperate,medium,0.28074492558593855,Concentric,0,100000,5,0.034363290993496776,0.1489303749985993,0.1895492159537765,0.6751652431764212,0.008412142188050139,0.009599493343570567,0.3523492551898407,1295.3014896203185,99.99999999999989,20.00000000000023,6.60934882371298,True
1,flat,temperate,medium,0.28074492558593855,Pizza,0,100000,5,0.009975166991353035,0.1455082500469871,0.19780045047821582,0.7045557459868221,0.010994221094488039,0.01331435810751126,0.39792481207278463,1204.1503758544309,99.9999999999993,20.00000000000012,6.377864042127231,True
1,flat,temperate,medium,0.28074492558593855,GreedySeeded,0,100000,5,0.04195437498856336,0.0867032500100322,0.19927370320585167,0.7098034017532124,0.012312055900641381,0.018109728422323734,0.4577362125584432,1084.5275748831139,100.00000000000037,20.000000000000224,4.6097769973355245,True
1,flat,temperate,medium,0.28074492558593855,GreedySeeded,1,100000,5,0.026955250010360032,0.09621829201932997,0.2056935305616735,0.732670519805028,0.012006630509347851,0.017077161569654088,0.43901628169638424,1121.9674366072318,99.99999999999946,20.00000000000005,4.780818944362996,True
1,flat,temperate,medium,0.28074492558593855,GreedySeeded,2,100000,5,0.028994083986617625,0.11593675002222881,0.195173866016711,0.6951999777355424,0.012094209755070527,0.017554442615491647,0.4310096947283513,1137.9806105432976,100.00000000000001,20.000000000000313,4.515851684581132,True
1,flat,temperate,medium,0.28074492558593855,GreedySeeded,3,100000,5,0.03398233302868903,0.10883095802273601,0.21733720009143226,0.7741447138815813,0.012053183018346849,0.017990218565874315,0.4624417519032015,1075.1164961935972,99.9999999999998,20.000000000000178,4.840470581004344,True
1,flat,temperate,medium,0.28074492558593855,GreedySeeded,4,100000,5,0.026385875011328608,0.11449424998136237,0.1733185133776475,0.6173522567359571,0.012483942824622162,0.017541715657377353,0.3835267042720265,1232.9465914559473,100.00000000000027,20.000000000000266,4.003544992156083,True
1,flat,temperate,medium,0.28074492558593855,RandomWalkSeeded,0,100000,5,0.0120068330434151,0.3169937910279259,0.05866259443184006,0.208953356180548,0.011348935256436998,0.004196658352905616,0.11568026960165316,1768.639460796694,99.99999999999991,20.00000000000028,1.2240523380717976,True
1,flat,temperate,medium,0.28074492558593855,RandomWalkSeeded,1,100000,5,0.012428041954990476,0.2611290829954669,0.06702649274685435,0.23874516202550894,0.007607208827013916,0.005455310983829751,0.1287856383490085,1742.4287233019834,99.99999999999966,20.00000000000009,1.6753143468986214,True
1,flat,temperate,medium,0.28074492558593855,RandomWalkSeeded,2,100000,5,0.011693625012412667,0.2862407499924302,0.0629742043111122,0.22431110439371138,0.010157207134749095,0.005399939604850183,0.1370661764315138,1725.8676471369731,99.99999999999929,20.000000000000018,1.3371485984108478,True
1,flat,temperate,medium,0.28074492558593855,RandomWalkSeeded,3,100000,5,0.012204375001601875,0.29553866595961154,0.047641293539000026,0.1696960094276632,0.009811064884894598,0.004928579265126017,0.1049851009475706,1790.0297981048593,99.99999999999955,20.000000000000036,1.4007473903733185,True
1,flat,temperate,medium,0.28074492558593855,RandomWalkSeeded,4,100000,5,0.01238812500378117,0.2753881250391714,0.05568510060857143,0.1983476655627947,0.009847426077559843,0.0059475529722434525,0.1242062332413784,1751.5875335172434,99.99999999999974,20.000000000000252,1.5197518874771463,True
2,flat,temperate,medium,0.21527885064027846,Spiral,0,100000,5,0.031843500037211925,0.12509216699982062,0.1457319269043355,0.6769449319842717,0.0059942604868353025,0.006679091586739993,0.34845469061665807,1303.0906187666837,99.99999999999972,20.0000000000001,6.641881290759591,True
2,flat,temperate,medium,0.21527885064027846,Concentric,0,100000,5,0.034550458018202335,0.1517408749787137,0.14630380642534668,0.6796013913592187,0.005912872883980049,0.007731188774268888,0.3477477369367173,1304.5045261265652,100.00000000000003,20.00000000000014,6.6093489014001285,True
2,flat,temperate,medium,0.21527885064027846,Pizza,0,100000,5,0.009907917003147304,0.14761354099027812,0.15663145549666918,0.7275747479644133,0.006747095871455179,0.010633572765452074,0.42221027195750477,1155.5794560849904,100.00000000000021,20.00000000000032,6.377864042127101,True
2,flat,temperate,medium,0.21527885064027846,GreedySeeded,0,100000,5,0.04118970799027011,0.12632441701134667,0.12978415991394465,0.6028653512778563,0.010145166267561342,0.013604309103043258,0.36033986084766934,1279.3202783046613,100.00000000000016,20.000000000000465,4.255260861158271,True
2,flat,temperate,medium,0.21527885064027846,GreedySeeded,1,100000,5,0.03685345797566697,0.09187070903135464,0.1413125259029921,0.6564162038337855,0.010138058383897903,0.013836955751375987,0.3770045467304232,1245.9909065391535,100.00000000000038,20.00000000000035,4.821187871226763,True
2,flat,temperate,medium,0.21527885064027846,GreedySeeded,2,100000,5,0.02883500000461936,0.17891520803095773,0.1098604150607391,0.5103168041542132,0.010147213570292215,0.013628295464519827,0.3431954836485327,1313.6090327029347,99.99999999999989,20.000000000000032,3.4426344176140002,True
2,flat,temperate,medium,0.21527885064027846,GreedySeeded,3,100000,5,0.03210658399621025,0.1337437080219388,0.1138788733996547,0.5289830982512134,0.010147689680621767,0.013749402954295315,0.3397058389767004,1320.588322046599,100.00000000000011,20.000000000000206,3.916900073800256,True
2,flat,temperate,medium,0.21527885064027846,GreedySeeded,4,100000,5,0.02790449996246025,0.10091554204700515,0.1352841465145293,0.6284135488096932,0.01014199420874781,0.013478135724461028,0.3790257682508851,1241.9484634982298,100.00000000000004,20.000000000000234,4.751581872753184,True
2,flat,temperate,medium,0.21527885064027846,RandomWalkSeeded,0,100000,5,0.011695500055793673,0.3117299999576062,0.03642113751920825,0.16918121501896338,0.007101088421840942,0.0030007281809921907,0.09205095481427027,1815.8980903714594,99.99999999999989,20.00000000000028,1.2240523375004775,True
2,flat,temperate,medium,0.21527885064027846,RandomWalkSeeded,1,100000,5,0.01520533300936222,0.258408541965764,0.053271525557194346,0.24745359518018206,0.005690938598109649,0.0042064604131153045,0.14260231575731255,1714.795368485375,99.99999999999972,20.00000000000009,1.6753143467249434,True
2,flat,temperate,medium,0.21527885064027846,RandomWalkSeeded,2,100000,5,0.011904667015187442,0.28813341696513817,0.04971645575551883,0.23093980485148932,0.007273804276259793,0.003944424340364747,0.13296698615153765,1734.0660276969247,99.99999999999928,20.000000000000014,1.33714859792532,True
2,flat,temperate,medium,0.21527885064027846,RandomWalkSeeded,3,100000,5,0.011857917008455843,0.30020104203140363,0.04633219732656732,0.21521945694510602,0.007566351793640046,0.0039219922474706854,0.12473360549049592,1750.532789019008,99.99999999999967,20.000000000000043,1.4007473910843267,True
2,flat,temperate,medium,0.21527885064027846,RandomWalkSeeded,4,100000,5,0.011759374989196658,0.2805381250218488,0.045635352318759384,0.2119825156211655,0.005514493899023382,0.004045437746899333,0.12344773240198564,1753.1045351960286,99.99999999999974,20.000000000000295,1.519751888638133,True
3,flat,temperate,medium,0.24212152259483805,Spiral,0,100000,5,0.03135999996447936,0.12550824997015297,0.16192449643066997,0.668773658348546,0.0058015184332022626,0.007999970246641133,0.33769759641816444,1324.604807163671,100.0,20.00000000000014,6.6418812907597555,True
3,flat,temperate,medium,0.24212152259483805,Concentric,0,100000,5,0.03437116602435708,0.1488175829872489,0.16068492765664513,0.6636540441947101,0.005923244535810271,0.008354448180502285,0.3378967298988781,1324.2065402022436,99.99999999999989,20.00000000000023,6.609348823712974,True
3,flat,temperate,medium,0.24212152259483805,Pizza,0,100000,5,0.010098166996613145,0.147873374982737,0.17742072402310427,0.7327755175238884,0.007973673817573084,0.010114395958776268,0.40825587811785935,1183.4882437642812,99.99999999999935,20.00000000000012,6.377864042127233,True
3,flat,temperate,medium,0.24212152259483805,GreedySeeded,0,100000,5,0.040567041956819594,0.09184591699158773,0.1396387207047056,0.5767298966576161,0.008977724275280569,0.013838548963116697,0.37180550922718586,1256.3889815456282,99.99999999999949,20.000000000000117,4.551127026415835,True
3,flat,temperate,medium,0.24212152259483805,GreedySeeded,1,100000,5,0.03516166697954759,0.07194995798636228,0.16492950248648777,0.6811848063688165,0.009510460561160824,0.014350911300400232,0.419585572689616,1160.8288546207682,99.99999999999991,20.000000000000412,5.110734564837229,True
3,flat,temperate,medium,0.24212152259483805,GreedySeeded,2,100000,5,0.028671042004134506,0.08091095898998901,0.158015324988023,0.6526281649584829,0.009431162446036815,0.01423134322010927,0.38694437136352466,1226.1112572729508,99.99999999999943,20.000000000000178,5.004386211861024,True
3,flat,temperate,medium,0.24212152259483805,GreedySeeded,3,100000,5,0.0358622909989208,0.14260229200590402,0.13586084017631417,0.5611266554095703,0.00908874815478167,0.014130629950806755,0.35424183403715176,1291.5163319256962,100.00000000000033,20.000000000000313,3.9585656199420285,True
3,flat,temperate,medium,0.24212152259483805,GreedySeeded,4,100000,5,0.02860495896311477,0.09505666699260473,0.15208631244049856,0.6281404098676397,0.00943831282945437,0.014342754499421573,0.39971142304300905,1200.5771539139819,99.99999999999989,20.00000000000012,4.66238864728546,True
3,flat,temperate,medium,0.24212152259483805,RandomWalkSeeded,0,100000,5,0.015318999998271465,0.3211840409785509,0.04202322289669195,0.1735625253233389,0.007201447001088658,0.002759802878839949,0.09619156979326407,1807.6168604134716,99.99999999999991,20.00000000000028,1.2240523439105655,True
3,flat,temperate,medium,0.24212152259483805,RandomWalkSeeded,1,100000,5,0.012692707998212427,0.2599917909828946,0.05689194575682313,0.2349726911804744,0.004208824147497077,0.0037649833939091366,0.13382879314390764,1732.342413712185,99.99999999999966,20.00000000000009,1.675314355763736,True
3,flat,temperate,medium,0.24212152259483805,RandomWalkSeeded,2,100000,5,0.012150791997555643,0.2907813750207424,0.04892249533244236,0.20205760647849724,0.006452918228307245,0.0037410706746598943,0.11766147742802276,1764.6770451439545,99.99999999999929,20.000000000000018,1.3371486026306068,True
3,flat,temperate,medium,0.24212152259483805,RandomWalkSeeded,3,100000,5,0.011980124982073903,0.2956643750076182,0.04778636110352271,0.19736519327729315,0.005721112684858371,0.003827732526615584,0.11272424486194822,1774.5515102761033,99.99999999999955,20.000000000000036,1.4007473974496067,True
3,flat,temperate,medium,0.24212152259483805,RandomWalkSeeded,4,100000,5,0.012293708976358175,0.27389958302956074,0.05248653502012522,0.2167776513943177,0.008473772360063974,0.004239053988654702,0.12388980585774081,1752.2203882845183,99.99999999999974,20.000000000000252,1.519751896732023,True
4,flat,temperate,medium,0.24056197442100552,Spiral,0,100000,5,0.030106332967989147,0.12566612497903407,0.16100946310740422,0.6693055437997981,0.005722526011005995,0.006769299923352366,0.3357012286149332,1328.5975427701335,99.99999999999967,20.000000000000096,6.641881290759646,True
4,flat,temperate,medium,0.24056197442100552,Concentric,0,100000,5,0.03441520902561024,0.14916916599031538,0.1589872637999145,0.6608993968501116,0.005716438599301729,0.007963061894937411,0.33265329428956086,1334.6934114208782,100.00000000000003,20.000000000000135,6.6093489014001365,True
4,flat,temperate,medium,0.24056197442100552,Pizza,0,100000,5,0.009985958982724696,0.14645595900947228,0.17675044371959628,0.7347397449036014,0.007182901139837678,0.010048454566439886,0.4124118420839631,1175.1763158320737,100.00000000000011,20.00000000000032,6.3778640421271,True
4,flat,temperate,medium,0.24056197442100552,GreedySeeded,0,100000,5,0.04327141697285697,0.05867012497037649,0.160207712996229,0.6659727223382811,0.0074449740895115735,0.012229322939785837,0.38890706387754204,1222.1858722449158,100.0000000000005,20.00000000000044,5.471171701084102,True
4,flat,temperate,medium,0.24056197442100552,GreedySeeded,1,100000,5,0.03345991700189188,0.09846100001595914,0.15330856516843216,0.6372934273482812,0.007474046136215995,0.01186913125210431,0.3566165704907532,1286.7668590184935,99.99999999999986,20.00000000000022,4.63141006256335,True
4,flat,temperate,medium,0.24056197442100552,GreedySeeded,2,100000,5,0.02889687498100102,0.10456570895621553,0.14385689879148694,0.5980034838744888,0.007444553800056484,0.011987815844381263,0.36287672369538043,1274.246552609239,99.99999999999937,19.999999999999957,4.5898992086300785,True
4,flat,temperate,medium,0.24056197442100552,GreedySeeded,3,100000,5,0.03978595900116488,0.1171544169774279,0.1237693428263409,0.5145008604299747,0.007459064032381206,0.011513563882503797,0.3233692862811743,1353.2614274376515,99.99999999999987,20.0000000000002,4.125100582363437,True
4,flat,temperate,medium,0.24056197442100552,GreedySeeded,4,100000,5,0.028316917014308274,0.08009400003356859,0.15020179293380026,0.624378783452007,0.007446111967938172,0.01236419347730969,0.3891744385106979,1221.6511229786042,100.00000000000041,20.000000000000156,4.957326464570862,True
4,flat,temperate,medium,0.24056197442100552,RandomWalkSeeded,0,100000,5,0.01614933297969401,0.3173965419991873,0.038837646242038545,0.1614454916888448,0.007727299141360267,0.0028981005076327325,0.08864385471210434,1822.712290575791,99.99999999999989,20.00000000000028,1.2240523450848575,True
4,flat,temperate,medium,0.24056197442100552,RandomWalkSeeded,1,100000,5,0.01273770903935656,0.25929783401079476,0.054470844525645545,0.22643164887862358,0.005537174568391686,0.0038605966441488636,0.12901151549420456,1741.976969011591,99.99999999999972,20.00000000000009,1.6753143575685974,True
4,flat,temperate,medium,0.24056197442100552,RandomWalkSeeded,2,100000,5,0.012069292017258704,0.2874625829863362,0.04909886721487594,0.2041006993438972,0.006744502090486239,0.0037014613662540714,0.11642598896337727,1767.1480220732453,99.99999999999928,20.000000000000014,1.3371486039916824,True
4,flat,temperate,medium,0.24056197442100552,RandomWalkSeeded,3,100000,5,0.012061624962370843,0.29617449996294454,0.049828818054391606,0.207135056046666,0.006611986685917276,0.0036376834779813572,0.11507519766732513,1769.8496046653495,99.99999999999967,20.000000000000043,1.4007473990112385,True
4,flat,temperate,medium,0.24056197442100552,RandomWalkSeeded,4,100000,5,0.012407375033944845,0.2757637500180863,0.048427889124055004,0.20131148840382293,0.006140957942444089,0.004094577674360944,0.11553986024788053,1768.9202795042388,99.99999999999974,20.000000000000295,1.519751896996338,True
5,flat,temperate,medium,0.24553015521225333,Spiral,0,100000,5,0.030139332986436784,0.1253797499812208,0.1653815865740607,0.6735693480545939,0.005775497580498769,0.007987760274121023,0.339069329848736,1321.8613403025279,100.00000000000004,20.00000000000014,6.641881290759809,True
5,flat,temperate,medium,0.24553015521225333,Concentric,0,100000,5,0.034283500048331916,0.14890700002433732,0.162889764327578,0.6634206058590432,0.005730307883378011,0.007778657188319308,0.3345816753421202,1330.8366493157596,99.99999999999989,20.00000000000023,6.60934882371298,True
5,flat,temperate,medium,0.24553015521225333,Pizza,0,100000,5,0.009870250010862947,0.14616725000087172,0.17744795810647113,0.7227135011301271,0.0067640825539711244,0.00998440188468203,0.4044344922100001,1191.1310155799997,99.9999999999993,20.00000000000012,6.377864042127231,True
5,flat,temperate,medium,0.24553015521225333,GreedySeeded,0,100000,5,0.04386474995408207,0.07126854103989899,0.16276273280721643,0.6629032294078624,0.008507297694662266,0.012634212021248576,0.36823848675837084,1263.5230264832583,99.9999999999993,20.000000000000004,5.318855653013056,True
5,flat,temperate,medium,0.24553015521225333,GreedySeeded,1,100000,5,0.03451562504051253,0.061542042007204145,0.17171672503873792,0.6993712234258722,0.008321842777796344,0.012566712884199253,0.391010929959773,1217.9781400804543,99.99999999999982,20.000000000000153,5.653564629333167,True
5,flat,temperate,medium,0.24553015521225333,GreedySeeded,2,100000,5,0.030410708975978196,0.06874941702699289,0.1590784458002512,0.6478977935021168,0.008598033669635049,0.012656757366305702,0.36269166859318014,1274.6166628136398,99.99999999999937,19.999999999999975,5.134326325121302,True
5,flat,temperate,medium,0.24553015521225333,GreedySeeded,3,100000,5,0.03176504198927432,0.12199733400484547,0.14897650687983763,0.6067544198432652,0.008338038589693451,0.012636211945607594,0.34378620396976123,1312.4275920604775,99.9999999999996,20.000000000000288,4.61037509999597,True
5,flat,temperate,medium,0.24553015521225333,GreedySeeded,4,100000,5,0.03368341701570898,0.11036074999719858,0.14434913940318855,0.5879079874258343,0.008594120290756188,0.012773869892747158,0.36815448775522563,1263.6910244895485,100.00000000000014,20.000000000000398,4.355134196800234,True
5,flat,temperate,medium,0.24553015521225333,RandomWalkSeeded,0,100000,5,0.01168250001501292,0.316362791985739,0.04093981832587948,0.16674048973938968,0.007685726642297059,0.0029494160701653113,0.08847586921171302,1823.048261576574,99.99999999999991,20.00000000000028,1.224052338245829,True
5,flat,temperate,medium,0.24553015521225333,RandomWalkSeeded,1,100000,5,0.012771875015459955,0.2625183750060387,0.05612737673867792,0.228596673553835,0.005759795499094259,0.003920525006924786,0.1274279286013292,1745.1441427973416,99.99999999999966,20.00000000000009,1.6753143463112177,True
5,flat,temperate,medium,0.24553015521225333,RandomWalkSeeded,2,100000,5,0.012357833969872445,0.2852952500106767,0.04887963624325689,0.19907793485082081,0.006866170877592191,0.0037143155500955526,0.113322376338232,1773.3552473235363,99.99999999999929,20.000000000000018,1.3371485987347944,True
5,flat,temperate,medium,0.24553015521225333,RandomWalkSeeded,3,100000,5,0.01211424998473376,0.29693466698518023,0.04895534863546057,0.19938629775695033,0.006823855112836337,0.003665837057160199,0.1108545664225678,1778.2908671548644,99.99999999999955,20.000000000000036,1.4007473905201908,True
5,flat,temperate,medium,0.24553015521225333,RandomWalkSeeded,4,100000,5,0.012732916977256536,0.2767205000272952,0.049777690707397834,0.20273554856985507,0.006459035458939927,0.004082865508399286,0.11770213339996682,1764.5957332000664,99.99999999999974,20.000000000000252,1.5197518886881027,True
6,flat,temperate,medium,0.2334730189557093,Spiral,0,100000,5,0.029746290994808078,0.12455879198387265,0.15602581413422578,0.6682819917783496,0.005002123678489262,0.007503148484496382,0.33677507484518504,1326.4498503096297,99.99999999999967,20.000000000000096,6.641881290759646,True
6,flat,temperate,medium,0.2334730189557093,Concentric,0,100000,5,0.03403633297421038,0.14902108401292935,0.15375275643229486,0.6585461443039906,0.00513291272412228,0.007562038227222312,0.332518395913202,1334.963208173596,100.00000000000003,20.000000000000135,6.6093489014001365,True
6,flat,temperate,medium,0.2334730189557093,Pizza,0,100000,5,0.009919042000547051,0.14784604200394824,0.16743663332455225,0.7171562438926427,0.006699211270016078,0.008942981276813864,0.392688972055705,1214.62205588859,100.00000000000011,20.00000000000032,6.3778640421271,True
6,flat,temperate,medium,0.2334730189557093,GreedySeeded,0,100000,5,0.04212212498532608,0.08232833299553022,0.1501451716429676,0.6430943169131277,0.007581913303978826,0.011104786010545117,0.379618898348967,1240.762203302066,100.00000000000047,20.000000000000394,4.975391524441159,True
6,flat,temperate,medium,0.2334730189557093,GreedySeeded,1,100000,5,0.03292920801322907,0.07949649996589869,0.15057389569974533,0.6449306064282733,0.007729110325027741,0.010676324815387595,0.36931445401436475,1261.3710919712707,99.99999999999983,20.0000000000003,5.071589970820785,True
6,flat,temperate,medium,0.2334730189557093,GreedySeeded,2,100000,5,0.028937916038557887,0.07696991699049249,0.15624387603894796,0.6692159836618552,0.007552311262506004,0.0107566654541629,0.37398033194671226,1252.0393361065755,99.99999999999979,20.00000000000023,5.196327614433577,True
6,flat,temperate,medium,0.2334730189557093,GreedySeeded,3,100000,5,0.03319291601656005,0.11066654202295467,0.11311596233103302,0.4844926528854777,0.007611451079772927,0.010565034925824198,0.3209569647778044,1358.0860704443912,100.00000000000014,20.000000000000153,4.196967200126461,True
6,flat,temperate,medium,0.2334730189557093,GreedySeeded,4,100000,5,0.02751779102254659,0.09331033297348768,0.15187540052032006,0.6505051470171437,0.007584459697659833,0.010908907885471976,0.38487418127937434,1230.2516374412514,100.00000000000003,20.000000000000153,5.0068036654612635,True
6,flat,temperate,medium,0.2334730189557093,RandomWalkSeeded,0,100000,5,0.012004999967757612,0.3175770420348272,0.037347406102641624,0.15996454866472842,0.006915352368616036,0.002557321672755881,0.08499256411700794,1830.0148717659838,99.99999999999989,20.00000000000028,1.2240523430609012,True
6,flat,temperate,medium,0.2334730189557093,RandomWalkSeeded,1,100000,5,0.016138958977535367,0.26130741694942117,0.051531393230419074,0.22071669549188797,0.0046353297918300404,0.0034356449023637604,0.12239400196300425,1755.211996073991,99.99999999999972,20.00000000000009,1.6753143552147367,True
6,flat,temperate,medium,0.2334730189557093,RandomWalkSeeded,2,100000,5,0.011704957985784858,0.28607879200717434,0.044678769625862466,0.1913658795594629,0.006189185747943725,0.0032828884533469293,0.10882752628031359,1782.3449474393728,99.99999999999928,20.000000000000014,1.3371486020233918,True
6,flat,temperate,medium,0.2334730189557093,RandomWalkSeeded,3,100000,5,0.011769166972953826,0.29811854200670496,0.04459291843406863,0.19099816601304184,0.006045526587100495,0.0032234350896491216,0.10598347747876083,1788.0330450424783,99.99999999999967,20.000000000000043,1.4007473978402645,True
6,flat,temperate,medium,0.2334730189557093,RandomWalkSeeded,4,100000,5,0.012807582970708609,0.279099750041496,0.04653726424567749,0.19932609109965627,0.0060004584182362635,0.003713562577912061,0.11317987526978461,1773.6402494604304,99.99999999999974,20.000000000000295,1.5197518975759758,True
7,flat,temperate,medium,0.22652654158131885,Spiral,0,100000,5,0.0301677500247024,0.12646287499228492,0.15021006473455556,0.6631013906184274,0.00443207959218059,0.007092875839072135,0.33321522523759095,1333.569549524818,99.99999999999972,20.000000000000103,6.641881290759613,True
7,flat,temperate,medium,0.22652654158131885,Concentric,0,100000,5,0.0332065419643186,0.16494258301099762,0.14824872914768672,0.6544430869460308,0.004491842197494282,0.007178548148232821,0.3286337166921094,1342.7325666157813,100.00000000000003,20.00000000000014,6.609348901400133,True
7,flat,temperate,medium,0.22652654158131885,Pizza,0,100000,5,0.013269749993924052,0.14948395802639425,0.1623384658399411,0.7166421413875009,0.005929207092678871,0.00827773725588584,0.3918351515831321,1216.3296968337356,100.00000000000021,20.00000000000032,6.377864042127092,True
7,flat,temperate,medium,0.22652654158131885,GreedySeeded,0,100000,5,0.02756412496091798,0.0887889580335468,0.13361721152605213,0.5898523439827735,0.00858094386818964,0.012113792584876562,0.3632862284202729,1273.427543159454,99.99999999999977,20.000000000000153,4.762921770005566,True
7,flat,temperate,medium,0.22652654158131885,GreedySeeded,1,100000,5,0.03092795895645395,0.0906874579959549,0.13072722659692687,0.5770945236013247,0.008577286955402162,0.012028947875632752,0.35155074757567295,1296.898504848654,100.00000000000026,20.00000000000041,4.530759750512879,True
7,flat,temperate,medium,0.22652654158131885,GreedySeeded,2,100000,5,0.030945749953389168,0.12242020800476894,0.12465866422353894,0.5503048929866294,0.008569083898018583,0.01206616577137584,0.3514663391818848,1297.0673216362306,100.00000000000027,20.000000000000323,4.347880252401218,True
7,flat,temperate,medium,0.22652654158131885,GreedySeeded,3,100000,5,0.02675120800267905,0.11149616702459753,0.12851323938719125,0.5673208909211082,0.008575968988059339,0.012060790500501337,0.3523022987948888,1295.3954024102227,99.99999999999953,20.00000000000025,4.421819757673929,True
7,flat,temperate,medium,0.22652654158131885,GreedySeeded,4,100000,5,0.03215787501540035,0.08659854100551456,0.14589168512265646,0.6440379308500768,0.008577624064846474,0.012078939887460676,0.3767368598906092,1246.5262802187817,100.00000000000007,20.000000000000277,4.923853044021664,True
7,flat,temperate,medium,0.22652654158131885,RandomWalkSeeded,0,100000,5,0.011631540954113007,0.3101390840020031,0.03520314478396178,0.15540406231525195,0.005927179676606798,0.0022420134902503184,0.08055906649257556,1838.881867014849,99.99999999999989,20.00000000000028,1.2240523477080647,True
7,flat,temperate,medium,0.22652654158131885,RandomWalkSeeded,1,100000,5,0.012279207992833108,0.2713952919584699,0.05031696215004292,0.2221239144816947,0.004027252341374616,0.0030577397238835896,0.12075942360114567,1758.4811527977085,99.99999999999972,20.00000000000009,1.6753143553137202,True
7,flat,temperate,medium,0.22652654158131885,RandomWalkSeeded,2,100000,5,0.012167624954599887,0.27986570802750066,0.04395519464132447,0.19403993163222935,0.005188154644417142,0.0029096001112572612,0.10768412526589453,1784.631749468211,99.99999999999928,20.000000000000014,1.3371486025709831,True
7,flat,temperate,medium,0.22652654158131885,RandomWalkSeeded,3,100000,5,0.012042832968290895,0.29245124995941296,0.04381420314052026,0.1934175255343832,0.005090495833594277,0.0028349384427120076,0.10432089556505796,1791.358208869884,99.99999999999967,20.000000000000043,1.4007473981289449,True
7,flat,temperate,medium,0.22652654158131885,RandomWalkSeeded,4,100000,5,0.012159375008195639,0.27999670803546906,0.04508348329375382,0.19902075482651413,0.005354865057236874,0.0033734791220828455,0.1140686919217768,1771.8626161564466,99.99999999999974,20.000000000000295,1.5197518985710972,True
8,flat,temperate,medium,0.2067302436640888,Spiral,0,100000,5,0.029763708007521927,0.1274659589980729,0.1352048541905401,0.6540158410988541,0.00539103334507703,0.007286700249379672,0.32700242362567583,1345.9951527486485,99.99999999999967,20.000000000000096,6.641881290759646,True
8,flat,temperate,medium,0.2067302436640888,Concentric,0,100000,5,0.03403649997198954,0.16191712499130517,0.13194433716086645,0.6382439976961464,0.005197092674884493,0.00695126802613312,0.3202484225412892,1359.5031549174216,100.00000000000003,20.000000000000135,6.6093489014001365,True
8,flat,temperate,medium,0.2067302436640888,Pizza,0,100000,5,0.010292291000951082,0.14941679197363555,0.14574699065146587,0.7050104912965072,0.004129508730423093,0.006189123143313513,0.3592043748972756,1281.5912502054491,100.00000000000011,20.00000000000032,6.3778640421271,True
8,flat,temperate,medium,0.2067302436640888,GreedySeeded,0,100000,5,0.033437457983382046,0.058639958035200834,0.15352215181525952,0.7426206688205433,0.00795217731243729,0.011854863370026527,0.422466298379712,1155.0674032405761,99.99999999999984,20.0000000000003,5.57648117827961,True
8,flat,temperate,medium,0.2067302436640888,GreedySeeded,1,100000,5,0.029734666051808745,0.04978908400516957,0.15788348200088498,0.7637173893986514,0.007977477721101814,0.012095731131329696,0.4457810039915418,1108.4379920169163,100.00000000000009,20.000000000000426,5.937582267322451,True
8,flat,temperate,medium,0.2067302436640888,GreedySeeded,2,100000,5,0.031775458017364144,0.06604354101000354,0.14049475504437703,0.679604263770248,0.007951487213269107,0.01171357332732446,0.40453226799252506,1190.93546401495,99.99999999999966,20.000000000000124,5.299343944912729,True
8,flat,temperate,medium,0.2067302436640888,GreedySeeded,3,100000,5,0.03289916698122397,0.0811587919597514,0.14439245430595582,0.6984582988281859,0.007979495419205371,0.012153877179913845,0.42341217487439603,1153.175650251208,99.99999999999982,20.000000000000224,5.269592237111776,True
8,flat,temperate,medium,0.2067302436640888,GreedySeeded,4,100000,5,0.029385582951363176,0.061969125003088266,0.14512778909217677,0.7020152761392356,0.007972805854610581,0.011997077670373406,0.39866058227947077,1202.6788354410585,99.99999999999955,20.00000000000028,5.567574338456461,True
8,flat,temperate,medium,0.2067302436640888,RandomWalkSeeded,0,100000,5,0.0115424589603208,0.311244250042364,0.03225688055776846,0.15603367937872661,0.006788310754809234,0.0028100532790159994,0.08231596225610108,1835.368075487798,99.99999999999989,20.00000000000028,1.224052340611403,True
8,flat,temperate,medium,0.2067302436640888,RandomWalkSeeded,1,100000,5,0.015097249997779727,0.27094262500759214,0.04251640299420744,0.2056612629127036,0.005860490686514556,0.003498069278406284,0.11472542191794562,1770.5491561641088,99.99999999999972,20.00000000000009,1.6753143507696835,True
8,flat,temperate,medium,0.2067302436640888,RandomWalkSeeded,2,100000,5,0.012310750025790185,0.2809889580239542,0.029776789316531767,0.1440369284569479,0.0071783553871902685,0.002611326550647306,0.08238827141910646,1835.223457161787,99.99999999999928,20.000000000000014,1.337148600806788,True
8,flat,temperate,medium,0.2067302436640888,RandomWalkSeeded,3,100000,5,0.012170417001470923,0.29181479202816263,0.03541294511857902,0.17130026304288937,0.0075172017610447535,0.0033303551674121108,0.09459971285374734,1810.8005742925052,99.99999999999967,20.000000000000043,1.400747393545201,True
8,flat,temperate,medium,0.2067302436640888,RandomWalkSeeded,4,100000,5,0.011900749988853931,0.27671845798613504,0.03767189245949772,0.1822272919133686,0.0038071416374440077,0.0029554681615898593,0.10455970275393832,1790.8805944921235,99.99999999999974,20.000000000000295,1.5197518905379228,True
9,flat,temperate,medium,0.2335671898734615,Spiral,0,100000,5,0.029802000033669174,0.12512700003571808,0.1549416448627067,0.663370762591478,0.004182046756038188,0.006944592655154775,0.33436606348449943,1331.2678730310013,100.0,20.00000000000014,6.6418812907597555,True
9,flat,temperate,medium,0.2335671898734615,Concentric,0,100000,5,0.03281766700092703,0.16499391698744148,0.15401061977159247,0.6593846501087333,0.004282407980723102,0.007861755257457866,0.33234539777270306,1335.3092044545938,99.99999999999989,20.00000000000023,6.609348823712974,True
9,flat,temperate,medium,0.2335671898734615,Pizza,0,100000,5,0.011666000005789101,0.14715350000187755,0.16909816856994178,0.723980832502858,0.00561452049500646,0.007856639742464552,0.3870916078792208,1225.8167842415585,99.99999999999935,20.00000000000012,6.377864042127233,True
9,flat,temperate,medium,0.2335671898734615,GreedySeeded,0,100000,5,0.03286966698942706,0.051598666002973914,0.1604619653317404,0.6870055910621395,0.006370552100716698,0.01116034403899761,0.39061585553086586,1218.7682889382681,99.99999999999942,19.999999999999975,5.560703767828154,True
9,flat,temperate,medium,0.2335671898734615,GreedySeeded,1,100000,5,0.03249454201431945,0.060169083008076996,0.15993794362773664,0.6847620323487447,0.006292872157714158,0.010952784796390221,0.39948159468120836,1201.0368106375834,100.00000000000009,20.000000000000327,5.553760799617816,True
9,flat,temperate,medium,0.2335671898734615,GreedySeeded,2,100000,5,0.028901792014949024,0.06807525001931936,0.15055949406309183,0.6446089202197435,0.0064624603772171505,0.010631849540392146,0.35377323645642983,1292.4535270871406,100.00000000000034,20.000000000000238,5.088798258902968,True
9,flat,temperate,medium,0.2335671898734615,GreedySeeded,3,100000,5,0.033869167033117265,0.0631381249986589,0.15965419713778722,0.6835471935261209,0.006361640349930199,0.01118918796220058,0.40480728776984193,1190.3854244603162,100.00000000000003,20.00000000000027,5.5569763402022305,True
9,flat,temperate,medium,0.2335671898734615,GreedySeeded,4,100000,5,0.0332439579651691,0.07968966703629121,0.14898540904724447,0.6378695960162878,0.006477202280255567,0.011166831304928048,0.3741750056237921,1251.649988752416,100.00000000000077,20.000000000000426,5.093430981743256,True
9,flat,temperate,medium,0.2335671898734615,RandomWalkSeeded,0,100000,5,0.011791499971877784,0.30538516701199114,0.03351476340963261,0.14349088768756318,0.005705413723368437,0.002160416839637314,0.0743233599122414,1851.3532801755177,99.99999999999991,20.00000000000028,1.2240523384963382,True
9,flat,temperate,medium,0.2335671898734615,RandomWalkSeeded,1,100000,5,0.012434042000677437,0.27115083299577236,0.05104732128790024,0.2185551888326262,0.0038102697487739593,0.002883854659676887,0.11692985974743123,1766.140280505138,99.99999999999966,20.00000000000009,1.6753143480050818,True
9,flat,temperate,medium,0.2335671898734615,RandomWalkSeeded,2,100000,5,0.01271487504709512,0.27909979096148163,0.04111725517074494,0.17604037276391782,0.005089660381985364,0.0028988805418568566,0.09619540501983849,1807.609189960323,99.99999999999929,20.000000000000018,1.3371485988863665,True
9,flat,temperate,medium,0.2335671898734615,RandomWalkSeeded,3,100000,5,0.012022625014651567,0.292671250004787,0.0421390834433921,0.18041525210035525,0.004978837553831491,0.0027163635334386707,0.09731117482017851,1805.3776503596432,99.99999999999955,20.000000000000036,1.4007473912600916,True
9,flat,temperate,medium,0.2335671898734615,RandomWalkSeeded,4,100000,5,0.011903541977517307,0.27901616698363796,0.04341364701547522,0.18587219822696505,0.004942035287050001,0.003192050138986242,0.10195901411988058,1796.081971760239,99.99999999999974,20.000000000000252,1.519751888687301,True
10,flat,temperate,medium,0.18841751778816895,Spiral,0,100000,5,0.02959654195001349,0.12642699998104945,0.11335931322648479,0.6016389269809328,0.001599853764361255,0.002537161363835508,0.28790759476241934,1424.1848104751616,100.00000000000004,20.00000000000014,6.641881290759809,True
10,flat,temperate,medium,0.18841751778816895,Concentric,0,100000,5,0.036413124995306134,0.16155004198662937,0.12705027467864943,0.6743018174217086,0.0014913643292638046,0.00903274813231303,0.3357368516270314,1328.526296745937,99.99999999999989,20.00000000000023,6.60934882371298,True
10,flat,temperate,medium,0.18841751778816895,Pizza,0,100000,5,0.01040954195195809,0.14727775001665577,0.15068616804859641,0.7997460629855419,0.005230232195192353,0.005764731609967805,0.46416169142033376,1071.6766171593326,99.9999999999993,20.00000000000012,6.377864042127231,True
10,flat,temperate,medium,0.18841751778816895,GreedySeeded,0,100000,5,0.02539045800222084,0.1707713749492541,0.14368579955093103,0.7625925722706517,0.005212339687633002,0.00955495330981728,0.5023280759636738,995.3438480726525,99.99999999999962,20.000000000000014,3.1045027992902336,True
10,flat,temperate,medium,0.18841751778816895,GreedySeeded,1,100000,5,0.025299458007793874,0.177862707991153,0.1372716501726187,0.728550358714248,0.0011906255387931384,0.010218289653451576,0.5107040802761602,978.5918394476797,100.00000000000011,20.000000000000426,3.0090188338357033,True
10,flat,temperate,medium,0.18841751778816895,GreedySeeded,2,100000,5,0.02869683300377801,0.17431033303728327,0.14165975109413362,0.7518395994017743,0.0030791078381645584,0.010807700817799403,0.5058463029972787,988.3073940054426,100.00000000000033,20.00000000000026,3.077305102415148,True
10,flat,temperate,medium,0.18841751778816895,GreedySeeded,3,100000,5,0.026427541975863278,0.155425125034526,0.1541669048849136,0.8182195938821247,0.0022807800902930595,0.012928115895957552,0.5648909992079946,870.218001584011,99.99999999999994,20.000000000000135,3.4071782470199823,True
10,flat,temperate,medium,0.18841751778816895,GreedySeeded,4,100000,5,0.028734249994158745,0.20304483297513798,0.1399079508925964,0.7425421613392119,0.009508755082757815,0.013362334226553408,0.5340452752302229,931.9094495395542,99.99999999999979,20.000000000000146,2.9239574563644872,True
10,flat,temperate,medium,0.18841751778816895,RandomWalkSeeded,0,100000,5,0.012159208010416478,0.3145150830387138,0.03460802911717267,0.18367734339904232,0.0021487579511960016,0.0009435051562806606,0.07918670704699746,1841.6265859060047,99.99999999999991,20.00000000000028,1.2240523516516029,True
10,flat,temperate,medium,0.18841751778816895,RandomWalkSeeded,1,100000,5,0.012447666958905756,0.25915433396585286,0.049868274630203005,0.2646689926478498,0.0011159391992603131,0.0011734358551737916,0.1236814852980989,1752.637029403802,99.99999999999966,20.00000000000009,1.6753143625676181,True
10,flat,temperate,medium,0.18841751778816895,RandomWalkSeeded,2,100000,5,0.011744833027478307,0.2789971249876544,0.04199421839639726,0.22287852472194147,0.0007006667107234287,0.0023371580274001275,0.10350402543524975,1792.9919491295004,99.99999999999929,20.000000000000018,1.3371486068674732,True
10,flat,temperate,medium,0.18841751778816895,RandomWalkSeeded,3,100000,5,0.012971417047083378,0.29471866600215435,0.028568392049735318,0.1516228023015022,0.0021974841954311096,0.0007121808842582822,0.063237882046118,1873.5242359077643,99.99999999999955,20.000000000000036,1.400747404507154,True
10,flat,temperate,medium,0.18841751778816895,RandomWalkSeeded,4,100000,5,0.012058749969583005,0.27159070799825713,0.039872536319691454,0.2116179895996651,0.002194544430049741,0.0028270218076885565,0.11981220353189406,1760.375592936212,99.99999999999974,20.000000000000252,1.5197519039482668,True
11,flat,temperate,medium,0.30948062636564366,Spiral,0,100000,5,0.029903791029937565,0.12638087500818074,0.20722278963584267,0.6695824293408729,0.00742912562593013,0.010164616493636154,0.33823124034831936,1323.5375193033617,100.00000000000004,20.00000000000014,6.641881290759809,True
11,flat,temperate,medium,0.30948062636564366,Concentric,0,100000,5,0.03878466703463346,0.15612658398458734,0.20451479975747683,0.6608323181944439,0.007620237979990001,0.010307148315720676,0.3353606874752761,1329.278625049448,99.99999999999989,20.00000000000023,6.60934882371298,True
11,flat,temperate,medium,0.30948062636564366,Pizza,0,100000,5,0.01083120796829462,0.1471035829745233,0.2230872971817427,0.7208441439502924,0.009885313353657197,0.012687401480148713,0.4022136185180824,1195.5727629638352,99.9999999999993,20.00000000000012,6.377864042127231,True
11,flat,temperate,medium,0.30948062636564366,GreedySeeded,0,100000,5,0.03231058397796005,0.055807291995733976,0.21236314718368307,0.6861920556305883,0.012631798529408081,0.016665861320637968,0.39731949432569896,1205.3610113486022,99.99999999999989,20.000000000000032,5.596292850636077,True
11,flat,temperate,medium,0.30948062636564366,GreedySeeded,1,100000,5,0.03245875000720844,0.0954961670213379,0.18833381062370919,0.608547981937963,0.012632692324758464,0.01646576576968786,0.35490489300899764,1290.1902139820047,99.99999999999991,20.00000000000031,4.831819416913625,True
11,flat,temperate,medium,0.30948062636564366,GreedySeeded,2,100000,5,0.028985208016820252,0.07814991701161489,0.2007585458824886,0.6486950354213687,0.01251114364210706,0.016895266686093376,0.3889693157354903,1222.0613685290195,100.00000000000011,20.000000000000412,5.08248668379701,True
11,flat,temperate,medium,0.30948062636564366,GreedySeeded,3,100000,5,0.031351457990240306,0.10577929101418704,0.18061169656771148,0.5835961322965763,0.012630228105113724,0.016682462950302422,0.3691783330133209,1261.6433339733583,100.00000000000028,20.000000000000313,4.528871483192871,True
11,flat,temperate,medium,0.30948062636564366,GreedySeeded,4,100000,5,0.027189958025701344,0.1349423750070855,0.17279275300875568,0.5583314052253641,0.012632582508327637,0.016666528533329318,0.3656622843028063,1268.6754313943875,100.00000000000064,20.00000000000032,4.449654455673889,True
11,flat,temperate,medium,0.30948062636564366,RandomWalkSeeded,0,100000,5,0.011688166996464133,0.3071189590264112,0.05309825929890531,0.1715721592089937,0.007854433990367697,0.003426881448673639,0.09055824785632026,1818.8835042873593,99.99999999999991,20.00000000000028,1.2240523501597147,True
11,flat,temperate,medium,0.30948062636564366,RandomWalkSeeded,1,100000,5,0.0176461249939166,0.2573382499977015,0.07028441908514213,0.22710442301516748,0.007406038740918147,0.004708830501368833,0.12642701363825765,1747.1459727234846,99.99999999999966,20.00000000000009,1.6753143597524038,True
11,flat,temperate,medium,0.30948062636564366,RandomWalkSeeded,2,100000,5,0.012251665990334004,0.2796563750016503,0.06198458211171283,0.20028582350896365,0.007681145953559162,0.004566604383908945,0.11528302243480495,1769.4339551303904,99.99999999999929,20.000000000000018,1.3371486065372278,True
11,flat,temperate,medium,0.30948062636564366,RandomWalkSeeded,3,100000,5,0.012048750009853393,0.2914219590020366,0.05935728555938728,0.19179645025423378,0.007016348914758915,0.004531338493803955,0.1076275011729853,1784.7449976540295,99.99999999999955,20.000000000000036,1.4007474021308641,True
11,flat,temperate,medium,0.30948062636564366,RandomWalkSeeded,4,100000,5,0.012483874976169318,0.2749615829670802,0.06519159578318662,0.21064839033304905,0.008638949757176448,0.005632832669855388,0.12206278273535577,1755.8744345292885,99.99999999999974,20.000000000000252,1.519751899761801,True
12,flat,temperate,medium,0.3153203037748365,Spiral,0,100000,5,0.027747832995373756,0.1355622920091264,0.21103851701654275,0.6692829941177554,0.0066656696323382225,0.00983191687664453,0.3358100756938548,1328.3798486122903,100.00000000000004,20.00000000000014,6.641881290759809,True
12,flat,temperate,medium,0.3153203037748365,Concentric,0,100000,5,0.03666133398655802,0.15448604203993455,0.2087045939288072,0.6618812408535503,0.006645131184132733,0.010155129043137407,0.33266202660698857,1334.675946786023,99.99999999999989,20.00000000000023,6.60934882371298,True
12,flat,temperate,medium,0.3153203037748365,Pizza,0,100000,5,0.010212833003606647,0.14589158300077543,0.2281865382826373,0.7236658583380677,0.008239557910524603,0.011899162056784294,0.3958849538243988,1208.2300923512025,99.9999999999993,20.00000000000012,6.377864042127231,True
12,flat,temperate,medium,0.3153203037748365,GreedySeeded,0,100000,5,0.03209445899119601,0.07955625001341105,0.1974732371244553,0.6262623584983817,0.009848443138996207,0.015186686701214383,0.3572626550220173,1285.4746899559655,100.00000000000075,20.000000000000323,4.934985129435718,True
12,flat,temperate,medium,0.3153203037748365,GreedySeeded,1,100000,5,0.027346415969077498,0.09277008299250156,0.1880799449706413,0.5964726746709758,0.009648943188769347,0.015362891949738732,0.3562030050646503,1287.5939898706995,100.00000000000021,20.000000000000327,4.629684918341179,True
12,flat,temperate,medium,0.3153203037748365,GreedySeeded,2,100000,5,0.03266695799538866,0.07255908299703151,0.20818377975245192,0.6602295420250246,0.010072735209061212,0.015037709666095325,0.3773389283941489,1245.322143211702,100.00000000000057,20.000000000000252,5.287129031914186,True
12,flat,temperate,medium,0.3153203037748365,GreedySeeded,3,100000,5,0.03334504197118804,0.06741249997867271,0.21147170881755425,0.6706568092378906,0.010195259749180625,0.015004981780666312,0.3898143309449014,1220.3713381101973,100.00000000000033,20.000000000000295,5.399714701270684,True
12,flat,temperate,medium,0.3153203037748365,GreedySeeded,4,100000,5,0.02906908403383568,0.07349066704045981,0.2106131493424819,0.6679339922648186,0.009765495839847524,0.015473818341689413,0.3817622424031025,1236.475515193795,99.99999999999979,20.000000000000092,5.34936081831708,True
12,flat,temperate,medium,0.3153203037748365,RandomWalkSeeded,0,100000,5,0.011689416016452014,0.32973908400163054,0.050111410838774365,0.15892224585245185,0.00819309394821866,0.0033070696056345175,0.08341217227538278,1833.1756554492345,99.99999999999991,20.00000000000028,1.2240523601079023,True
12,flat,temperate,medium,0.3153203037748365,RandomWalkSeeded,1,100000,5,0.012114792014472187,0.25855395902181044,0.06980110610241434,0.22136572008460903,0.006185572255247224,0.00449431483528277,0.12226799561173808,1755.4640087765238,99.99999999999966,20.00000000000009,1.675314375814981,True
12,flat,temperate,medium,0.3153203037748365,RandomWalkSeeded,2,100000,5,0.012305666983593255,0.2814063329715282,0.060505390455728475,0.19188548828411026,0.007273775568427857,0.004319955688865885,0.10805833553427849,1783.883328931443,99.99999999999929,20.000000000000018,1.337148615512909,True
12,flat,temperate,medium,0.3153203037748365,RandomWalkSeeded,3,100000,5,0.012122667045332491,0.2946502080303617,0.06043353949497359,0.19165762169926073,0.0072264333851548975,0.00423701463021253,0.10539130402184335,1789.2173919563133,99.99999999999955,20.000000000000036,1.4007474147985073,True
12,flat,temperate,medium,0.3153203037748365,RandomWalkSeeded,4,100000,5,0.013139042013790458,0.27670379204209894,0.06357619309194058,0.20162416543065043,0.0073316120356610864,0.004805208414627319,0.11480020173617493,1770.3995965276504,99.99999999999974,20.000000000000252,1.5197519156576718,True
13,flat,temperate,medium,0.32939671206231746,Spiral,0,100000,5,0.03036775003420189,0.12731516698841006,0.21927791799585708,0.6656955275084003,0.007090105721778799,0.010438098445042954,0.335298655451835,1329.40268909633,99.99999999999967,20.000000000000096,6.641881290759646,True
13,flat,temperate,medium,0.32939671206231746,Concentric,0,100000,5,0.03363704198272899,0.15169358300045133,0.21676167308944588,0.6580565778338354,0.007233635242000302,0.0107286821882621,0.3323134506959501,1335.3730986080998,100.00000000000003,20.000000000000135,6.6093489014001365,True
13,flat,temperate,medium,0.32939671206231746,Pizza,0,100000,5,0.010149875015486032,0.1450361249735579,0.23568348559326882,0.7155004192897975,0.0092793318123198,0.01252868993663454,0.3906766496443707,1218.6467007112587,100.00000000000011,20.00000000000032,6.3778640421271,True
13,flat,temperate,medium,0.32939671206231746,GreedySeeded,0,100000,5,0.03130887501174584,0.09820858296006918,0.18763405944684497,0.5696294242650094,0.010807436224003038,0.015837360451398316,0.33613608149027135,1327.7278370194574,100.00000000000061,20.000000000000306,4.355577967639053,True
13,flat,temperate,medium,0.32939671206231746,GreedySeeded,1,100000,5,0.02735854097409174,0.1215643750037998,0.18131299298250972,0.5504395956089803,0.010558853333455532,0.014661704724888997,0.30140973576557706,1397.1805284688462,99.99999999999976,20.000000000000046,4.229954077231461,True
13,flat,temperate,medium,0.32939671206231746,GreedySeeded,2,100000,5,0.030621541023720056,0.1461049999925308,0.1454889278266254,0.4416829995531371,0.01055874464195924,0.015350826975513066,0.29017123629474534,1419.6575274105096,99.9999999999999,20.000000000000224,3.4805817650534316,True
13,flat,temperate,medium,0.32939671206231746,GreedySeeded,3,100000,5,0.04116424999665469,0.1150038749910891,0.19012107380159476,0.5771796342813112,0.010707573331900864,0.014939354142878773,0.3280344107621569,1343.9311784756862,99.99999999999952,20.000000000000057,4.459884333133632,True
13,flat,temperate,medium,0.32939671206231746,GreedySeeded,4,100000,5,0.03226529201492667,0.08049725001910701,0.20003483737080646,0.6072763632593957,0.01068364441649993,0.015566823321517008,0.3518124303703365,1296.375139259327,99.99999999999949,20.00000000000032,4.951226384237622,True
13,flat,temperate,medium,0.32939671206231746,RandomWalkSeeded,0,100000,5,0.011552500014659017,0.31282049999572337,0.05262141097981031,0.15975086894569562,0.009864298459805833,0.003630046291800708,0.08552433744124047,1828.951325117519,99.99999999999989,20.00000000000028,1.224052347278225,True
13,flat,temperate,medium,0.32939671206231746,RandomWalkSeeded,1,100000,5,0.01231499999994412,0.2620141670340672,0.07093939589980854,0.21536157861341296,0.006609518408642952,0.0047570546052050485,0.11960630909126704,1760.787381817466,99.99999999999972,20.00000000000009,1.6753143641660588,True
13,flat,temperate,medium,0.32939671206231746,RandomWalkSeeded,2,100000,5,0.012064750015269965,0.27906391699798405,0.06269025783594268,0.19031840798727376,0.008807804254930107,0.0046884808052134585,0.10883832843288732,1782.323343134225,99.99999999999928,20.000000000000014,1.337148606757548,True
13,flat,temperate,medium,0.32939671206231746,RandomWalkSeeded,3,100000,5,0.012280583032406867,0.3073372090002522,0.06215745739882063,0.18870090417618154,0.008684319906076762,0.004594889680758838,0.10510674979179445,1789.7865004164112,99.99999999999967,20.000000000000043,1.4007474019841288,True
13,flat,temperate,medium,0.32939671206231746,RandomWalkSeeded,4,100000,5,0.015340082987677306,0.2782604170497507,0.06419389089984275,0.19488321695117017,0.008607330914517482,0.005232962000955129,0.11140791583743244,1777.184168325135,99.99999999999974,20.000000000000295,1.5197519030069908,True
14,flat,temperate,medium,0.297552581954578,Spiral,0,100000,5,0.030448917008470744,0.12390249996678904,0.20544439111931426,0.6904473480612436,0.00886251108762919,0.012069633546829103,0.35773709327307435,1284.5258134538515,99.99999999999972,20.000000000000103,6.641881290759613,True
14,flat,temperate,medium,0.297552581954578,Concentric,0,100000,5,0.03270120796514675,0.1498932089889422,0.20261607428619338,0.6809420807416254,0.009096870339235485,0.009252642958367295,0.354722591393767,1290.554817212466,100.00000000000003,20.00000000000014,6.609348901400133,True
14,flat,temperate,medium,0.297552581954578,Pizza,0,100000,5,0.00996266701258719,0.1437174589955248,0.22013521359814547,0.7398195376162104,0.011247014747378624,0.015027190289496839,0.422183207747741,1155.6335845045182,100.00000000000021,20.00000000000032,6.377864042127092,True
14,flat,temperate,medium,0.297552581954578,GreedySeeded,0,100000,5,0.029199749988038093,0.10224133403971791,0.21447840701609952,0.720808421850092,0.012610287780611244,0.019973161551670275,0.466549499593108,1066.9010008137843,100.00000000000034,20.00000000000028,4.509894221467965,True
14,flat,temperate,medium,0.297552581954578,GreedySeeded,1,100000,5,0.026982415991369635,0.15149712498532608,0.19448245734300135,0.6536070232208218,0.012714534573902564,0.018909939458474804,0.3937999741763388,1212.4000516473227,99.99999999999972,20.000000000000135,3.8496265036653745,True
14,flat,temperate,medium,0.297552581954578,GreedySeeded,2,100000,5,0.02795200003311038,0.11399308301042765,0.21517184457012545,0.723138892483117,0.012589668985613018,0.019238570047223246,0.43818045571909653,1123.6390885618073,100.00000000000063,20.00000000000024,4.342462778941803,True
14,flat,temperate,medium,0.297552581954578,GreedySeeded,3,100000,5,0.03982449998147786,0.11861062503885478,0.2104007108727181,0.7071043023408756,0.012628194801156156,0.01976868085248773,0.42419985370816,1151.6002925836804,99.99999999999972,20.000000000000277,4.283056367552699,True
14,flat,temperate,medium,0.297552581954578,GreedySeeded,4,100000,5,0.025675749988295138,0.14410729199880734,0.18079215814249336,0.6075973428121408,0.012659451993411354,0.019307047669938085,0.41598587672512044,1168.0282465497592,99.99999999999957,20.000000000000203,3.7839686874000913,True
14,flat,temperate,medium,0.297552581954578,RandomWalkSeeded,0,100000,5,0.011728208977729082,0.31241554202279076,0.05867112908935688,0.19717902867437778,0.011942360957246274,0.0044620469524548675,0.10707060759393744,1785.8587848121254,99.99999999999989,20.00000000000028,1.2240523405200856,True
14,flat,temperate,medium,0.297552581954578,RandomWalkSeeded,1,100000,5,0.012103917018976063,0.2595952919800766,0.07546628083950124,0.2536233439608376,0.008693648842320477,0.00571931435124543,0.1437357184651901,1712.5285630696198,99.99999999999972,20.00000000000009,1.6753143491848532,True
14,flat,temperate,medium,0.297552581954578,RandomWalkSeeded,2,100000,5,0.015444666962139308,0.27783350000390783,0.07165282638068166,0.24080727483527467,0.010808215855074667,0.005492624356230592,0.14160230841660473,1716.7953831667905,99.99999999999928,20.000000000000014,1.3371485987467908,True
14,flat,temperate,medium,0.297552581954578,RandomWalkSeeded,3,100000,5,0.023305416980292648,0.2890857090242207,0.06233776457691188,0.2095016758632189,0.00986191658131373,0.005531956568321228,0.1252281246848247,1749.5437506303508,99.99999999999967,20.000000000000043,1.4007473921434261,True
14,flat,temperate,medium,0.297552581954578,RandomWalkSeeded,4,100000,5,0.012295208987779915,0.27623012504773214,0.059194946602940994,0.1989394486651681,0.009475862134229686,0.006398890125782387,0.1218444576184533,1756.3110847630935,99.99999999999974,20.000000000000295,1.5197518922222808,True
15,flat,temperate,medium,0.3320806324201912,Spiral,0,100000,5,0.03296041704015806,0.12323675001971424,0.22782488709672463,0.6860529186431181,0.009129178667150536,0.009268379623958527,0.33940308553455534,1321.1938289308894,99.99999999999967,20.000000000000096,6.641881290759646,True
15,flat,temperate,medium,0.3320806324201912,Concentric,0,100000,5,0.03234350000275299,0.14925504196435213,0.2290421742915951,0.6897185560697844,0.008821690112060045,0.012892989947200003,0.34987232274521496,1300.2553545095702,100.00000000000003,20.000000000000135,6.6093489014001365,True
15,flat,temperate,medium,0.3320806324201912,Pizza,0,100000,5,0.010506249964237213,0.14365250000264496,0.25771445903113616,0.7760598898915689,0.008543793777298202,0.017951235885580067,0.4700414374992379,1059.9171250015245,100.00000000000011,20.00000000000032,6.3778640421271,True
15,flat,temperate,medium,0.3320806324201912,GreedySeeded,0,100000,5,0.030383999983314425,0.11320108297513798,0.24299680970842025,0.7317403846694359,0.018958411713966436,0.02792827798462371,0.46502795020150783,1069.9440995969844,100.00000000000041,20.000000000000302,4.282888472580139,True
15,flat,temperate,medium,0.3320806324201912,GreedySeeded,1,100000,5,0.027878790977410972,0.16632383404066786,0.19261092735010465,0.580012528723411,0.018144657019685918,0.027947753041193197,0.40352146783239123,1192.9570643352176,99.99999999999964,20.000000000000316,3.741990333183921,True
15,flat,temperate,medium,0.3320806324201912,GreedySeeded,2,100000,5,0.026627292041666806,0.13419866701588035,0.19965302213926112,0.6012185073372012,0.020414983770981807,0.027644145251946327,0.40406478546955854,1191.8704290608832,100.00000000000017,20.000000000000284,3.69369582940734,True
15,flat,temperate,medium,0.3320806324201912,GreedySeeded,3,100000,5,0.03254004201153293,0.10418370796833187,0.23412733286157553,0.7050315796957634,0.01835417230746675,0.02732530276007514,0.4183589997943091,1163.2820004113817,99.99999999999939,20.000000000000092,4.314686500300682,True
15,flat,temperate,medium,0.3320806324201912,GreedySeeded,4,100000,5,0.027233832981437445,0.12715637497603893,0.22487682441760032,0.6771753678578195,0.018429337229384425,0.028709809041575655,0.46289505813547854,1074.209883729043,100.00000000000011,20.000000000000107,4.015877001768806,True
15,flat,temperate,medium,0.3320806324201912,RandomWalkSeeded,0,100000,5,0.011936749971937388,0.31110795901622623,0.06097905989243719,0.183627269823067,0.008810267451192582,0.00434548227212567,0.09808004801802712,1803.8399039639457,99.99999999999989,20.00000000000028,1.2240523540179193,True
15,flat,temperate,medium,0.3320806324201912,RandomWalkSeeded,1,100000,5,0.012515209033153951,0.2565123340464197,0.09383515538463244,0.2825673834115689,0.008162505481815229,0.005295221429118763,0.15731158409065105,1685.3768318186976,99.99999999999972,20.00000000000009,1.6753143649396667,True
15,flat,temperate,medium,0.3320806324201912,RandomWalkSeeded,2,100000,5,0.015261291991919279,0.28952195902820677,0.08933453684151163,0.2690145950109914,0.008880909495956473,0.005670434585388474,0.15358665430809873,1692.8266913838027,99.99999999999928,20.000000000000014,1.3371486101290324,True
15,flat,temperate,medium,0.3320806324201912,RandomWalkSeeded,3,100000,5,0.012293416017200798,0.29410616698442027,0.07691364221739377,0.23161134588563637,0.009230377586064343,0.006723832004536208,0.1419461636819911,1716.1076726360182,99.99999999999967,20.000000000000043,1.4007474062775818,True
15,flat,temperate,medium,0.3320806324201912,RandomWalkSeeded,4,100000,5,0.01245912502054125,0.272827957989648,0.08121710054182016,0.24457042239986407,0.007940144258536718,0.0065060317401050465,0.14447601159352869,1711.0479768129426,99.99999999999974,20.000000000000295,1.5197519041663485,True
16,mountainous,temperate,medium,0.26452267249096983,Spiral,0,100000,5,0.08361095900181681,0.13797779200831428,0.05828226567264369,0.22032994421161878,8.678701294199763e-05,0.003135285574705266,0.10695812588112898,1786.0837482377424,100.00000000000028,20.000000000000238,6.64217446891363,True
16,mountainous,temperate,medium,0.26452267249096983,Concentric,0,100000,5,0.0900536670233123,0.12959908304037526,0.05691525116141222,0.21516209036242503,7.238307717802131e-05,0.001928048044953115,0.10299148743094474,1794.017025138111,100.0000000000006,20.00000000000032,6.6184379534745945,True
16,mountainous,temperate,medium,0.26452267249096983,Pizza,0,100000,5,0.02535887499107048,0.14542529202299193,0.06579522588012177,0.24873189606220938,0.0009384500347602732,0.0009932030907312123,0.10805619216143568,1783.887615677129,100.00000000000011,20.00000000000032,6.37786404212711,True
16,mountainous,temperate,medium,0.26452267249096983,GreedySeeded,0,100000,5,0.027628707990515977,0.1479811670142226,0.060093024313241414,0.22717532583258188,0.0019058315361256417,0.0008718941504167327,0.10879116390536701,1782.4176721892666,100.00000000000055,20.000000000000252,3.826005984565785,True
16,mountainous,temperate,medium,0.26452267249096983,GreedySeeded,1,100000,5,0.03266199998324737,0.12428358400939032,0.06753658946159345,0.25531493699807145,0.0008724042001264408,0.0014608018276323778,0.1267889939748879,1746.4220120502246,99.99999999999912,20.000000000000085,4.210945790049257,True
16,mountainous,temperate,medium,0.26452267249096983,GreedySeeded,2,100000,5,0.026824000000488013,0.17633533297339454,0.05717855516457944,0.2161574833118752,0.0023837360906422017,0.0014491679399863254,0.11427852214072051,1771.442955718559,99.99999999999996,20.000000000000238,3.4970105293129663,True
16,mountainous,temperate,medium,0.26452267249096983,GreedySeeded,3,100000,5,0.03178091603331268,0.1539174159988761,0.06092578404270054,0.23032348595669205,0.001659321087461189,0.0010739825304728222,0.1029190540486921,1794.1618919026157,100.00000000000011,20.000000000000195,3.699016765990401,True
16,mountainous,temperate,medium,0.26452267249096983,GreedySeeded,4,100000,5,0.02906224998878315,0.14167591597652063,0.06676172943553585,0.25238566058194856,0.001443052771282237,0.001517809017890088,0.12628145099617744,1747.4370980076455,99.99999999999996,20.000000000000167,3.7477233641633516,True
16,mountainous,temperate,medium,0.26452267249096983,RandomWalkSeeded,0,100000,5,0.01185145799536258,0.30582804197911173,0.012683534063826794,0.04794875972024583,0.0008227308577686011,0.00010072271221544764,0.016755751710382814,1966.4884965792346,100.00000000000021,20.00000000000042,1.2209591580965113,True
16,mountainous,temperate,medium,0.26452267249096983,RandomWalkSeeded,1,100000,5,0.01539570902241394,0.26508699997793883,0.013535638339867526,0.051170049857747445,8.156730967466246e-07,0.0003054755556365081,0.02271769931572504,1954.5646013685505,100.00000000000036,20.00000000000029,1.6717683224722866,True
16,mountainous,temperate,medium,0.26452267249096983,RandomWalkSeeded,2,100000,5,0.011913749971427023,0.2776409590151161,0.010539600924055342,0.039843847125864564,0.00018439066404690385,0.00021301333413318267,0.016516169377981824,1966.9676612440367,100.00000000000018,20.0000000000003,1.3356987147904067,True
16,mountainous,temperate,medium,0.26452267249096983,RandomWalkSeeded,3,100000,5,0.012112374999560416,0.29039687500335276,0.009905549079422895,0.037446881154435056,0.00021049525509399047,0.00011137863009242782,0.017467931005078086,1965.0641379898439,100.00000000000009,20.000000000000444,1.3976021333320243,True
16,mountainous,temperate,medium,0.26452267249096983,RandomWalkSeeded,4,100000,5,0.011953959008678794,0.2822200829978101,0.012160497141423154,0.04597147392663774,0.0009962967710388355,0.00046084103867622203,0.025206962187723978,1949.5860756245522,99.99999999999996,20.000000000000203,1.516136724021437,True
17,mountainous,temperate,medium,0.24639285814939357,Spiral,0,100000,5,0.08359391702106223,0.14094179100356996,0.0560967559371131,0.2276720046126514,0.001151478866893343,0.002515773617261725,0.11172439355551757,1776.5512128889652,100.00000000000047,20.000000000000306,6.642174468913895,True
17,mountainous,temperate,medium,0.24639285814939357,Concentric,0,100000,5,0.0885227500111796,0.13159887498477474,0.05547134825277098,0.2251337505048034,0.0011908631409663114,0.0025031793007752514,0.11040526526764162,1779.1894694647167,100.00000000000011,20.000000000000103,6.6184382192708195,True
17,mountainous,temperate,medium,0.24639285814939357,Pizza,0,100000,5,0.025315833976492286,0.14722504100063816,0.07384236681395348,0.29969361680597567,0.0015664969917645857,0.0027142613698213584,0.15618405207164276,1687.6318958567142,99.99999999999935,20.00000000000012,6.377864042127233,True
17,mountainous,temperate,medium,0.24639285814939357,GreedySeeded,0,100000,5,0.0356271659838967,0.06966604199260473,0.07504581569810281,0.30457788534033253,0.0036147170824618433,0.005234710088224468,0.17218240912803517,1655.6351817439295,100.00000000000018,20.000000000000302,5.597666155101883,True
17,mountainous,temperate,medium,0.24639285814939357,GreedySeeded,1,100000,5,0.03578608296811581,0.05135283397976309,0.0729293803697688,0.2959882072781106,0.0036152321376557665,0.00516098766865556,0.16670218256794464,1666.5956348641107,100.0000000000002,20.000000000000394,5.794561632407719,True
17,mountainous,temperate,medium,0.24639285814939357,GreedySeeded,2,100000,5,0.03620304196374491,0.05704708304256201,0.07307796577384568,0.29659124993605473,0.003618792361410884,0.0051877450960882586,0.16709913060068082,1665.8017387986388,100.00000000000034,20.000000000000213,5.6113758135928045,True
17,mountainous,temperate,medium,0.24639285814939357,GreedySeeded,3,100000,5,0.027878332999534905,0.10085758299101144,0.058498713906685956,0.2374204932158255,0.003619782717204846,0.005200069076987936,0.14760965942890414,1704.7806811421917,99.99999999999972,20.00000000000017,4.445841154776171,True
17,mountainous,temperate,medium,0.24639285814939357,GreedySeeded,4,100000,5,0.034687082981690764,0.06548629200551659,0.07174319307878887,0.29117399594143006,0.0036150550764491992,0.005200516137083642,0.16512816291177576,1669.7436741764482,100.00000000000004,20.000000000000167,5.724853483254611,True
17,mountainous,temperate,medium,0.24639285814939357,RandomWalkSeeded,0,100000,5,0.012025500007439405,0.3104991249856539,0.012900158809731188,0.05235605815290933,0.0023583087482283082,0.0007396321859151686,0.02701239081613197,1945.975218367736,99.99999999999974,20.000000000000348,1.2209591562748376,True
17,mountainous,temperate,medium,0.24639285814939357,RandomWalkSeeded,1,100000,5,0.012163999956101179,0.2578082919935696,0.020833314631495722,0.08455324065790905,0.001229377099454657,0.0009977171511333224,0.04495091788520315,1910.0981642295937,99.9999999999998,20.00000000000008,1.6717683274215287,True
17,mountainous,temperate,medium,0.24639285814939357,RandomWalkSeeded,2,100000,5,0.012244041019584984,0.28648633300326765,0.016937256579756803,0.0687408584281585,0.0019031018349919694,0.000955207704501728,0.03741571816095198,1925.168563678096,99.99999999999976,20.000000000000146,1.3356987179807822,True
17,mountainous,temperate,medium,0.24639285814939357,RandomWalkSeeded,3,100000,5,0.01529529201798141,0.2913628340465948,0.01852196128337858,0.0751724762742445,0.0015446841291734358,0.0008452251427440377,0.038789563183124404,1922.420873633751,99.99999999999943,20.000000000000078,1.3976021323789907,True
17,mountainous,temperate,medium,0.24639285814939357,RandomWalkSeeded,4,100000,5,0.011967083031777292,0.27505050000036135,0.018108845979772973,0.07349582336024192,0.0012698296210029822,0.0008741668162304684,0.038032959497872665,1923.9340810042545,99.99999999999963,20.000000000000277,1.5161367225935294,True
18,mountainous,temperate,medium,0.19287848801363697,Spiral,0,100000,5,0.08085162501083687,0.13905595801770687,0.04243535529099567,0.22001082509520395,0.0004525850340755809,0.002002239933464009,0.10645287053571699,1787.094258928566,100.00000000000051,20.000000000000362,6.642174468913906,True
18,mountainous,temperate,medium,0.19287848801363697,Concentric,0,100000,5,0.09099145798245445,0.14076841704081744,0.04192112619688543,0.21734474709238444,0.0004036140888912743,0.0019880900004201254,0.1085523596696031,1782.895280660794,100.00000000000016,20.000000000000103,6.618438219270797,True
18,mountainous,temperate,medium,0.19287848801363697,Pizza,0,100000,5,0.028669500024989247,0.14726033300394192,0.0464351171360471,0.24074803579320897,0.0005174978244806254,0.0011859732292600674,0.11160172745413777,1776.7965450917243,99.9999999999993,20.00000000000012,6.377864042127231,True
18,mountainous,temperate,medium,0.19287848801363697,GreedySeeded,0,100000,5,0.028570083959493786,0.12107358302455395,0.05904655172147928,0.3061334228071331,0.0024751683697424565,0.0032718403318310026,0.17257766470373473,1654.8446705925303,100.00000000000014,20.000000000000263,4.44695412470644,True
18,mountainous,temperate,medium,0.19287848801363697,GreedySeeded,1,100000,5,0.03364791604690254,0.10903816699283198,0.06970835189309596,0.36141071309189965,0.0002401553574088178,0.0026527814778762797,0.17865824070419586,1642.683518591608,99.99999999999979,20.00000000000003,4.838301253960332,True
18,mountainous,temperate,medium,0.19287848801363697,GreedySeeded,2,100000,5,0.03556099999696016,0.10486724996007979,0.06734625103265016,0.3491641381380417,0.0008974715582902127,0.0033957301200279654,0.18278808149479295,1634.4238370104142,99.99999999999991,20.00000000000031,4.707951132171349,True
18,mountainous,temperate,medium,0.19287848801363697,GreedySeeded,3,100000,5,0.029640958993695676,0.10572645894717425,0.06727220507882403,0.3487802386446939,0.0019815686793798657,0.0034129338956180285,0.18350951226511156,1632.980975469777,100.00000000000048,20.00000000000037,4.718250628066181,True
18,mountainous,temperate,medium,0.19287848801363697,GreedySeeded,4,100000,5,0.033278417016845196,0.09981820802204311,0.06786518705505526,0.35185461973476806,0.0025049581213656548,0.003344897185293256,0.20662149124241627,1586.7570175151675,99.99999999999976,20.00000000000033,4.736888800089974,True
18,mountainous,temperate,medium,0.19287848801363697,RandomWalkSeeded,0,100000,5,0.011913082969840616,0.3138000839971937,0.0064813005819035424,0.033603024622659315,0.0005529040000287865,0.00021586755696529285,0.013591908054320822,1972.816183891358,99.99999999999974,20.000000000000348,1.220959160090154,True
18,mountainous,temperate,medium,0.19287848801363697,RandomWalkSeeded,1,100000,5,0.012118292041122913,0.25617733295075595,0.011730592091776676,0.06081856101519883,0.0007115543600497485,0.00046225510434411826,0.030739525142832257,1938.5209497143355,99.9999999999998,20.00000000000008,1.671768325326041,True
18,mountainous,temperate,medium,0.19287848801363697,RandomWalkSeeded,2,100000,5,0.011929582979064435,0.27869674999965355,0.00821325114439865,0.04258251518343484,0.0012131613805914435,0.0005557154209319641,0.01946069933313993,1961.0786013337206,99.99999999999976,20.000000000000146,1.3356987181759874,True
18,mountainous,temperate,medium,0.19287848801363697,RandomWalkSeeded,3,100000,5,0.012135124998167157,0.29277558298781514,0.006879873288135968,0.03566946920306398,0.000602948728251063,0.00022540999218373836,0.01525297975160807,1969.4940404967838,99.99999999999943,20.000000000000078,1.3976021291357685,True
18,mountainous,temperate,medium,0.19287848801363697,RandomWalkSeeded,4,100000,5,0.012209042033646256,0.27880683302646503,0.010511363653891034,0.05449733540605034,0.0001462939181605358,0.0004279130780379987,0.025262735545488836,1949.474528909022,99.99999999999963,20.000000000000277,1.5161367225649027,True
19,mountainous,temperate,medium,0.2957985611707561,Spiral,0,100000,5,0.08244908304186538,0.1424159159651026,0.06730058462095297,0.22752167676063256,0.0015035419708863162,0.0026790872898848008,0.11059690730298591,1778.8061853940283,100.00000000000047,20.000000000000306,6.642174468913895,True
19,mountainous,temperate,medium,0.2957985611707561,Concentric,0,100000,5,0.08691866596927866,0.13508983398787677,0.06731565333556616,0.22757261924849848,0.001613188888237086,0.0034606092757879995,0.11480345676465686,1770.3930864706865,100.00000000000011,20.000000000000103,6.6184382192708195,True
19,mountainous,temperate,medium,0.2957985611707561,Pizza,0,100000,5,0.025923250010237098,0.14462954201735556,0.09462396194983125,0.3198932461852224,0.0027276818343831884,0.003283237313705573,0.15982835223853725,1680.3432955229255,99.99999999999935,20.00000000000012,6.377864042127233,True
19,mountainous,temperate,medium,0.2957985611707561,GreedySeeded,0,100000,5,0.03418054204666987,0.06950616702670231,0.08816953324649172,0.29807289426128736,0.004019048629837814,0.005845898324778033,0.1712395572752944,1657.520885449411,100.00000000000006,20.000000000000217,5.2136989445392246,True
19,mountainous,temperate,medium,0.2957985611707561,GreedySeeded,1,100000,5,0.031228625040967017,0.06466979102697223,0.09333298201411895,0.3155288573572218,0.004033150980806297,0.005841738822250903,0.16645338060618015,1667.0932387876394,100.0000000000002,20.000000000000107,5.688405303966853,True
19,mountainous,temperate,medium,0.2957985611707561,GreedySeeded,2,100000,5,0.03347687498899177,0.07962762500392273,0.0849251494547292,0.2871046739328266,0.004017357683501616,0.005819535515035824,0.15632084023201376,1687.3583195359722,99.99999999999972,20.000000000000128,5.014026196296351,True
19,mountainous,temperate,medium,0.2957985611707561,GreedySeeded,3,100000,5,0.03524737496627495,0.05186083301668987,0.09750115812284099,0.32962012302201954,0.00400936484461223,0.005865175264990647,0.17503443832330373,1649.9311233533924,99.99999999999957,20.000000000000316,5.71501703685366,True
19,mountainous,temperate,medium,0.2957985611707561,GreedySeeded,4,100000,5,0.03604604199063033,0.0791879590251483,0.086078712519393,0.29100450042318565,0.004000409820959833,0.005744061929267012,0.14939204939794734,1701.2159012041052,100.00000000000007,20.00000000000018,5.1055623108604005,True
19,mountainous,temperate,medium,0.2957985611707561,RandomWalkSeeded,0,100000,5,0.011476082960143685,0.31120929098688066,0.019044920295282028,0.06438476313036538,0.002458243601519143,0.0008653932800906297,0.032579678295309195,1934.8406434093818,99.99999999999974,20.000000000000348,1.220959158908717,True
19,mountainous,temperate,medium,0.2957985611707561,RandomWalkSeeded,1,100000,5,0.012279042042791843,0.25940595800057054,0.02535582225084483,0.08571989718438028,0.001453069888639335,0.0011193941022111314,0.0466156013978865,1906.768797204227,99.9999999999998,20.00000000000008,1.6717683235808203,True
19,mountainous,temperate,medium,0.2957985611707561,RandomWalkSeeded,2,100000,5,0.011810125026386231,0.28122866700869054,0.020994521970931216,0.07097574067918362,0.0018262196574445105,0.0011512538958182716,0.03769605551502528,1924.6078889699493,99.99999999999976,20.000000000000146,1.3356987146193495,True
19,mountainous,temperate,medium,0.2957985611707561,RandomWalkSeeded,3,100000,5,0.01194374996703118,0.29337116598617285,0.020342953586145837,0.06877299708838823,0.0012502989974184418,0.0010229094048472824,0.035930547111406134,1928.1389057771878,99.99999999999943,20.000000000000078,1.3976021299886014,True
19,mountainous,temperate,medium,0.2957985611707561,RandomWalkSeeded,4,100000,5,0.01202962500974536,0.2895859589916654,0.022778376754081026,0.07700638118023745,0.0025488197828174575,0.0012313026336195196,0.03968373983721085,1920.6325203255783,99.99999999999963,20.000000000000277,1.516136724587165,True
20,mountainous,temperate,medium,0.25623859877650834,Spiral,0,100000,5,0.0833533339900896,0.1415284579852596,0.06162553593322108,0.24050059681668395,0.0019705398911654833,0.0029277746716527197,0.12016738693816896,1759.665226123662,100.00000000000047,20.000000000000306,6.642174468913895,True
20,mountainous,temperate,medium,0.25623859877650834,Concentric,0,100000,5,0.09138524997979403,0.13225512497592717,0.062017492570616686,0.24203025175261916,0.002080098078005943,0.002363540822653495,0.11816415666167447,1763.671686676651,100.00000000000011,20.000000000000103,6.6184382192708195,True
20,mountainous,temperate,medium,0.25623859877650834,Pizza,0,100000,5,0.025966792018152773,0.14606449997518212,0.08971871534959275,0.35013739451426495,0.0031685762513945595,0.003955689736355643,0.1834267738110027,1633.1464523779946,99.99999999999935,20.00000000000012,6.377864042127233,True
20,mountainous,temperate,medium,0.25623859877650834,GreedySeeded,0,100000,5,0.03452104196185246,0.053928707959130406,0.09122285207635666,0.35600745754905316,0.004688553613518708,0.006277110264190829,0.18999720408505197,1620.0055918298963,99.99999999999979,20.000000000000107,5.6500963464317,True
20,mountainous,temperate,medium,0.25623859877650834,GreedySeeded,1,100000,5,0.03320374997565523,0.09854437498142943,0.07679588314648714,0.2997045859334745,0.004684979116000236,0.0062082316710270116,0.17454654571069703,1650.9069085786061,99.99999999999925,20.000000000000014,4.89707943165317,True
20,mountainous,temperate,medium,0.25623859877650834,GreedySeeded,2,100000,5,0.031212750007398427,0.07205650000832975,0.08969519097082242,0.35004558797581736,0.004691706889171962,0.006418170611857587,0.20256612884545,1594.8677423091,100.0,20.000000000000167,5.440129037586532,True
20,mountainous,temperate,medium,0.25623859877650834,GreedySeeded,3,100000,5,0.033268500003032386,0.09608049999224022,0.07798941042387607,0.30436246059829003,0.004687802589711353,0.006427867490078645,0.18961448471667058,1620.771030566659,99.99999999999986,19.999999999999982,4.871591970085722,True
20,mountainous,temperate,medium,0.25623859877650834,GreedySeeded,4,100000,5,0.0355005839955993,0.04777908301912248,0.09488683614796323,0.3703065681791511,0.004718412488945257,0.006276379161351456,0.20300348997980044,1593.9930200403992,100.00000000000033,20.0000000000003,5.950579642481235,True
20,mountainous,temperate,medium,0.25623859877650834,RandomWalkSeeded,0,100000,5,0.011994333995971829,0.3116360830026679,0.021754411344811316,0.08489904116196617,0.0035073287738978036,0.0011045954404885667,0.041028599645872466,1917.9428007082552,99.99999999999974,20.000000000000348,1.2209591576163072,True
20,mountainous,temperate,medium,0.25623859877650834,RandomWalkSeeded,1,100000,5,0.012591374979820102,0.25721825001528487,0.027128663778881304,0.10587266675830898,0.0018853360168735816,0.0015075784345033234,0.056378967306244566,1887.2420653875113,99.9999999999998,20.00000000000008,1.671768321999026,True
20,mountainous,temperate,medium,0.25623859877650834,RandomWalkSeeded,2,100000,5,0.012049167009536177,0.27988170902244747,0.021396211449162136,0.08350112571378811,0.0029037508364583866,0.0014119737193152358,0.04714535825208738,1905.7092834958253,99.99999999999976,20.000000000000146,1.3356987145601789,True
20,mountainous,temperate,medium,0.25623859877650834,RandomWalkSeeded,3,100000,5,0.012145084037911147,0.2953612499986775,0.018103446157529363,0.07065073819467461,0.0025465905156202263,0.0013421669977553012,0.03934132506958576,1921.3173498608285,99.99999999999943,20.000000000000078,1.397602134115961,True
20,mountainous,temperate,medium,0.25623859877650834,RandomWalkSeeded,4,100000,5,0.012436042015906423,0.28506562497932464,0.028620118902623337,0.11169323840857343,0.0030237999373886764,0.0017040753897742491,0.06047876981068331,1879.0424603786335,99.99999999999963,20.000000000000277,1.5161367245038855,True
21,mountainous,temperate,medium,0.29968432929080974,Spiral,0,100000,5,0.08046087500406429,0.14497450005728751,0.06833607055725369,0.22802683983833288,0.0014381231722174997,0.00305567061044491,0.11186660964019374,1776.2667807196126,100.0000000000001,20.000000000000124,6.642174468913531,True
21,mountainous,temperate,medium,0.29968432929080974,Concentric,0,100000,5,0.09182454203255475,0.13201312499586493,0.06776128438573241,0.22610886777459008,0.001480689518706145,0.003053012626753366,0.11185906101973156,1776.2818779605363,100.00000000000055,20.00000000000032,6.618437953474619,True
21,mountainous,temperate,medium,0.29968432929080974,Pizza,0,100000,5,0.02891945804003626,0.14866312500089407,0.09454160268522754,0.3154706250705742,0.0020838903867302257,0.0032207016334614893,0.157137262674576,1685.725474650848,100.00000000000011,20.00000000000032,6.3778640421271,True
21,mountainous,temperate,medium,0.29968432929080974,GreedySeeded,0,100000,5,0.029743709019385278,0.05773562501417473,0.08890100859931177,0.2966488398298711,0.0032233268368240422,0.004916577331866123,0.15863176637025567,1682.7364672594886,100.00000000000011,20.000000000000394,5.6971107333212565,True
21,mountainous,temperate,medium,0.29968432929080974,GreedySeeded,1,100000,5,0.034282042004633695,0.06796933297300711,0.08757808407768737,0.29223444644215196,0.003238036299335071,0.0049265203603490485,0.15468015538928168,1690.6396892214366,100.0000000000008,20.000000000000455,5.468747645814891,True
21,mountainous,temperate,medium,0.29968432929080974,GreedySeeded,2,100000,5,0.03358879097504541,0.07709395902929828,0.0787936889500831,0.2629222860486066,0.0032351890968766507,0.004900312127442592,0.13230930210498582,1735.3813957900281,100.0000000000005,20.000000000000345,4.994415477756736,True
21,mountainous,temperate,medium,0.29968432929080974,GreedySeeded,3,100000,5,0.028263584012165666,0.12757508299546316,0.06864979963473095,0.2290737049787948,0.0032463052312535494,0.004907063961589252,0.12906842746109087,1741.863145077818,99.99999999999987,20.000000000000128,4.274476433295782,True
21,mountainous,temperate,medium,0.29968432929080974,GreedySeeded,4,100000,5,0.033184917003382,0.09577562496997416,0.07600275926049492,0.2536093877192452,0.003238786174498204,0.004921188256708602,0.13468405983127454,1730.6318803374502,99.99999999999885,19.99999999999995,4.821698310601977,True
21,mountainous,temperate,medium,0.29968432929080974,RandomWalkSeeded,0,100000,5,0.01171125000109896,0.30830370797775686,0.017360765728640724,0.05793017529386418,0.002331736037145557,0.0008356076867685562,0.028131130153952237,1943.7377396920954,100.0000000000001,20.000000000000295,1.2209591569889688,True
21,mountainous,temperate,medium,0.29968432929080974,RandomWalkSeeded,1,100000,5,0.012147083005402237,0.25591466698097065,0.025061153277371583,0.08362517098133807,0.0015456868826961674,0.001128830962367263,0.04316868682876798,1913.6626263424641,100.00000000000044,20.00000000000029,1.6717683230748135,True
21,mountainous,temperate,medium,0.29968432929080974,RandomWalkSeeded,2,100000,5,0.01254812499973923,0.28291708300821483,0.019631620693862734,0.0655076651499267,0.0018832702730359702,0.001106325244591071,0.035059815912155186,1929.8803681756897,100.00000000000053,20.0000000000003,1.3356987161150318,True
21,mountainous,temperate,medium,0.29968432929080974,RandomWalkSeeded,3,100000,5,0.012212999979965389,0.30578637501457706,0.020492695828392596,0.06838093895963027,0.001804253908944524,0.0010458851135567754,0.03540189340773052,1929.1962131845387,100.00000000000009,20.000000000000444,1.3976021300607475,True
21,mountainous,temperate,medium,0.29968432929080974,RandomWalkSeeded,4,100000,5,0.011944209050852805,0.2725130830076523,0.022404245166629706,0.07475948181757919,0.002012484436300367,0.0012344270473017738,0.04001676259582549,1919.9664748083487,99.99999999999996,20.000000000000203,1.5161367241293406,True
22,mountainous,temperate,medium,0.2353179911789027,Spiral,0,100000,5,0.08370908303186297,0.1432635830133222,0.050155257424473146,0.21313821851531167,0.0007881704836963041,0.0024864062423072676,0.10650197400093724,1786.9960519981257,100.00000000000051,20.000000000000362,6.642174468913906,True
22,mountainous,temperate,medium,0.2353179911789027,Concentric,0,100000,5,0.09085774997947738,0.13109179202001542,0.04877496759907906,0.20727258189960254,0.0008470957984579926,0.002208652986150394,0.10037965184522762,1799.240696309545,100.00000000000016,20.000000000000103,6.618438219270797,True
22,mountainous,temperate,medium,0.2353179911789027,Pizza,0,100000,5,0.02564445900497958,0.14684574998682365,0.04659191022398491,0.1979955293284948,0.001187779281155234,0.0013822018032856728,0.08642138160503249,1827.1572367899348,99.9999999999993,20.00000000000012,6.377864042127231,True
22,mountainous,temperate,medium,0.2353179911789027,GreedySeeded,0,100000,5,0.03197233303217217,0.08242949994746596,0.07055338171833422,0.2998214516657817,0.003376925664148731,0.0038330988477687823,0.16467232558537082,1670.6553488292586,100.00000000000004,20.00000000000007,5.258218535140657,True
22,mountainous,temperate,medium,0.2353179911789027,GreedySeeded,1,100000,5,0.03413541696500033,0.10217575001297519,0.05499669663565204,0.23371224767017618,0.003371803668949514,0.0037498651124270805,0.1255904198375664,1748.8191603248674,99.99999999999993,20.000000000000327,4.5829481315972025,True
22,mountainous,temperate,medium,0.2353179911789027,GreedySeeded,2,100000,5,0.03548004099866375,0.08083550003357232,0.0772441313517232,0.3282542527443115,0.0033653056560515628,0.003771554225003905,0.15574015457888116,1688.5196908422379,99.99999999999999,20.00000000000027,5.199949427517274,True
22,mountainous,temperate,medium,0.2353179911789027,GreedySeeded,3,100000,5,0.037591999978758395,0.07437362498603761,0.07314589711551354,0.3108385242839494,0.003374007397816974,0.0037785409581227135,0.14904220988315783,1701.9155802336845,99.9999999999991,19.999999999999986,5.230137036193609,True
22,mountainous,temperate,medium,0.2353179911789027,GreedySeeded,4,100000,5,0.030419084010645747,0.09858445898862556,0.06161771510332269,0.2618487213605238,0.0033710502198607845,0.003824077230587264,0.1474349001451362,1705.1301997097275,99.9999999999996,20.000000000000007,4.6963300998827275,True
22,mountainous,temperate,medium,0.2353179911789027,RandomWalkSeeded,0,100000,5,0.011801542015746236,0.30751362501177937,0.008822538074293125,0.03749198278505492,0.0018257018133356648,0.0005780429214011499,0.017516711260083397,1964.966577479833,99.99999999999974,20.000000000000348,1.2209591577125596,True
22,mountainous,temperate,medium,0.2353179911789027,RandomWalkSeeded,1,100000,5,0.01532537495950237,0.2625794589985162,0.010443470061228415,0.044380244829171044,0.001272847067054054,0.0006505604945472412,0.02351162893176664,1952.9767421364668,99.9999999999998,20.00000000000008,1.6717683246642525,True
22,mountainous,temperate,medium,0.2353179911789027,RandomWalkSeeded,2,100000,5,0.012053415994159877,0.2769211250124499,0.007324340159484369,0.031125287627990886,0.0015197801602733862,0.0005382088871466884,0.017514364912426018,1964.971270175148,99.99999999999976,20.000000000000146,1.3356987173283552,True
22,mountainous,temperate,medium,0.2353179911789027,RandomWalkSeeded,3,100000,5,0.011925625032745302,0.30565591697813943,0.00886245080183235,0.03766159466784921,0.0016042980117967247,0.0005960292297711962,0.019719535999630874,1960.5609280007382,99.99999999999943,20.000000000000078,1.3976021319800203,True
22,mountainous,temperate,medium,0.2353179911789027,RandomWalkSeeded,4,100000,5,0.012372834025882185,0.2757545410422608,0.009288069823358547,0.039470291994364366,0.0011179388595594694,0.000554831929658293,0.019770503332968245,1960.4589933340637,99.99999999999963,20.000000000000277,1.5161367230004767,True
23,mountainous,temperate,medium,0.18932936286300583,Spiral,0,100000,5,0.08475645800353959,0.1398107500281185,0.0424817953948783,0.22438038533736102,0.0008630269695397098,0.0013711367302035194,0.10610050160287694,1787.7989967942462,100.00000000000064,20.00000000000041,6.642174468913924,True
23,mountainous,temperate,medium,0.18932936286300583,Concentric,0,100000,5,0.08841491601197049,0.1313787079998292,0.042978769325182596,0.22700530269190733,0.0008235833063965251,0.0014088344577984,0.10844308281442983,1783.1138343711402,100.00000000000026,20.000000000000206,6.618438219270754,True
23,mountainous,temperate,medium,0.18932936286300583,Pizza,0,100000,5,0.025633459037635475,0.14486866601509973,0.0714971250920546,0.37763357997347824,0.002050810085000232,0.002573806787018766,0.19841404124178258,1603.1719175164353,99.9999999999993,20.00000000000012,6.377864042127238,True
23,mountainous,temperate,medium,0.18932936286300583,GreedySeeded,0,100000,5,0.03268254199065268,0.14153050002641976,0.08408171366440852,0.4441028712764856,0.0003984656704842201,0.003992465703039927,0.2385043217856189,1522.9913564287622,100.00000000000054,20.000000000000224,4.24622950729712,True
23,mountainous,temperate,medium,0.18932936286300583,GreedySeeded,1,100000,5,0.028042874997481704,0.18032787495758384,0.060955570061313365,0.32195518507828785,0.0006879308636408275,0.0039162603360470795,0.1696058411432108,1660.7883177135786,100.00000000000053,20.000000000000234,3.096393471668451,True
23,mountainous,temperate,medium,0.18932936286300583,GreedySeeded,2,100000,5,0.02947729197330773,0.16241170902503654,0.07274412783229575,0.3842200001746779,0.004729869725458192,0.0035973506948133414,0.2304090880568411,1539.1818238863177,99.99999999999984,20.000000000000046,3.5220263213182466,True
23,mountainous,temperate,medium,0.18932936286300583,GreedySeeded,3,100000,5,0.02906587498728186,0.13860441598808393,0.08050260445258495,0.4251987290045163,0.0020994775823468823,0.004653859557584933,0.25940771132722984,1481.1845773455404,100.00000000000041,20.00000000000037,4.211991053788616,True
23,mountainous,temperate,medium,0.18932936286300583,GreedySeeded,4,100000,5,0.026991916995029896,0.2056459590094164,0.07301211846248089,0.38563547332756143,0.004800817960429641,0.004510476072309031,0.22426719933112124,1551.4656013377576,99.99999999999996,20.000000000000224,3.0811338516022895,True
23,mountainous,temperate,medium,0.18932936286300583,RandomWalkSeeded,0,100000,5,0.011780333996284753,0.3034818330197595,0.010833059534490335,0.05721806364673015,0.00046049191069616273,0.00037911172566078603,0.02336975926024422,1953.2604814795116,99.99999999999963,20.000000000000252,1.220959158202159,True
23,mountainous,temperate,medium,0.18932936286300583,RandomWalkSeeded,1,100000,5,0.012000083981547505,0.2753426249837503,0.017178437913599166,0.09073308890829083,0.00010606576320697773,0.0005799003044799772,0.0463973625472324,1907.2052749055351,99.9999999999998,20.00000000000008,1.6717683225181557,True
23,mountainous,temperate,medium,0.18932936286300583,RandomWalkSeeded,2,100000,5,0.011994417000096291,0.27931899996474385,0.014538264911156625,0.0767882207562076,3.0694215239238496e-05,0.000940220946070376,0.03529953071814646,1929.4009385637073,99.99999999999976,20.000000000000146,1.3356987164035468,True
23,mountainous,temperate,medium,0.18932936286300583,RandomWalkSeeded,3,100000,5,0.011942625045776367,0.28747308399761096,0.017611528909827128,0.09302058932385679,0.00010847091082667863,0.0007410048835149067,0.04320067175566249,1913.5986564886753,99.99999999999943,20.000000000000078,1.3976021301574475,True
23,mountainous,temperate,medium,0.18932936286300583,RandomWalkSeeded,4,100000,5,0.011949457984883338,0.2782278750091791,0.01777976382511899,0.09390917265159762,0.000980621328197558,0.0009817345475125923,0.05543742764222556,1889.125144715549,99.99999999999963,20.000000000000277,1.5161367234844068,True
24,mountainous,temperate,medium,0.21125540076014357,Spiral,0,100000,5,0.08056212501833215,0.14211512502515689,0.04780389618180109,0.22628484767628243,0.0009531452654081005,0.002166639236041928,0.11136138449735077,1777.277231005298,100.00000000000051,20.000000000000362,6.642174468913906,True
24,mountainous,temperate,medium,0.21125540076014357,Concentric,0,100000,5,0.09472937503596768,0.1310563330189325,0.04748411854361264,0.22477114607604964,0.000981384940058581,0.002174221342435151,0.11083678691537724,1778.3264261692452,100.00000000000016,20.000000000000103,6.618438219270797,True
24,mountainous,temperate,medium,0.21125540076014357,Pizza,0,100000,5,0.025816290988586843,0.14839320903411135,0.06309902845197854,0.2986859896832664,0.0013817313267718502,0.0021325422395154676,0.14873408173369504,1702.53183653261,99.9999999999993,20.00000000000012,6.377864042127231,True
24,mountainous,temperate,medium,0.21125540076014357,GreedySeeded,0,100000,5,0.03633641701890156,0.04295408300822601,0.0603722191624972,0.2857783467086031,0.002141995456783584,0.003234352127852213,0.1493623495789662,1701.2753008420673,100.00000000000053,20.000000000000295,5.949970443469815,True
24,mountainous,temperate,medium,0.21125540076014357,GreedySeeded,1,100000,5,0.030191375000867993,0.05398433399386704,0.0597500368637287,0.28283318035295135,0.0021458108281054477,0.0032374793468306793,0.15198073613220117,1696.0385277355974,100.00000000000037,20.000000000000263,5.907274041552474,True
24,mountainous,temperate,medium,0.21125540076014357,GreedySeeded,2,100000,5,0.028699500020593405,0.08989900001324713,0.049713114736564645,0.23532233759556387,0.002144457094877191,0.0032267245202717886,0.1340766534190879,1731.846693161824,100.00000000000007,20.000000000000046,4.797309524374911,True
24,mountainous,temperate,medium,0.21125540076014357,GreedySeeded,3,100000,5,0.033633792016189545,0.06908320903312415,0.053958457671995814,0.25541812175140316,0.0021502999771063473,0.0032264491779538337,0.13793097195633275,1724.1380560873345,99.99999999999952,20.000000000000018,5.235004463215355,True
24,mountainous,temperate,medium,0.21125540076014357,GreedySeeded,4,100000,5,0.034823708003386855,0.05259895802009851,0.0555650681327191,0.2630231839412565,0.002146226085251693,0.003237967961796667,0.14445178051266852,1711.096438974663,99.99999999999996,20.000000000000213,5.531398732210384,True
24,mountainous,temperate,medium,0.21125540076014357,RandomWalkSeeded,0,100000,5,0.011989708989858627,0.3089307499467395,0.011895651248467802,0.05630933555149181,0.0015463472525877467,0.0005541949737448517,0.027201546333520052,1945.5969073329597,99.99999999999974,20.000000000000348,1.220959158064379,True
24,mountainous,temperate,medium,0.21125540076014357,RandomWalkSeeded,1,100000,5,0.01223799999570474,0.25617441604845226,0.016686563451624937,0.07898763009884244,0.0010245259102311054,0.0007492647879430213,0.0409174760016836,1918.1650479966324,99.9999999999998,20.00000000000008,1.6717683216207038,True
24,mountainous,temperate,medium,0.21125540076014357,RandomWalkSeeded,2,100000,5,0.011946666985750198,0.290896916994825,0.013188960162882039,0.06243135141362185,0.0012483675938483598,0.0007333118101874488,0.033361933258675903,1933.2761334826478,99.99999999999976,20.000000000000146,1.335698715947444,True
24,mountainous,temperate,medium,0.21125540076014357,RandomWalkSeeded,3,100000,5,0.011816374957561493,0.2915625409805216,0.01359739438776313,0.06436471843482677,0.0011950413923908286,0.0006902118835618728,0.033253866764639484,1933.492266470721,99.99999999999943,20.000000000000078,1.3976021308262974,True
24,mountainous,temperate,medium,0.21125540076014357,RandomWalkSeeded,4,100000,5,0.012000083981547505,0.2686412500333972,0.014986276058096356,0.07093913814355716,0.001348476933773097,0.0008175898593580645,0.037852021579879234,1924.2959568402414,99.99999999999963,20.000000000000277,1.5161367224894144,True
25,mountainous,temperate,medium,0.20152853766574874,Spiral,0,100000,5,0.08110408298671246,0.14057387498905882,0.04580041334241141,0.22726515000260197,0.0008853638251186338,0.002078365579010467,0.11198596125149607,1776.028077497008,100.00000000000051,20.000000000000362,6.642174468913906,True
25,mountainous,temperate,medium,0.20152853766574874,Concentric,0,100000,5,0.08905204100301489,0.13074441702337936,0.04532002015087581,0.224881402285778,0.0009403481984455882,0.002055901374023342,0.11091227049633316,1778.1754590073338,100.00000000000016,20.000000000000103,6.618438219270797,True
25,mountainous,temperate,medium,0.20152853766574874,Pizza,0,100000,5,0.028645584010519087,0.14771920902421698,0.06023814159264962,0.29890626057416947,0.001412926324481032,0.0020384276423537494,0.14820617900813648,1703.5876419837273,99.9999999999993,20.00000000000012,6.377864042127231,True
25,mountainous,temperate,medium,0.20152853766574874,GreedySeeded,0,100000,5,0.029625833965837955,0.07602124998811632,0.053402054175789,0.2649850725576176,0.002013608185163883,0.0030672106253567077,0.13802311436580195,1723.953771268396,99.99999999999959,20.00000000000003,5.2760971473036085,True
25,mountainous,temperate,medium,0.20152853766574874,GreedySeeded,1,100000,5,0.0330611250246875,0.07600133400410414,0.054841625919034,0.2721283375260393,0.0020256413789107187,0.0030711477457369156,0.14379104464143125,1712.4179107171378,99.99999999999974,20.000000000000274,5.432235825035627,True
25,mountainous,temperate,medium,0.20152853766574874,GreedySeeded,2,100000,5,0.03318216698244214,0.08437262498773634,0.04959139460797468,0.24607628866054687,0.0020247416958922527,0.003071348852349739,0.1379079748023836,1724.1840503952328,99.99999999999986,20.00000000000023,4.973393322772255,True
25,mountainous,temperate,medium,0.20152853766574874,GreedySeeded,3,100000,5,0.02921975002391264,0.06972824997501448,0.05166193447549307,0.25635046566545594,0.002020911454601553,0.003064761796067718,0.1360027968269545,1727.9944063460912,100.00000000000009,20.000000000000163,5.1810283277850715,True
25,mountainous,temperate,medium,0.20152853766574874,GreedySeeded,4,100000,5,0.03294250002363697,0.08307108300505206,0.05207976646183103,0.25842377990262355,0.0020237030161552954,0.003078535249618589,0.14175057424794318,1716.4988515041136,100.00000000000011,20.000000000000295,5.13552635268515,True
25,mountainous,temperate,medium,0.20152853766574874,RandomWalkSeeded,0,100000,5,0.011614583025220782,0.3054349170415662,0.011260903678933943,0.05587746435004186,0.001494290196587756,0.0005194297216708013,0.026983080738103814,1946.0338385237924,99.99999999999974,20.000000000000348,1.2209591561752493,True
25,mountainous,temperate,medium,0.20152853766574874,RandomWalkSeeded,1,100000,5,0.012290416983887553,0.26512425002874807,0.015934063785956385,0.07906604181480396,0.0008806807666858069,0.0007106650553099618,0.040895554077036704,1918.2088918459267,99.9999999999998,20.00000000000008,1.6717683248688098,True
25,mountainous,temperate,medium,0.20152853766574874,RandomWalkSeeded,2,100000,5,0.012271290994249284,0.28038391697918996,0.01252803688230552,0.0621650761098871,0.0012205429523144903,0.0006915725884015216,0.03324057397681172,1933.5188520463767,99.99999999999976,20.000000000000146,1.3356987169437133,True
25,mountainous,temperate,medium,0.20152853766574874,RandomWalkSeeded,3,100000,5,0.011761375004425645,0.2900402909726836,0.013004392971272729,0.06452879141534565,0.0011530084906765403,0.0006494895834808509,0.0333782340791548,1933.2435318416906,99.99999999999943,20.000000000000078,1.3976021302688237,True
25,mountainous,temperate,medium,0.20152853766574874,RandomWalkSeeded,4,100000,5,0.011880834004841745,0.2772832080372609,0.01426389014072628,0.07077851259152233,0.0013281433576163412,0.0007883663586415925,0.03767900151554301,1924.641996968914,99.99999999999963,20.000000000000277,1.516136722343925,True
26,mountainous,temperate,medium,0.3032488383329611,Spiral,0,100000,5,0.07574095798190683,0.1370139999780804,0.0717902586352714,0.23673712661166782,0.0019510952378260394,0.0029762986742166613,0.11268484535790012,1774.6303092841995,100.00000000000051,20.000000000000362,6.642174468913906,True
26,mountainous,temperate,medium,0.3032488383329611,Concentric,0,100000,5,0.08902154199313372,0.1286989159998484,0.0690007108189693,0.22753825273753533,0.002095817982122587,0.002691121969078647,0.10774167181465764,1784.5166563706848,100.00000000000016,20.000000000000103,6.618438219270797,True
26,mountainous,temperate,medium,0.3032488383329611,Pizza,0,100000,5,0.02876175002893433,0.14640695799607784,0.08957708255991187,0.2953913461048713,0.004153379422213349,0.003818736375632404,0.15465882554302074,1690.682348913958,99.9999999999993,20.00000000000012,6.377864042127231,True
26,mountainous,temperate,medium,0.3032488383329611,GreedySeeded,0,100000,5,0.0295204590074718,0.13187641702825204,0.10856253849892544,0.3579982007374616,0.008446403750841653,0.008973723498366264,0.213250738361153,1573.4985232776935,100.00000000000007,20.00000000000026,4.067246722399928,True
26,mountainous,temperate,medium,0.3032488383329611,GreedySeeded,1,100000,5,0.03076566703384742,0.13647708302596584,0.1039544967298818,0.3428026214423346,0.008326031295616685,0.007754034384859129,0.2000523466397611,1599.8953067204773,100.0000000000001,20.000000000000174,3.9296972305827467,True
26,mountainous,temperate,medium,0.3032488383329611,GreedySeeded,2,100000,5,0.025949958013370633,0.1626489579793997,0.09107525265778679,0.3003317445779891,0.008407603456379387,0.009340236629541069,0.1992993562138341,1601.4012875723315,99.99999999999949,19.99999999999999,3.403418514098439,True
26,mountainous,temperate,medium,0.3032488383329611,GreedySeeded,3,100000,5,0.030599209014326334,0.172516375023406,0.07962179988405858,0.2625625882748987,0.008439230516668993,0.009027389002518904,0.18394927113757595,1632.1014577248475,99.99999999999955,20.00000000000009,3.4093880613165854,True
26,mountainous,temperate,medium,0.3032488383329611,GreedySeeded,4,100000,5,0.029146374959964305,0.10101133398711681,0.11832233836576755,0.3901823301820929,0.00838746564336132,0.008886496780652075,0.24222546750283908,1515.5490649943217,100.00000000000009,20.000000000000217,4.569716147538409,True
26,mountainous,temperate,medium,0.3032488383329611,RandomWalkSeeded,0,100000,5,0.01200308301486075,0.3164487090543844,0.02324688073799636,0.07665942222826178,0.0031160306338503144,0.0008541755956913973,0.03236891816568223,1935.2621636686351,99.99999999999974,20.000000000000348,1.2209591589466358,True
26,mountainous,temperate,medium,0.3032488383329611,RandomWalkSeeded,1,100000,5,0.012259791023097932,0.259331832989119,0.02689082144687075,0.08867576078674098,0.00222393448608354,0.0014585855749489041,0.046968095281864984,1906.0638094362698,99.9999999999998,20.00000000000008,1.6717683287237788,True
26,mountainous,temperate,medium,0.3032488383329611,RandomWalkSeeded,2,100000,5,0.012465208943467587,0.2728280830197036,0.020443626778253662,0.06741535067582673,0.0027125300226882184,0.001228532909679818,0.03622735631244227,1927.545287375115,99.99999999999976,20.000000000000146,1.3356987172141026,True
26,mountainous,temperate,medium,0.3032488383329611,RandomWalkSeeded,3,100000,5,0.012057499960064888,0.3055076249875128,0.012498520144860753,0.04121539331714646,0.001562517096239758,0.0012326716167173884,0.023336653952491047,1953.3266920950177,99.99999999999943,20.000000000000078,1.397602132575281,True
26,mountainous,temperate,medium,0.3032488383329611,RandomWalkSeeded,4,100000,5,0.012486791994888335,0.2749772089882754,0.0327640531815834,0.1080434581767767,0.0038968117739974577,0.0019389045525713476,0.057695884609823944,1884.6082307803522,99.99999999999963,20.000000000000277,1.5161367245327262,True
27,mountainous,temperate,medium,0.14382738848179186,Spiral,0,100000,5,0.08021225000265986,0.1414948750170879,0.020459928870819558,0.14225335721373908,2.394527093516719e-12,0.0003653510812953152,0.06844710874484872,1863.1057825103023,100.00000000000051,20.000000000000362,6.642174468913906,True
27,mountainous,temperate,medium,0.14382738848179186,Concentric,0,100000,5,0.08902949996991083,0.13282562501262873,0.024629659693913692,0.17124457277503677,6.04016020463372e-13,0.0012329807818123866,0.07850051624704675,1842.9989675059064,100.00000000000016,20.000000000000103,6.618438219270797,True
27,mountainous,temperate,medium,0.14382738848179186,Pizza,0,100000,5,0.02586749999318272,0.14959766599349678,0.02218624543594836,0.15425605421986144,3.591783900652728e-06,3.655736271611307e-05,0.07502551400181344,1849.948971996373,99.9999999999993,20.00000000000012,6.377864042127231,True
27,mountainous,temperate,medium,0.14382738848179186,GreedySeeded,0,100000,5,0.023120375000871718,0.2950577080482617,0.01285159216441529,0.08935427598368906,6.247668500267007e-22,3.5645942522806555e-05,0.059069627645361465,1881.860744709277,99.99999999999956,20.000000000000025,1.3861907107668723,True
27,mountainous,temperate,medium,0.14382738848179186,GreedySeeded,1,100000,5,0.02459291700506583,0.24562004097970203,0.03891475344471307,0.27056566802392834,1.711519717819958e-13,0.0002993883177769987,0.1933845241931622,1613.2309516136759,100.00000000000055,20.00000000000032,2.2258660210226235,True
27,mountainous,temperate,medium,0.14382738848179186,GreedySeeded,2,100000,5,0.025961792038287967,0.2571934169973247,0.07298787558694028,0.5074685451594663,4.077583522718501e-09,1.1583172616423328e-05,0.15662983077791562,1686.7403384441689,100.00000000000011,20.000000000000107,2.5483445545691965,True
27,mountainous,temperate,medium,0.14382738848179186,GreedySeeded,3,100000,5,0.026832457981072366,0.2935016250121407,0.005681946692318983,0.039505317813917626,9.823535972932625e-07,2.4983678340505216e-07,0.015621859123925936,1968.756281752148,100.0000000000002,20.000000000000245,1.3405586800726663,True
27,mountainous,temperate,medium,0.14382738848179186,GreedySeeded,4,100000,5,0.02567441697465256,0.21913041698280722,0.05265469241215148,0.36609642271866333,0.0014741492014040628,0.00045579806926386286,0.23838226567485368,1523.2354686502924,99.99999999999997,20.000000000000092,2.48451079144279,True
27,mountainous,temperate,medium,0.14382738848179186,RandomWalkSeeded,0,100000,5,0.011981082963757217,0.30860783299431205,0.0023685363425124083,0.016467908981134413,8.55991802694412e-06,1.52231410318095e-06,0.008478071089957026,1983.0438578200858,99.99999999999974,20.000000000000348,1.2209591579560146,True
27,mountainous,temperate,medium,0.14382738848179186,RandomWalkSeeded,1,100000,5,0.01293020904995501,0.2718846659990959,0.003482077095110295,0.024210111383278828,9.135055487931719e-10,2.2840194140359176e-05,0.01453871098133514,1970.9225780373297,99.9999999999998,20.00000000000008,1.6717683251350786,True
27,mountainous,temperate,medium,0.14382738848179186,RandomWalkSeeded,2,100000,5,0.012154500000178814,0.2798152919858694,0.0041569605420646045,0.028902426623638962,5.65574756558993e-07,4.268206785460998e-07,0.014571122136089,1970.8577557278218,99.99999999999976,20.000000000000146,1.3356987174036887,True
27,mountainous,temperate,medium,0.14382738848179186,RandomWalkSeeded,3,100000,5,0.012079291976988316,0.2898290000157431,0.0030885379573975975,0.021473920857490905,7.501826294887268e-07,9.286791045191415e-08,0.0076949857387630756,1984.6100285224736,99.99999999999943,20.000000000000078,1.3976021333506732,True
27,mountainous,temperate,medium,0.14382738848179186,RandomWalkSeeded,4,100000,5,0.02696637500775978,0.2785434590186924,0.007370036181720609,0.051242230422988144,0.0004519660746239219,5.5283737896991284e-05,0.023083731314651922,1953.8325373706964,99.99999999999963,20.000000000000277,1.5161367233685297,True
28,mountainous,temperate,medium,0.3788421754252427,Spiral,0,100000,5,0.08277758298208937,0.13969579199329019,0.07214495290789762,0.19043537807509517,1.1049928796398169e-05,0.0034576818914607635,0.09202579156834656,1815.9484168633073,100.0000000000001,20.000000000000124,6.642174468913531,True
28,mountainous,temperate,medium,0.3788421754252427,Concentric,0,100000,5,0.09029487502994016,0.13125054095871747,0.08008374975292974,0.21139079793066162,2.40056698981786e-05,0.0027267936806017424,0.09062541914642908,1818.749161707142,100.00000000000055,20.00000000000032,6.618437953474619,True
28,mountainous,temperate,medium,0.3788421754252427,Pizza,0,100000,5,0.026687374978791922,0.14705299999332055,0.18277303842838938,0.4824516653227174,0.004956109164200028,0.0017028603176354132,0.21831835229080485,1563.3632954183902,100.00000000000011,20.00000000000032,6.3778640421271,True
28,mountainous,temperate,medium,0.3788421754252427,GreedySeeded,0,100000,5,0.02512858301633969,0.23400691599817947,0.15608739094462531,0.4120116530568973,8.749311058743965e-12,0.0006774765398362688,0.18984136506785423,1620.3172698642916,99.99999999999959,20.00000000000025,2.243867159714985,True
28,mountainous,temperate,medium,0.3788421754252427,GreedySeeded,1,100000,5,0.02451195800676942,0.24471629096660763,0.15103320311628557,0.3986705095512501,4.471363259202973e-12,0.001335885304272371,0.18758742560695513,1624.82514878609,99.99999999999966,20.00000000000014,2.0002635872723493,True
28,mountainous,temperate,medium,0.3788421754252427,GreedySeeded,2,100000,5,0.02928716700989753,0.23068404203513637,0.16875406606451412,0.4454468826631858,4.030916116548632e-05,0.0010200028642365537,0.26017930209064466,1479.6413958187109,100.00000000000013,20.000000000000334,2.3855455047167964,True
28,mountainous,temperate,medium,0.3788421754252427,GreedySeeded,3,100000,5,0.024819958955049515,0.24175370897864923,0.10957129673979696,0.28922676472545694,0.0002538851939767709,0.0008697278643926786,0.166483962186859,1667.032075626282,100.00000000000043,20.00000000000018,1.9092288540922007,True
28,mountainous,temperate,medium,0.3788421754252427,GreedySeeded,4,100000,5,0.02575070899911225,0.21261754201259464,0.18490897080487062,0.4880897186204626,0.015963658681106968,0.005334987207886844,0.30594141110630974,1388.117177787381,99.99999999999989,20.000000000000192,2.5350825042963527,True
28,mountainous,temperate,medium,0.3788421754252427,RandomWalkSeeded,0,100000,5,0.011598416022025049,0.3037849589600228,0.036937029172264706,0.09749978109170036,1.0241249320890379e-08,5.477530664028634e-05,0.043219311542839374,1913.5613769143215,100.0000000000001,20.000000000000295,1.2209591573395366,True
28,mountainous,temperate,medium,0.3788421754252427,RandomWalkSeeded,1,100000,5,0.015293500036932528,0.27110845799325034,0.057891566301762246,0.15281183051169034,1.8388286089753385e-07,4.337027638040752e-06,0.05300906853846968,1893.9818629230608,100.00000000000044,20.00000000000029,1.6717683250202988,True
28,mountainous,temperate,medium,0.3788421754252427,RandomWalkSeeded,2,100000,5,0.01233316701836884,0.278708458004985,0.019971854778063854,0.05271813983130535,8.655112428402341e-09,3.553616037198171e-05,0.010509197214672703,1978.981605570655,100.00000000000053,20.0000000000003,1.3356987175971875,True
28,mountainous,temperate,medium,0.3788421754252427,RandomWalkSeeded,3,100000,5,0.012028582976199687,0.29181420896202326,0.0014663453585046272,0.0038705969230027892,1.8014215614585737e-19,1.3637553091551034e-08,0.0011440961292921677,1997.7118077414161,100.00000000000009,20.000000000000444,1.3976021301640382,True
28,mountainous,temperate,medium,0.3788421754252427,RandomWalkSeeded,4,100000,5,0.012467499997001141,0.2973151250043884,0.027151882727453287,0.07167069689898134,0.002839384716208088,0.0015096078988906148,0.05152338828799087,1896.9532234240185,99.99999999999996,20.000000000000203,1.516136724394983,True
29,mountainous,temperate,medium,0.2854135723368251,Spiral,0,100000,5,0.08744308399036527,0.140970041975379,0.0626334852391637,0.21944816683506574,0.0010053820663931232,0.0023737097402454447,0.10673127773905011,1786.5374445218997,100.00000000000051,20.000000000000362,6.642174468913906,True
29,mountainous,temperate,medium,0.2854135723368251,Concentric,0,100000,5,0.08965662500122562,0.1294926250120625,0.06352393795701397,0.22256803499886635,0.0011179839049667267,0.003013791704438597,0.11251955802232,1774.9608839553603,100.00000000000016,20.000000000000103,6.618438219270797,True
29,mountainous,temperate,medium,0.2854135723368251,Pizza,0,100000,5,0.026721374946646392,0.14739904197631404,0.07195461592870242,0.2521064970371718,0.0019410826370457825,0.0016028073648636596,0.1018572901722723,1796.2854196554556,99.9999999999993,20.00000000000012,6.377864042127231,True
29,mountainous,temperate,medium,0.2854135723368251,GreedySeeded,0,100000,5,0.02653612499125302,0.1869875830016099,0.07314306759812865,0.2562704604384066,0.001786059898221531,0.005515964479557365,0.14446022595806352,1711.0795480838729,99.99999999999974,20.000000000000135,3.597047168154368,True
29,mountainous,temperate,medium,0.2854135723368251,GreedySeeded,1,100000,5,0.030400916992221028,0.22517649998189881,0.049325763710188666,0.1728220676624931,0.0017968716575531276,0.004509097158740136,0.08918414752676196,1821.631704946476,99.99999999999969,20.00000000000016,2.7310515844177052,True
29,mountainous,temperate,medium,0.2854135723368251,GreedySeeded,2,100000,5,0.02607641601935029,0.25176604196894914,0.04093107264761034,0.14340969251212185,0.0008275594179048196,0.003854832890107825,0.06621408099619598,1867.571838007608,100.0000000000007,20.00000000000033,2.519406302675602,True
29,mountainous,temperate,medium,0.2854135723368251,GreedySeeded,3,100000,5,0.03274125000461936,0.1643238749820739,0.06501310940200508,0.2277856265548618,1.8160848814644203e-06,0.0057171753041802605,0.13217733877037716,1735.6453224592456,100.00000000000017,20.000000000000224,3.6084406052381306,True
29,mountainous,temperate,medium,0.2854135723368251,GreedySeeded,4,100000,5,0.027535083005204797,0.15821483300533146,0.07837677647939165,0.2746077414528026,0.007629921887598588,0.005163249916978642,0.14405402499822914,1711.891950003542,100.00000000000045,20.00000000000021,3.7630184036439847,True
29,mountainous,temperate,medium,0.2854135723368251,RandomWalkSeeded,0,100000,5,0.011601042002439499,0.30513279198203236,0.013609612515626649,0.0476838308851183,0.00013023650414548845,0.0002734367310696941,0.022976646897354867,1954.0467062052899,99.99999999999974,20.000000000000348,1.2209591581357928,True
29,mountainous,temperate,medium,0.2854135723368251,RandomWalkSeeded,1,100000,5,0.02727820898871869,0.26066808396717533,0.01601707470313405,0.05611882634730425,0.00020233955244036426,0.0005037294054919618,0.026842463396906747,1946.3150732061865,99.9999999999998,20.00000000000008,1.6717683257639935,True
29,mountainous,temperate,medium,0.2854135723368251,RandomWalkSeeded,2,100000,5,0.015351624984759837,0.2800311250030063,0.007391532952436602,0.02589762249888254,0.0003691744850779962,0.00033865866727173053,0.014281337595632803,1971.4373248087345,99.99999999999976,20.000000000000146,1.3356987167655048,True
29,mountainous,temperate,medium,0.2854135723368251,RandomWalkSeeded,3,100000,5,0.012097000028006732,0.3092001249897294,0.004616362507767927,0.016174292168278596,0.00039663559444672996,0.0008512587421374825,0.011960353936209835,1976.0792921275802,99.99999999999943,20.000000000000078,1.3976021328081571,True
29,mountainous,temperate,medium,0.2854135723368251,RandomWalkSeeded,4,100000,5,0.011773374979384243,0.2760949580115266,0.016471616654811734,0.0577113993562054,0.001858430008221822,0.0009368975750931693,0.030601541018831734,1938.7969179623367,99.99999999999963,20.000000000000277,1.51613672338078,True
30,mountainous,temperate,medium,0.3439088223734551,Spiral,0,100000,5,0.0797999159549363,0.1384561660233885,0.07543964700607271,0.21935944092807194,0.0005146101866200631,0.004326467954404148,0.10773770642641779,1784.5245871471648,100.00000000000064,20.00000000000041,6.642174468913924,True
30,mountainous,temperate,medium,0.3439088223734551,Concentric,0,100000,5,0.08864508400438353,0.12931899999966845,0.07320961359321355,0.21287506696677375,0.00046426070876269136,0.0035023991058934956,0.10260485815865021,1794.7902836826997,100.00000000000026,20.000000000000206,6.618438219270754,True
30,mountainous,temperate,medium,0.3439088223734551,Pizza,0,100000,5,0.025447457970585674,0.14415366703178734,0.12301910231360941,0.35770848059263033,0.0021079248155700587,0.0018578886651989153,0.16443799119959002,1671.1240176008203,99.9999999999993,20.00000000000012,6.377864042127238,True
30,mountainous,temperate,medium,0.3439088223734551,GreedySeeded,0,100000,5,0.030683041957672685,0.11615354096284136,0.10402854864133822,0.30248874664916925,0.0012537987801910949,0.004146605932889345,0.1642267066055132,1671.5465867889736,100.00000000000006,20.000000000000274,3.9886366723600966,True
30,mountainous,temperate,medium,0.3439088223734551,GreedySeeded,1,100000,5,0.029615041974466294,0.12861108302604407,0.09603720205636063,0.2792519290245848,0.0010997586446979469,0.0040475271372242385,0.16076105243848643,1678.4778951230273,99.99999999999986,20.00000000000021,3.956972302384908,True
30,mountainous,temperate,medium,0.3439088223734551,GreedySeeded,2,100000,5,0.03449445898877457,0.08710929204244167,0.12957267283839927,0.3767646085499214,2.9746048124976124e-05,0.005621124987512927,0.19899718169479141,1602.0056366104175,99.99999999999959,20.000000000000203,5.025713280627308,True
30,mountainous,temperate,medium,0.3439088223734551,GreedySeeded,3,100000,5,0.03296241699717939,0.11023608298273757,0.11292722439360303,0.32836384834284327,0.00026309741114174836,0.003952055504072756,0.18449312598724685,1631.0137480255066,100.00000000000061,20.000000000000423,4.285047859556376,True
30,mountainous,temperate,medium,0.3439088223734551,GreedySeeded,4,100000,5,0.03020566701889038,0.07898979098536074,0.13755960231707137,0.3999885823449263,0.005031453556377438,0.00640548972007968,0.21223414864141504,1575.53170271717,100.00000000000014,20.000000000000185,5.185767951141438,True
30,mountainous,temperate,medium,0.3439088223734551,RandomWalkSeeded,0,100000,5,0.011766583018470556,0.30343112495029345,0.02212861407722385,0.06434442107214713,0.001945818437099886,0.0005339630815110692,0.027813145006878662,1944.3737099862428,99.99999999999963,20.000000000000252,1.2209591569272684,True
30,mountainous,temperate,medium,0.3439088223734551,RandomWalkSeeded,1,100000,5,0.012209874985273927,0.27213499997742474,0.029534675249606717,0.08587937653293065,0.001025643964914714,0.0005680002387194105,0.03799313406271396,1924.0137318745724,99.9999999999998,20.00000000000008,1.6717683264061414,True
30,mountainous,temperate,medium,0.3439088223734551,RandomWalkSeeded,2,100000,5,0.012393958983011544,0.2765727089717984,0.016999570979266784,0.04943045910234523,0.0007813217164008161,0.0005900655089709007,0.023420119297895736,1953.1597614042087,99.99999999999976,20.000000000000146,1.3356987168845376,True
30,mountainous,temperate,medium,0.3439088223734551,RandomWalkSeeded,3,100000,5,0.01216787495650351,0.29098541603889316,0.02157884980866128,0.06274584542419363,9.528436277997291e-05,0.0003775014054242817,0.030799421336553747,1938.4011573268926,99.99999999999943,20.000000000000078,1.3976021297060923,True
30,mountainous,temperate,medium,0.3439088223734551,RandomWalkSeeded,4,100000,5,0.01238979201298207,0.2971123750321567,0.02524617673804669,0.07340950593768582,0.0027968573975709248,0.0008918773155558979,0.03992751179088736,1920.1449764182257,99.99999999999963,20.000000000000277,1.5161367233654748,True
31,flat,dry,medium,0.1842585955569101,Spiral,0,100000,5,0.04975741700036451,0.13279141701059416,0.08369063002101601,0.4542020401711318,7.188787690414017e-05,0.00343730336714098,0.21987415255488119,1560.2516948902373,100.00000000000024,20.000000000000416,6.642023157544828,True
31,flat,dry,medium,0.1842585955569101,Concentric,0,100000,5,0.04380570899229497,0.1454777920152992,0.08871873831815036,0.4814903643979458,8.561616237315556e-05,0.004702094414411721,0.22510624672817842,1549.787506543643,100.00000000000009,20.00000000000024,6.61166890192958,True
31,flat,dry,medium,0.1842585955569101,Pizza,0,100000,5,0.012671708012931049,0.14850033301627263,0.12105495660788687,0.6569840405111405,0.0010217219903692304,0.0021583123360509656,0.3362038191918058,1327.5923616163882,100.00000000000011,20.00000000000032,6.37786404212711,True
31,flat,dry,medium,0.1842585955569101,GreedySeeded,0,100000,5,0.026173709018621594,0.21689366700593382,0.10452446731478282,0.567270509138877,0.011487329883111266,0.004939519596296319,0.4049091543717795,1190.1816912564411,99.99999999999942,20.000000000000377,2.6208332354133446,True
31,flat,dry,medium,0.1842585955569101,GreedySeeded,1,100000,5,0.02716708305524662,0.22305320802843198,0.1096500175708354,0.5950876660023652,0.0036852602738628695,0.00518140235081276,0.38534100462522364,1229.3179907495528,100.00000000000047,20.000000000000274,2.6545845072892957,True
31,flat,dry,medium,0.1842585955569101,GreedySeeded,2,100000,5,0.029354042024351656,0.25665162497898564,0.08786501056929599,0.47685705138329904,0.008700201174918822,0.0033392462083472302,0.24718344011778917,1505.6331197644215,99.99999999999977,20.000000000000103,2.16884539907571,True
31,flat,dry,medium,0.1842585955569101,GreedySeeded,3,100000,5,0.02600862499093637,0.21596545801730826,0.11976606551001312,0.6499890284522557,0.012047548893037394,0.005385568590322263,0.4194963278595964,1161.007344280807,99.99999999999986,20.000000000000117,2.646252013243551,True
31,flat,dry,medium,0.1842585955569101,GreedySeeded,4,100000,5,0.02654020901536569,0.19740150001598522,0.11007034064047386,0.5973688245467905,0.0041402603967348765,0.005430688237144418,0.4356199811577419,1128.7600376845162,99.9999999999998,20.000000000000057,2.7602076435819165,True
31,flat,dry,medium,0.1842585955569101,RandomWalkSeeded,0,100000,5,0.011716625012923032,0.36330487503437325,0.021530831505289904,0.1168511647460153,0.0026129878749791384,0.0005749268282011564,0.0591096849818584,1881.7806300362831,99.99999999999989,20.00000000000028,1.2240523497947997,True
31,flat,dry,medium,0.1842585955569101,RandomWalkSeeded,1,100000,5,0.01254962501116097,0.264579875045456,0.03211170668450355,0.174275216781328,5.294213324696194e-06,0.0005411408107310796,0.08475467102618063,1830.4906579476385,99.99999999999972,20.00000000000009,1.6753143691892536,True
31,flat,dry,medium,0.1842585955569101,RandomWalkSeeded,2,100000,5,0.012490041961427778,0.2890640830155462,0.022885408821769038,0.12420266610954739,0.002160304384676785,0.00037770757500081304,0.05836471705426566,1883.2705658914686,99.99999999999928,20.000000000000014,1.33714861100716,True
31,flat,dry,medium,0.1842585955569101,RandomWalkSeeded,3,100000,5,0.012320000038016587,0.29351120797218755,0.02937443747694263,0.1594196318937536,0.001977260352737071,0.000597843210387117,0.07217288664090597,1855.6542267181878,99.99999999999967,20.000000000000043,1.400747406484436,True
31,flat,dry,medium,0.1842585955569101,RandomWalkSeeded,4,100000,5,0.012283832998946309,0.287279583979398,0.02641612590766417,0.14336441579739106,0.001633427241622615,0.000519728478297119,0.06984590760135533,1860.3081847972892,99.99999999999974,20.000000000000295,1.5197519053213249,True
32,flat,dry,medium,0.20566176345814183,Spiral,0,100000,5,0.03960837499471381,0.12952416704501957,0.09880975485714963,0.4804478635002092,0.0009708639757546653,0.004406724049575258,0.23513009492502016,1529.7398101499596,99.9999999999998,20.00000000000001,6.642023157544986,True
32,flat,dry,medium,0.20566176345814183,Concentric,0,100000,5,0.04440662497654557,0.1440309169702232,0.0980862579375992,0.47692996640847446,0.0009429967059343567,0.004604520743186135,0.23374837849704325,1532.5032430059134,100.00000000000023,20.00000000000019,6.611668901929876,True
32,flat,dry,medium,0.20566176345814183,Pizza,0,100000,5,0.015554832993075252,0.16666904202429578,0.10883135754740113,0.5291764288968157,0.001798492831363276,0.002845682964938478,0.25493538755603584,1490.1292248879286,100.00000000000004,20.00000000000016,6.377864042127299,True
32,flat,dry,medium,0.20566176345814183,GreedySeeded,0,100000,5,0.029550041945185512,0.042737583979032934,0.10406439448382064,0.5059977738885857,0.0034523878566246387,0.005259232489731544,0.2725425490376976,1454.9149019246047,100.00000000000014,20.000000000000107,5.387976171098016,True
32,flat,dry,medium,0.20566176345814183,GreedySeeded,1,100000,5,0.03085612499853596,0.09573304100194946,0.08282837734565024,0.40274077180373996,0.0034524163336559196,0.005271648125578305,0.24653930545404348,1506.9213890919132,100.00000000000038,20.000000000000107,4.313008979321652,True
32,flat,dry,medium,0.20566176345814183,GreedySeeded,2,100000,5,0.032551375043112785,0.060064416960813105,0.0968492714040837,0.4709153017828487,0.0034524163909597336,0.005259426629337432,0.2572076116963185,1485.584776607363,100.00000000000017,20.000000000000153,5.040089251875211,True
32,flat,dry,medium,0.20566176345814183,GreedySeeded,3,100000,5,0.027744625054765493,0.0848248329712078,0.08690928377833898,0.42258357760326976,0.0034524160539051753,0.005270471130715072,0.25971392224399314,1480.5721555120138,100.00000000000014,20.000000000000153,4.5180761100460645,True
32,flat,dry,medium,0.20566176345814183,GreedySeeded,4,100000,5,0.03454100003000349,0.053378666983917356,0.10218911274153636,0.4968794929269136,0.0034512050320342066,0.005272992201600771,0.2859668301821505,1428.066339635699,99.9999999999999,20.00000000000012,5.3120363540451265,True
32,flat,dry,medium,0.20566176345814183,RandomWalkSeeded,0,100000,5,0.012226541002746671,0.24494933401001617,0.01859261031679324,0.09040382618608334,0.001996103339568846,0.0006250308716886855,0.041264100143223056,1917.4717997135535,99.99999999999976,20.00000000000008,1.2240523437261353,True
32,flat,dry,medium,0.20566176345814183,RandomWalkSeeded,1,100000,5,0.012306499993428588,0.16222270799335092,0.026398039800067292,0.12835657613837423,0.0008730268395594465,0.0008831453320268068,0.06524976347965267,1869.5004730406945,100.00000000000003,20.00000000000009,1.6753143543901714,True
32,flat,dry,medium,0.20566176345814183,RandomWalkSeeded,2,100000,5,0.012251499982085079,0.19967645802535117,0.020294377572760796,0.09867841854274138,0.0016034376565951505,0.0008741600127003012,0.05021578873872905,1899.568422522542,100.00000000000007,20.00000000000013,1.3371486039054474,True
32,flat,dry,medium,0.20566176345814183,RandomWalkSeeded,3,100000,5,0.01278529199771583,0.23544537497218698,0.022455207115682545,0.10918513358100634,0.0014034032014656067,0.0008034188567642918,0.05377235463604584,1892.455290727908,100.00000000000001,20.00000000000005,1.4007473948219709,True
32,flat,dry,medium,0.20566176345814183,RandomWalkSeeded,4,100000,5,0.012525541009381413,0.22525754099478945,0.024837798791380504,0.12077013429108188,0.001943555541272469,0.001049740731146073,0.061970174942181884,1876.059650115636,100.00000000000006,20.00000000000009,1.5197518946358644,True
33,flat,dry,medium,0.24695711050420116,Spiral,0,100000,5,0.03984241699799895,0.12954679201357067,0.12786563496407588,0.5177645409885887,0.0037884273039246186,0.005386259875546907,0.25131084382247715,1497.3783123550454,99.99999999999942,20.000000000000064,6.64202315754478,True
33,flat,dry,medium,0.24695711050420116,Concentric,0,100000,5,0.04394929204136133,0.14541237498633564,0.1261686467193956,0.5108929500422271,0.003571910851744781,0.004139315139730267,0.250258848043207,1499.4823039135856,100.0000000000001,20.00000000000024,6.611668901929575,True
33,flat,dry,medium,0.24695711050420116,Pizza,0,100000,5,0.016400791995692998,0.14781354198930785,0.14718372726517795,0.5959890240239676,0.006836283057130778,0.00792940167141853,0.340195221831335,1319.6095563373296,100.00000000000021,20.00000000000032,6.377864042127092,True
33,flat,dry,medium,0.24695711050420116,GreedySeeded,0,100000,5,0.026988625002559274,0.1981236669817008,0.15329453365902784,0.6207334275415408,0.018338746551219316,0.01949474284217266,0.4236313121545596,1152.7373756908805,99.99999999999967,20.000000000000014,2.992139012716042,True
33,flat,dry,medium,0.24695711050420116,GreedySeeded,1,100000,5,0.030140874965582043,0.2570248330011964,0.16560367058366948,0.670576644849642,0.01087516544219395,0.018620837883543767,0.4849455995008907,1030.1088009982184,100.00000000000013,20.000000000000224,3.0314199757401896,True
33,flat,dry,medium,0.24695711050420116,GreedySeeded,2,100000,5,0.025034459016751498,0.2438982499879785,0.13747495500917323,0.5566754272776225,0.01966459664118881,0.02248287287236329,0.4210878946438723,1157.8242107122553,99.99999999999969,20.00000000000015,2.417770970498236,True
33,flat,dry,medium,0.24695711050420116,GreedySeeded,3,100000,5,0.02513941697543487,0.2653797089587897,0.14681285114684203,0.59448724050545,0.011400489323295265,0.02160795651206266,0.47003509666516496,1059.92980666967,99.99999999999956,20.00000000000015,2.4034454394746474,True
33,flat,dry,medium,0.24695711050420116,GreedySeeded,4,100000,5,0.02981441596057266,0.19902612501755357,0.16562446987324256,0.6706608671242329,0.010255071293393503,0.02087089853321726,0.503510409927754,992.9791801444917,100.00000000000053,20.00000000000044,2.835039853377727,True
33,flat,dry,medium,0.24695711050420116,RandomWalkSeeded,0,100000,5,0.01177016698056832,0.321502834034618,0.04366735019691459,0.1768215950849155,0.0014271003343189095,0.0011764063754690982,0.0748022627185196,1850.3954745629605,99.99999999999989,20.00000000000028,1.2240523501446163,True
33,flat,dry,medium,0.24695711050420116,RandomWalkSeeded,1,100000,5,0.012203791993670166,0.2634804170229472,0.05769249159086286,0.23361340547382786,0.004086337069119514,0.0027660018139545554,0.10933079325314529,1781.3384134937096,99.99999999999972,20.00000000000009,1.6753143603089533,True
33,flat,dry,medium,0.24695711050420116,RandomWalkSeeded,2,100000,5,0.012816125003155321,0.28847662499174476,0.041259861988826245,0.16707298649788965,0.0030843514831008743,0.002635090620949547,0.08462258722340271,1830.7548255531942,99.99999999999928,20.000000000000014,1.3371486053847204,True
33,flat,dry,medium,0.24695711050420116,RandomWalkSeeded,3,100000,5,0.011887083004694432,0.29876083304407075,0.03476335237561405,0.14076676028740087,0.0026614168583024354,0.0021426592294096964,0.07549818713747757,1849.003625725045,99.99999999999967,20.000000000000043,1.4007474019308983,True
33,flat,dry,medium,0.24695711050420116,RandomWalkSeeded,4,100000,5,0.012612499995157123,0.2804107920383103,0.050929148214596126,0.20622669301003882,0.005728773572344304,0.00355344651439415,0.13211637566621462,1735.7672486675706,99.99999999999974,20.000000000000295,1.5197519015639522,True
34,flat,dry,medium,0.04587010699413312,Spiral,0,100000,5,0.03913437499431893,0.1301612919778563,0.01827559274425703,0.39842053881833145,4.001233507251527e-12,0.0022129653676259955,0.21974100831867396,1560.517983362652,100.00000000000001,20.00000000000004,6.6420231575448225,True
34,flat,dry,medium,0.04587010699413312,Concentric,0,100000,5,0.0435804589651525,0.14725966699188575,0.015734924005456476,0.34303220630091413,5.55970849920045e-14,0.0005271756715783314,0.16327397909478625,1673.4520418104275,99.99999999999994,20.000000000000043,6.61166874261596,True
34,flat,dry,medium,0.04587010699413312,Pizza,0,100000,5,0.015180874965153635,0.1501279579824768,0.025004952912494507,0.5451252362610075,6.157525347384327e-09,3.671503825332149e-06,0.17964792162391505,1640.70415675217,99.99999999999994,20.00000000000017,6.377864042127433,True
34,flat,dry,medium,0.04587010699413312,GreedySeeded,0,100000,5,0.022546707943547517,0.2989946249872446,0.023885669488980608,0.5207240849042631,2.0745119546253687e-05,5.55150770737787e-06,0.2908118368630334,1418.3763262739328,100.00000000000024,20.000000000000142,1.3376541420716095,True
34,flat,dry,medium,0.04587010699413312,GreedySeeded,1,100000,5,0.030250374984461814,0.32049145898781717,0.014106969085257043,0.30754166514286424,1.2116949435416165e-22,7.388756547558908e-06,0.18865095117006328,1622.6980976598734,100.00000000000013,20.00000000000014,1.6979703640866748,True
34,flat,dry,medium,0.04587010699413312,GreedySeeded,2,100000,5,0.02496125001925975,0.28755045897560194,0.024548726519414733,0.5351791859250419,2.423906307026715e-06,6.574965433957723e-07,0.24075046575535003,1518.4990684892998,99.99999999999976,20.000000000000018,1.5988295965852686,True
34,flat,dry,medium,0.04587010699413312,GreedySeeded,3,100000,5,0.02764258300885558,0.2939119159709662,0.0,0.0,0.0,0.0,0.0,2000.0,99.99999999999987,20.00000000000003,1.400747421202133,True
34,flat,dry,medium,0.04587010699413312,GreedySeeded,4,100000,5,0.02384887501830235,0.2713417090126313,0.019488794425559647,0.42486917303359034,0.00024558408177950154,6.338967925320057e-05,0.21881920853381667,1562.3615829323667,99.9999999999999,20.000000000000046,1.6715748242078579,True
34,flat,dry,medium,0.04587010699413312,RandomWalkSeeded,0,100000,5,0.01215654198313132,0.31566733395447955,0.005444273067628656,0.1186889114587195,4.9810131537151304e-06,9.077125519025855e-07,0.040632912678806116,1918.7341746423876,99.99999999999977,20.00000000000008,1.2240523686216087,True
34,flat,dry,medium,0.04587010699413312,RandomWalkSeeded,1,100000,5,0.013224874972365797,0.26565437501994893,0.0063254844195498195,0.13789992729598086,5.553510301384442e-23,1.3490969886776147e-06,0.060310263345569035,1879.379473308862,100.00000000000001,20.00000000000009,1.6753143852519867,True
34,flat,dry,medium,0.04587010699413312,RandomWalkSeeded,2,100000,5,0.012209167005494237,0.27882816700730473,0.0009936368563584555,0.021661969449636203,5.937152560198561e-08,2.2890625549877232e-08,0.00915639103611914,1981.6872179277616,100.00000000000007,20.00000000000013,1.3371486222779663,True
34,flat,dry,medium,0.04587010699413312,RandomWalkSeeded,3,100000,5,0.014794417016673833,0.295961374999024,0.0,0.0,0.0,0.0,0.0,2000.0,99.99999999999987,20.00000000000003,1.400747421202133,True
34,flat,dry,medium,0.04587010699413312,RandomWalkSeeded,4,100000,5,0.012126124987844378,0.2818860000115819,0.0037549092205812254,0.08185961330025862,7.165230853900574e-05,9.25279970382162e-06,0.04467434847149791,1910.651303057004,100.00000000000009,20.00000000000013,1.5197519219599367,True
35,flat,dry,medium,0.2319973728160873,Spiral,0,100000,5,0.03889533400069922,0.1319217499694787,0.10266655792155709,0.44253327818045846,5.235607136615598e-07,0.00690297169790556,0.23017777705031273,1539.6444458993747,100.00000000000024,20.000000000000416,6.642023157544828,True
35,flat,dry,medium,0.2319973728160873,Concentric,0,100000,5,0.04541012499248609,0.1486456660204567,0.10235426024316803,0.4411871522541247,1.073983635310449e-06,0.005505807391626337,0.20193221884157167,1596.1355623168567,100.0000000000001,20.00000000000024,6.611668901929568,True
35,flat,dry,medium,0.2319973728160873,Pizza,0,100000,5,0.01606054202420637,0.14899524999782443,0.11197511669762139,0.48265683071501037,0.0006761028333356176,0.00041419904107146716,0.20000071901791955,1599.9985619641607,100.00000000000021,20.00000000000032,6.377864042127101,True
35,flat,dry,medium,0.2319973728160873,GreedySeeded,0,100000,5,0.024215541023295373,0.2639027499826625,0.07464667732337482,0.3217565630906948,0.0036258688111149404,0.001704072473512502,0.1884610633607284,1623.0778732785434,99.99999999999989,20.000000000000203,2.3822462817776224,True
35,flat,dry,medium,0.2319973728160873,GreedySeeded,1,100000,5,0.049369291053153574,0.227007917012088,0.08279519202780092,0.35687986903815355,8.722930316858209e-10,0.0005179218352294989,0.1377572487349638,1724.4855025300724,100.00000000000021,20.000000000000288,2.7105959470327874,True
35,flat,dry,medium,0.2319973728160873,GreedySeeded,2,100000,5,0.027383250009734184,0.1958216250059195,0.11706619128905055,0.5046013662484581,0.0035601468339872336,0.001128736214906729,0.24683067389031665,1506.3386522193668,100.00000000000031,20.00000000000031,3.3683425017940776,True
35,flat,dry,medium,0.2319973728160873,GreedySeeded,3,100000,5,0.028755999985150993,0.1703105409978889,0.12198348110356505,0.5257968209849763,0.0016671422411549698,0.001146162765307772,0.24979052121770987,1500.4189575645803,100.00000000000017,20.00000000000025,3.3986020030202155,True
35,flat,dry,medium,0.2319973728160873,GreedySeeded,4,100000,5,0.03188195900293067,0.18848600005730987,0.10049878970487913,0.4331893438489416,0.0037614053706052654,0.0012432762908895143,0.14422553416167153,1711.5489316766573,99.99999999999922,20.00000000000016,3.1108467302974483,True
35,flat,dry,medium,0.2319973728160873,RandomWalkSeeded,0,100000,5,0.011915332986973226,0.31976974999997765,0.01498904695343044,0.0646086926394326,0.0016733684988559524,0.0002542729834233723,0.030065522621144928,1939.86895475771,99.99999999999989,20.00000000000028,1.2240523487850672,True
35,flat,dry,medium,0.2319973728160873,RandomWalkSeeded,1,100000,5,0.012288084020838141,0.2698115829844028,0.02290842691036489,0.09874433762888009,1.9299332869742132e-07,0.00013872943644521767,0.03844773938407842,1923.104521231843,99.99999999999972,20.00000000000009,1.6753143607078982,True
35,flat,dry,medium,0.2319973728160873,RandomWalkSeeded,2,100000,5,0.012598624976817518,0.28982775000622496,0.010172009138912525,0.04384536348597466,0.0006261189890374086,9.333386818712597e-05,0.023064683211818243,1953.8706335763636,99.99999999999928,20.000000000000014,1.3371486062637938,True
35,flat,dry,medium,0.2319973728160873,RandomWalkSeeded,3,100000,5,0.015407124999910593,0.29853000002913177,0.022876378689573776,0.09860619718184786,2.1107957845420086e-05,5.112933471474643e-05,0.04661848260658332,1906.7630347868337,99.99999999999967,20.000000000000043,1.4007474001987352,True
35,flat,dry,medium,0.2319973728160873,RandomWalkSeeded,4,100000,5,0.012054209015332162,0.2804607499856502,0.025667162476369916,0.11063557386366268,0.0023543379407173913,0.00042075206398842495,0.05869597214232716,1882.6080557153455,99.99999999999974,20.000000000000295,1.519751900662438,True
36,flat,dry,medium,0.2862299913072013,Spiral,0,100000,5,0.03812708397163078,0.1295850840397179,0.1350394922755876,0.47178666239295003,0.0012547627048664516,0.006218943905686747,0.23072204563324775,1538.555908733504,99.99999999999987,20.000000000000036,6.642023157544702,True
36,flat,dry,medium,0.2862299913072013,Concentric,0,100000,5,0.04242524999426678,0.14711424999404699,0.13476004297603006,0.4708103520549547,0.001218746535433904,0.00617966409302929,0.23036759442832647,1539.2648111433468,99.99999999999953,20.00000000000005,6.611668742616147,True
36,flat,dry,medium,0.2862299913072013,Pizza,0,100000,5,0.015348416985943913,0.14681733294855803,0.14186090454085007,0.49561858941816966,0.002324898598154189,0.00367798683587832,0.23725123654745836,1525.4975269050833,99.9999999999993,20.00000000000012,6.377864042127238,True
36,flat,dry,medium,0.2862299913072013,GreedySeeded,0,100000,5,0.03401483298512176,0.04266058298526332,0.15037331860783026,0.5253583592728391,0.004554641356180081,0.006825071961072786,0.271330959550276,1457.3380808994477,99.99999999999983,20.000000000000206,6.013480912519959,True
36,flat,dry,medium,0.2862299913072013,GreedySeeded,1,100000,5,0.027702332998160273,0.10118800000054762,0.11674026367082521,0.4078547574196434,0.004550762372344392,0.006757190968747102,0.23832400810736884,1523.3519837852623,100.00000000000011,20.00000000000023,4.669140346315294,True
36,flat,dry,medium,0.2862299913072013,GreedySeeded,2,100000,5,0.07124537497293204,0.05532195797422901,0.15320878905827978,0.5352646253405563,0.004549912211642564,0.00681805605915115,0.27738621065545466,1445.2275786890905,99.99999999999915,19.999999999999975,6.079729927248474,True
36,flat,dry,medium,0.2862299913072013,GreedySeeded,3,100000,5,0.03325370902894065,0.10341800004243851,0.11655123913813316,0.40719436354607064,0.0045520299295555375,0.006817350294795572,0.24160980641512841,1516.7803871697429,100.00000000000003,20.00000000000005,4.647454110546879,True
36,flat,dry,medium,0.2862299913072013,GreedySeeded,4,100000,5,0.029392375028692186,0.08192470896756276,0.13299006548100895,0.46462659232056175,0.004554371054422544,0.006820876294564471,0.2689868264492173,1462.0263471015653,99.99999999999945,20.000000000000004,5.261421546002633,True
36,flat,dry,medium,0.2862299913072013,RandomWalkSeeded,0,100000,5,0.01239166600862518,0.31916395801818,0.024306125677116167,0.08491816516540085,0.00257980179592037,0.0008078052946701944,0.03847145395513685,1923.0570920897262,99.99999999999991,20.00000000000028,1.2240523654993345,True
36,flat,dry,medium,0.2862299913072013,RandomWalkSeeded,1,100000,5,0.01539029204286635,0.25776504195528105,0.03517795836113832,0.12290102165912786,0.0011283161612363622,0.0011413944645148207,0.06082274423214186,1878.3545115357156,99.99999999999966,20.00000000000009,1.6753143831846862,True
36,flat,dry,medium,0.2862299913072013,RandomWalkSeeded,2,100000,5,0.011939666990656406,0.28749950003111735,0.026228831875457152,0.09163551225247604,0.0020723127165042446,0.0011297806953261694,0.046631772095561366,1906.736455808877,99.99999999999929,20.000000000000018,1.3371486203458995,True
36,flat,dry,medium,0.2862299913072013,RandomWalkSeeded,3,100000,5,0.01196475001052022,0.3020713340374641,0.02902152825599954,0.1013923388092888,0.0018137844579216346,0.0010383535067331263,0.04993449768311287,1900.1310046337737,99.99999999999955,20.000000000000036,1.4007474203048398,True
36,flat,dry,medium,0.2862299913072013,RandomWalkSeeded,4,100000,5,0.01276533299824223,0.2837373749935068,0.03212136156979034,0.11222220782348254,0.0025122631590923207,0.0013569246932347164,0.057582137893737645,1884.8357242125244,99.99999999999974,20.000000000000252,1.5197519215783708,True
37,flat,dry,medium,0.09922661774296908,Spiral,0,100000,5,0.040516375040169805,0.1326622079941444,0.045311897529458384,0.4566506302455226,0.0005409104034361661,0.0021177788150004142,0.22037433789179628,1559.2513242164073,99.9999999999998,20.00000000000001,6.6420231575449895,True
37,flat,dry,medium,0.09922661774296908,Concentric,0,100000,5,0.04055458394577727,0.14468383300118148,0.04523375125770796,0.45586307672885584,0.0004884357673247139,0.0018772318272582624,0.21858198505594903,1562.836029888102,100.00000000000023,20.00000000000019,6.611668901929876,True
37,flat,dry,medium,0.09922661774296908,Pizza,0,100000,5,0.015257957973517478,0.14989379199687392,0.04608804413334262,0.46447258993273804,0.0010763555700435436,0.0014923298115789834,0.2359139086150064,1528.172182769987,100.00000000000006,20.00000000000016,6.377864042127304,True
37,flat,dry,medium,0.09922661774296908,GreedySeeded,0,100000,5,0.028019541001413018,0.0861640409566462,0.04516997380161285,0.45522033128871275,0.0037828808140616677,0.0037331517117072262,0.25787832370316627,1484.2433525936674,99.9999999999998,20.00000000000007,3.4053420881559173,True
37,flat,dry,medium,0.09922661774296908,GreedySeeded,1,100000,5,0.0313448749948293,0.11949241597903892,0.046815375157566286,0.47180258908788103,0.0038229608352333493,0.003713693090801967,0.2553647117750755,1489.270576449849,100.00000000000016,20.00000000000012,3.484457506327148,True
37,flat,dry,medium,0.09922661774296908,GreedySeeded,2,100000,5,0.028122749994508922,0.07181720895459875,0.04868363916863795,0.4906308435781339,0.0038482809586376015,0.0037787426870231258,0.25061348404256817,1498.7730319148636,100.00000000000004,20.000000000000046,3.387643252466585,True
37,flat,dry,medium,0.09922661774296908,GreedySeeded,3,100000,5,0.028603082988411188,0.08201679203193635,0.032204857809158244,0.3245586571597135,0.0038318900407832202,0.0037874477863355017,0.20562070371880836,1588.7585925623835,100.0000000000001,20.000000000000096,2.5825520931224846,True
37,flat,dry,medium,0.09922661774296908,GreedySeeded,4,100000,5,0.0264260420226492,0.11573654197854921,0.039550092185165545,0.3985834958883092,0.0037203530349804877,0.004111523189945562,0.24164564777159414,1516.7087044568116,100.00000000000001,20.00000000000009,2.8503879051704635,True
37,flat,dry,medium,0.09922661774296908,RandomWalkSeeded,0,100000,5,0.011957874987274408,0.24460437498055398,0.009025063302864515,0.09095405555636814,0.0006523510194166021,0.00029684693215536746,0.03978718950835311,1920.4256209832936,99.99999999999976,20.00000000000008,1.2240523453777756,True
37,flat,dry,medium,0.09922661774296908,RandomWalkSeeded,1,100000,5,0.015386541024781764,0.16424941696459427,0.013343799182001008,0.134478020973828,0.0007200460306972316,0.00038814099357233723,0.06585645494099192,1868.2870901180158,100.00000000000003,20.00000000000009,1.6753143587404726,True
37,flat,dry,medium,0.09922661774296908,RandomWalkSeeded,2,100000,5,0.01235670899040997,0.1831654580309987,0.010125047221656726,0.10203962859929445,0.00043970490150054285,0.00048618583267924666,0.051115407351628894,1897.7691852967423,100.00000000000007,20.00000000000013,1.3371486046650158,True
37,flat,dry,medium,0.09922661774296908,RandomWalkSeeded,3,100000,5,0.012156415963545442,0.25515441701281816,0.009980365459827351,0.10058153433869847,0.00015644428803907113,0.00031317210697783985,0.049031273543395586,1901.9374529132085,100.00000000000001,20.00000000000005,1.400747398982872,True
37,flat,dry,medium,0.09922661774296908,RandomWalkSeeded,4,100000,5,0.011992375017143786,0.25311933300690725,0.00979959182473832,0.0987597083085369,0.000640753661509674,0.00055389012365298,0.05124506274586211,1897.5098745082755,100.00000000000006,20.00000000000009,1.5197518992801482,True
38,flat,dry,medium,0.1441807075905264,Spiral,0,100000,5,0.0403410840081051,0.13493691699113697,0.0690557263050951,0.4789526106447858,0.0003747853392320184,0.002265938477195346,0.23705000613543248,1525.8999877291349,99.9999999999998,20.00000000000001,6.642023157544986,True
38,flat,dry,medium,0.1441807075905264,Concentric,0,100000,5,0.04581041698111221,0.15105012501589954,0.06720614649871988,0.46612440472677885,0.000376865590069354,0.00478388398591298,0.23863549600213332,1522.7290079957334,100.00000000000023,20.00000000000019,6.611668901929876,True
38,flat,dry,medium,0.1441807075905264,Pizza,0,100000,5,0.0151889169937931,0.14915045798989013,0.08122151987917892,0.5633314001332845,0.0004792009367504055,0.0012678218971171875,0.2539048830588475,1492.190233882305,100.00000000000004,20.00000000000016,6.377864042127299,True
38,flat,dry,medium,0.1441807075905264,GreedySeeded,0,100000,5,0.027515958005096763,0.12745283299591392,0.10950714343405914,0.7595131502964996,0.0005090956020660188,0.003679773256094553,0.42730922224408574,1145.3815555118283,99.99999999999974,20.000000000000057,4.1617666915691665,True
38,flat,dry,medium,0.1441807075905264,GreedySeeded,1,100000,5,0.030629166983999312,0.11013433401240036,0.10818703307239409,0.7503572071490006,0.0012544491980149754,0.004102281456619475,0.4347829835040211,1130.4340329919576,100.00000000000004,20.000000000000163,3.8380827972765523,True
38,flat,dry,medium,0.1441807075905264,GreedySeeded,2,100000,5,0.026750541001092643,0.1730319580528885,0.10423197443896273,0.7229259460633376,0.00038435629874511494,0.004004141527834535,0.39820422904522995,1203.59154190954,100.0000000000001,20.00000000000015,3.5561776066824873,True
38,flat,dry,medium,0.1441807075905264,GreedySeeded,3,100000,5,0.030422792013268918,0.10017091600457206,0.11069845618337662,0.7677757866035763,0.0033365147628827063,0.003916862743224187,0.39769893914865995,1204.6021217026798,99.9999999999999,20.000000000000064,3.960708504310858,True
38,flat,dry,medium,0.1441807075905264,GreedySeeded,4,100000,5,0.0278177919681184,0.15181595901958644,0.10673576029452163,0.7402915554947301,0.0026807758161032217,0.004587109561365456,0.4446844310785895,1110.6311378428206,100.00000000000011,20.000000000000135,3.8570522678297903,True
38,flat,dry,medium,0.1441807075905264,RandomWalkSeeded,0,100000,5,0.011576000018976629,0.23289437498897314,0.005237995286647017,0.0363293770309613,0.0006162559422019148,0.0002001333579568907,0.017981913216430195,1964.0361735671395,99.99999999999976,20.00000000000008,1.2240523463409592,True
38,flat,dry,medium,0.1441807075905264,RandomWalkSeeded,1,100000,5,0.012286541983485222,0.23043916700407863,0.016103844800072376,0.11169209160637038,0.00019340733160963522,0.0005357645904022605,0.06550634599036553,1868.9873080192688,100.00000000000003,20.00000000000009,1.675314360989245,True
38,flat,dry,medium,0.1441807075905264,RandomWalkSeeded,2,100000,5,0.012371416029054672,0.28738841600716114,0.005978034345123865,0.04146209603923917,0.0011277337852320056,0.0003747321947068156,0.02424765558284025,1951.5046888343193,100.00000000000007,20.00000000000013,1.3371486064185671,True
38,flat,dry,medium,0.1441807075905264,RandomWalkSeeded,3,100000,5,0.012147834000643343,0.26709649997064844,0.0204691664829482,0.14196883081667686,0.0005830588884199912,0.0003215119021675728,0.06692401308694491,1866.15197382611,100.00000000000001,20.00000000000005,1.4007474001231268,True
38,flat,dry,medium,0.1441807075905264,RandomWalkSeeded,4,100000,5,0.012061083049047738,0.2095559169538319,0.02317296740491049,0.16072169288225288,0.00023068030802026325,0.00038123370545423867,0.060475670578202766,1879.0486588435942,100.00000000000006,20.00000000000009,1.5197518994019437,True
39,flat,dry,medium,0.15831204945463923,Spiral,0,100000,5,0.04054791701491922,0.132123582996428,0.07929454030471224,0.5008749528407331,0.0006447187288637091,0.002587966115017706,0.2297449066143999,1540.5101867712003,99.99999999999991,20.000000000000053,6.64202315754469,True
39,flat,dry,medium,0.15831204945463923,Concentric,0,100000,5,0.04589545796625316,0.14555062499130145,0.07788172048724587,0.4919506806685687,0.0007199442313225975,0.0025044401566972825,0.23593560089970228,1528.1287982005954,99.99999999999962,20.00000000000005,6.611668821015626,True
39,flat,dry,medium,0.15831204945463923,Pizza,0,100000,5,0.015709666011389345,0.14771983301034197,0.09383919105490793,0.5927482549696601,0.000857712886124186,0.00236258934336774,0.3115204088755726,1376.9591822488549,99.9999999999993,20.00000000000012,6.377864042127231,True
39,flat,dry,medium,0.15831204945463923,GreedySeeded,0,100000,5,0.025845874974038452,0.2760291249724105,0.09413025710080394,0.594586813985848,0.020354781801761902,0.01009002738521968,0.38819442487085587,1223.611150258288,100.00000000000044,20.00000000000025,2.312411893002029,True
39,flat,dry,medium,0.15831204945463923,GreedySeeded,1,100000,5,0.025304166018031538,0.22222574998158962,0.09003007901539599,0.5686874708876287,0.020345157670329114,0.011510933473988818,0.41116870949755085,1177.6625810048981,99.99999999999966,20.000000000000018,2.4743327418243592,True
39,flat,dry,medium,0.15831204945463923,GreedySeeded,2,100000,5,0.028539958992041647,0.2556723749730736,0.0718292158106996,0.45371919609492933,0.020347840291061056,0.0099715575761999,0.36586503379964225,1268.2699324007156,99.99999999999962,20.000000000000238,2.2655668069422172,True
39,flat,dry,medium,0.15831204945463923,GreedySeeded,3,100000,5,0.025877249951008707,0.294736375042703,0.07671662280955027,0.48459117972275195,0.020344855250703085,0.012262744257324543,0.3712239908502546,1257.552018299491,100.00000000000031,20.000000000000263,1.9594872812663222,True
39,flat,dry,medium,0.15831204945463923,GreedySeeded,4,100000,5,0.03116516600130126,0.1967465000343509,0.11526164245304546,0.7280661380488989,0.02035161231705338,0.010106015851853178,0.5078596921028707,984.2806157942584,100.00000000000027,20.00000000000028,2.9152219038339853,True
39,flat,dry,medium,0.15831204945463923,RandomWalkSeeded,0,100000,5,0.012102458043955266,0.3066455830121413,0.01613986178659747,0.10194967371211998,0.00054242138722227,0.0002791505093383949,0.043071579473792324,1913.8568410524153,99.99999999999991,20.00000000000028,1.224052342990736,True
39,flat,dry,medium,0.15831204945463923,RandomWalkSeeded,1,100000,5,0.012104499968700111,0.2558955829590559,0.03987596555063093,0.2518820625972409,0.0003960471520402723,0.0008068514118209661,0.12127548841175646,1757.4490231764871,99.99999999999966,20.00000000000009,1.6753143579921699,True
39,flat,dry,medium,0.15831204945463923,RandomWalkSeeded,2,100000,5,0.012003166018985212,0.2826549169840291,0.021240156528396843,0.13416639227125118,0.00021534833909220635,0.0006928299745632268,0.05802664291105733,1883.9467141778853,99.99999999999929,20.000000000000018,1.337148604181945,True
39,flat,dry,medium,0.15831204945463923,RandomWalkSeeded,3,100000,5,0.012234000023454428,0.3006359160062857,0.010018355133586837,0.0632823285915288,0.000339710082752308,0.000524899114133533,0.03638338603101342,1927.233227937973,99.99999999999955,20.000000000000036,1.4007473987039705,True
39,flat,dry,medium,0.15831204945463923,RandomWalkSeeded,4,100000,5,0.01335108297644183,0.2952147499890998,0.018384094825109436,0.11612568271612823,0.000861244739125274,0.0009539469157461498,0.07283817186813839,1854.323656263723,99.99999999999974,20.000000000000252,1.519751896976636,True
40,flat,dry,medium,0.09252221357221063,Spiral,0,100000,5,0.04190399998333305,0.13466070900904015,0.03941636129090259,0.42602051733381174,8.742928244689621e-05,0.001655662044622452,0.20823892537129518,1583.5221492574096,99.99999999999991,20.000000000000053,6.64202315754469,True
40,flat,dry,medium,0.09252221357221063,Concentric,0,100000,5,0.04139691701857373,0.14342129102442414,0.03978973933078213,0.430056067559684,8.118897050993194e-05,0.0013666413605468062,0.19885327996291297,1602.2934400741744,99.99999999999962,20.00000000000005,6.611668821015626,True
40,flat,dry,medium,0.09252221357221063,Pizza,0,100000,5,0.015486958029214293,0.14664262504084036,0.037505565862268095,0.4053682290361136,0.0002729002221980712,0.0009658227389161914,0.2326483508160906,1534.7032983678191,99.9999999999993,20.00000000000012,6.377864042127231,True
40,flat,dry,medium,0.09252221357221063,GreedySeeded,0,100000,5,0.024093874963000417,0.27134116599336267,0.04485726908100512,0.48482701990258215,3.066758542601449e-07,0.001638351395382845,0.3539362076272406,1292.127584745519,99.9999999999998,20.0000000000002,1.7002695457386674,True
40,flat,dry,medium,0.09252221357221063,GreedySeeded,1,100000,5,0.023895958031062037,0.2887590829632245,0.02534286441934093,0.27391113377936677,0.005236152562259378,0.002382209064509415,0.1826848783836833,1634.6302432326333,100.00000000000026,20.00000000000026,1.5995599676161292,True
40,flat,dry,medium,0.09252221357221063,GreedySeeded,2,100000,5,0.023711790970992297,0.2801329590147361,0.04839124956906494,0.5230230417184855,2.14988391850286e-12,0.0011572151721768729,0.30718915866949076,1385.621682661019,100.00000000000054,20.000000000000426,1.831612376658549,True
40,flat,dry,medium,0.09252221357221063,GreedySeeded,3,100000,5,0.024727708951104432,0.2388546250294894,0.042123186282291857,0.4552764644937516,9.288974772136478e-05,5.6568347649897034e-05,0.2563544666652813,1487.2910666694374,100.0000000000004,20.000000000000423,1.9474259177096558,True
40,flat,dry,medium,0.09252221357221063,GreedySeeded,4,100000,5,0.02460258302744478,0.25174470798810944,0.05048005038568363,0.5455992505657634,0.005114959446604996,0.0028103633913875714,0.41516266592994266,1169.6746681401148,100.0,20.000000000000398,2.277131568797974,True
40,flat,dry,medium,0.09252221357221063,RandomWalkSeeded,0,100000,5,0.01504029199713841,0.3136202080058865,0.004203287988711641,0.04543004135359461,0.00043336637173995265,9.420570773550191e-05,0.02667792144992219,1946.644157100156,99.99999999999991,20.00000000000028,1.2240523438493767,True
40,flat,dry,medium,0.09252221357221063,RandomWalkSeeded,1,100000,5,0.012409708986524493,0.26537137501873076,0.013775809397243724,0.1488919132538063,7.957693095028074e-07,0.0001005942697341837,0.07252082320771754,1854.958353584565,99.99999999999966,20.00000000000009,1.6753143591433277,True
40,flat,dry,medium,0.09252221357221063,RandomWalkSeeded,2,100000,5,0.012029207951854914,0.2926880830200389,0.011180118591568566,0.12083712829506442,2.3686963481805392e-05,0.00026953827441290374,0.05434022845301184,1891.3195430939766,99.99999999999929,20.000000000000018,1.33714860347579,True
40,flat,dry,medium,0.09252221357221063,RandomWalkSeeded,3,100000,5,0.012710749986581504,0.2910931670339778,0.008788480812103094,0.09498779236668355,6.120004379694323e-08,3.367867254037795e-06,0.03665840074165568,1926.683198516689,99.99999999999955,20.000000000000036,1.400747398067934,True
40,flat,dry,medium,0.09252221357221063,RandomWalkSeeded,4,100000,5,0.01216570899123326,0.2957612500176765,0.006970743134166827,0.07534129226951952,0.0008225248726282556,0.00026320706301365923,0.04124261156659686,1917.5147768668062,99.99999999999974,20.000000000000252,1.519751899516771,True
41,flat,dry,medium,0.11692351195660297,Spiral,0,100000,5,0.0390819160384126,0.1323920839931816,0.056271854788018404,0.48127065161115,0.0004674228624531914,0.002193298574981719,0.22752827672961787,1544.9434465407644,99.99999999999987,20.000000000000036,6.642023157544702,True
41,flat,dry,medium,0.11692351195660297,Concentric,0,100000,5,0.04102704202523455,0.14486033300636336,0.055081282330043946,0.4710881618958535,0.00036688422586624193,0.0023726088988688084,0.2253505212182645,1549.2989575634713,99.99999999999955,20.00000000000005,6.611668742616122,True
41,flat,dry,medium,0.11692351195660297,Pizza,0,100000,5,0.015324750042054802,0.14825370797188953,0.0534115836731363,0.4568078975677741,0.0002736389833356301,0.001614064412441179,0.23994621760845056,1520.107564783099,99.99999999999936,20.00000000000012,6.37786404212724,True
41,flat,dry,medium,0.11692351195660297,GreedySeeded,0,100000,5,0.03241441701538861,0.1199134589987807,0.07196005121416424,0.6154455165602,0.003049923334546101,0.003911876148068128,0.36321560995632257,1273.568780087355,100.00000000000001,20.000000000000316,4.382769721068275,True
41,flat,dry,medium,0.11692351195660297,GreedySeeded,1,100000,5,0.028190999990329146,0.12843362498097122,0.06888185472572768,0.5891189340198205,0.0038187122255718474,0.004095236845882739,0.3571843632416143,1285.6312735167717,100.00000000000009,20.000000000000146,4.179092397326684,True
41,flat,dry,medium,0.11692351195660297,GreedySeeded,2,100000,5,0.0324287079856731,0.13292304100468755,0.06967859693012343,0.5959331512038841,0.0009163765106824974,0.003695829825350831,0.3281466147603513,1343.7067704792976,99.99999999999999,20.000000000000323,4.1800462537664895,True
41,flat,dry,medium,0.11692351195660297,GreedySeeded,3,100000,5,0.02718150004511699,0.14168608299223706,0.06890588138658477,0.5893244244336391,0.0019704187996817026,0.004337113581892418,0.3403300676542768,1319.3398646914466,99.99999999999989,20.000000000000203,4.03074939120394,True
41,flat,dry,medium,0.11692351195660297,GreedySeeded,4,100000,5,0.03265741700306535,0.13269129203399643,0.07221248142195488,0.6176044510941228,0.002631248800168695,0.0035415356712756637,0.36250183684579057,1274.996326308419,99.99999999999933,19.999999999999975,4.2378015420704065,True
41,flat,dry,medium,0.11692351195660297,RandomWalkSeeded,0,100000,5,0.012216083006933331,0.31187229201896116,0.007243663621080436,0.061952155728686766,0.0004367822068343275,0.00020092361496346374,0.01841074624460044,1963.1785075107994,99.99999999999991,20.00000000000028,1.2240523503065563,True
41,flat,dry,medium,0.11692351195660297,RandomWalkSeeded,1,100000,5,0.012377542036119848,0.2575073330081068,0.011088463356391687,0.09483518901234554,0.0006222209326705354,0.00045437238599094123,0.05581539461742453,1888.369210765151,99.99999999999966,20.00000000000009,1.6753143609673053,True
41,flat,dry,medium,0.11692351195660297,RandomWalkSeeded,2,100000,5,0.012099667044822127,0.28279899997869506,0.010707952746167818,0.09158083405963853,0.0008975682898025842,0.0004982622694659426,0.04744614853729826,1905.1077029254036,99.99999999999929,20.000000000000018,1.3371486055721327,True
41,flat,dry,medium,0.11692351195660297,RandomWalkSeeded,3,100000,5,0.011861291015520692,0.29503654199652374,0.01437629635285643,0.12295470870043913,0.0004963572622376675,0.00046262731052158155,0.05864272591826218,1882.7145481634755,99.99999999999955,20.000000000000036,1.4007474032765743,True
41,flat,dry,medium,0.11692351195660297,RandomWalkSeeded,4,100000,5,0.015649500011932105,0.2873414999921806,0.01862768342834975,0.15931512077112048,0.0005130510341044444,0.00045872866843025065,0.07895630690308376,1842.0873861938326,99.99999999999974,20.000000000000252,1.5197519033810976,True
42,flat,dry,medium,0.08958914539448036,Spiral,0,100000,5,0.03914725000504404,0.13243066699942574,0.04113578610818796,0.45916038072534576,0.00017607806929552963,0.0015297468419018267,0.22562036953725126,1548.7592609254973,99.9999999999998,20.00000000000001,6.642023157544986,True
42,flat,dry,medium,0.08958914539448036,Concentric,0,100000,5,0.04424795799423009,0.1475797920138575,0.0400811497327815,0.44738845935292204,0.0001705380107532748,0.0029387701924992447,0.23511996861907575,1529.760062761848,100.00000000000023,20.00000000000019,6.611668901929876,True
42,flat,dry,medium,0.08958914539448036,Pizza,0,100000,5,0.012566542020067573,0.15132395800901577,0.03095169368658155,0.34548486371082743,0.0005670382267887454,0.000466966441279144,0.14240463240186602,1715.190735196268,100.00000000000004,20.00000000000016,6.377864042127299,True
42,flat,dry,medium,0.08958914539448036,GreedySeeded,0,100000,5,0.024757125007454306,0.21995912498096004,0.022135025540778702,0.24707262741834854,6.247820497657925e-11,5.125006442348229e-05,0.09393124086005447,1812.1375182798906,100.00000000000001,20.00000000000015,1.802018832207512,True
42,flat,dry,medium,0.08958914539448036,GreedySeeded,1,100000,5,0.025559875008184463,0.1600012910203077,0.02123591988996585,0.23703675033911203,1.724901234070207e-06,0.0015552521203089178,0.1528951615356479,1694.209676928704,99.9999999999998,20.000000000000018,1.969536526114932,True
42,flat,dry,medium,0.08958914539448036,GreedySeeded,2,100000,5,0.024827333982102573,0.20572537503903732,0.022463271295061708,0.2507365283612325,5.017120970977646e-10,0.0016879298337706822,0.12876482871138828,1742.4703425772234,99.9999999999995,20.000000000000046,1.7949727616881477,True
42,flat,dry,medium,0.08958914539448036,GreedySeeded,3,100000,5,0.025242667004931718,0.16514945798553526,0.03954825469221763,0.4414402494641301,1.9117985399612587e-06,0.0013489862451347187,0.20352874619350333,1592.942507612993,99.9999999999998,20.000000000000153,2.2041563758990232,True
42,flat,dry,medium,0.08958914539448036,GreedySeeded,4,100000,5,0.024382707953918725,0.2289702080306597,0.021164080713478042,0.2362348766727043,0.004411194845481232,0.0033250148388587314,0.20606355766829157,1587.8728846634167,100.00000000000048,20.00000000000016,1.9723913224851635,True
42,flat,dry,medium,0.08958914539448036,RandomWalkSeeded,0,100000,5,0.011768000025767833,0.27762641600565985,0.006985968671191001,0.07797784698615297,2.1299964159243153e-14,4.788618055168895e-06,0.039242218775032346,1921.5155624499353,99.99999999999976,20.00000000000008,1.2240523420442269,True
42,flat,dry,medium,0.08958914539448036,RandomWalkSeeded,1,100000,5,0.01298491598572582,0.23090066597796977,0.004021028669543547,0.04488298947197329,1.6789788927249867e-06,0.00010075222131956263,0.025454359893487773,1949.0912802130242,100.00000000000003,20.00000000000009,1.6753143519878728,True
42,flat,dry,medium,0.08958914539448036,RandomWalkSeeded,2,100000,5,0.015175209031440318,0.2280942089855671,0.001418402745410325,0.015832305790671308,5.68751502706611e-13,0.0001155582211951512,0.009884918353191245,1980.2301632936174,100.00000000000007,20.00000000000013,1.3371486036267386,True
42,flat,dry,medium,0.08958914539448036,RandomWalkSeeded,3,100000,5,0.013856249977834523,0.19443120900541544,0.005370425843145626,0.05994505048015003,2.372597608095714e-06,6.483844904982368e-05,0.02944643936221377,1941.1071212755724,100.00000000000001,20.00000000000005,1.4007473973337856,True
42,flat,dry,medium,0.08958914539448036,RandomWalkSeeded,4,100000,5,0.012227417028043419,0.21759325003949925,0.006639856117531353,0.07411451564019986,9.899212862756664e-05,0.00022416910364938777,0.042638357534292175,1914.7232849314155,100.00000000000006,20.00000000000009,1.5197518951558415,True
43,flat,dry,medium,0.12566073150509077,Spiral,0,100000,5,0.03980883304029703,0.13235945795895532,0.05957548601851821,0.4740978769179351,0.0003648151735422636,0.0025081427535901426,0.22882487218565878,1542.3502556286821,99.99999999999942,20.000000000000064,6.64202315754478,True
43,flat,dry,medium,0.12566073150509077,Concentric,0,100000,5,0.04151666699908674,0.1452774580102414,0.05880917949289677,0.46799965899063933,0.0003824044539277865,0.0023355365138245307,0.2206915588583615,1558.6168822832767,100.0000000000001,20.00000000000024,6.611668901929575,True
43,flat,dry,medium,0.12566073150509077,Pizza,0,100000,5,0.01591229095356539,0.14856495801359415,0.05771733178828529,0.4593108053485033,0.0010968426992184201,0.0014877546059373216,0.21078605056737432,1578.4278988652509,100.00000000000021,20.00000000000032,6.377864042127092,True
43,flat,dry,medium,0.12566073150509077,GreedySeeded,0,100000,5,0.0300712920143269,0.11524312500841916,0.06143396081636786,0.4888874995437938,0.00342736054500059,0.003638831813562701,0.28805473219172906,1423.8905356165415,99.99999999999956,20.000000000000064,4.261288239451502,True
43,flat,dry,medium,0.12566073150509077,GreedySeeded,1,100000,5,0.03155199997127056,0.15520204202039167,0.05715508146478851,0.45483645352226076,0.002616177307626965,0.0038624503048336014,0.24815304608974634,1503.6939078205069,100.0000000000002,20.000000000000323,3.70725947924161,True
43,flat,dry,medium,0.12566073150509077,GreedySeeded,2,100000,5,0.027661708008963615,0.14269845798844472,0.052342940204917254,0.41654174361380936,0.0032521225515647826,0.004400017703673094,0.2663198446197152,1467.360310760569,99.99999999999947,20.000000000000107,3.4061080249292033,True
43,flat,dry,medium,0.12566073150509077,GreedySeeded,3,100000,5,0.030762750015128404,0.1354629589477554,0.057640162512657064,0.45869669722813877,0.0034495216521044716,0.004002063557434845,0.2930947365566313,1413.810526886737,99.99999999999984,20.00000000000026,3.976294243213727,True
43,flat,dry,medium,0.12566073150509077,GreedySeeded,4,100000,5,0.027432625007349998,0.15033912495709956,0.056021776888822095,0.44581768877059685,0.0032584363491957396,0.0033557050364841586,0.23528233013784705,1529.4353397243055,100.00000000000009,20.00000000000031,3.5896040486069465,True
43,flat,dry,medium,0.12566073150509077,RandomWalkSeeded,0,100000,5,0.014769540983252227,0.3110007910290733,0.011983381381150342,0.09536297646544314,0.0014942358458714593,0.00038825366995519817,0.04224649967777668,1915.5070006444464,99.99999999999989,20.00000000000028,1.2240523609200937,True
43,flat,dry,medium,0.12566073150509077,RandomWalkSeeded,1,100000,5,0.012291582999750972,0.261659707990475,0.01509162888684363,0.12009820972777194,0.0003225758395618461,0.00042294756730293213,0.053801149131129905,1892.3977017377397,99.99999999999972,20.00000000000009,1.6753143762555534,True
43,flat,dry,medium,0.12566073150509077,RandomWalkSeeded,2,100000,5,0.01193295797565952,0.29088645899901167,0.010083218193952179,0.08024160032478951,0.0012777736073525294,0.00046716115761940555,0.043943677669430366,1912.1126446611393,99.99999999999928,20.000000000000014,1.33714861577726,True
43,flat,dry,medium,0.12566073150509077,RandomWalkSeeded,3,100000,5,0.013369624968618155,0.295685124990996,0.00858883376608114,0.06834938539040089,0.0008442279891574155,0.0003746857041102634,0.03540160310404074,1929.196793791918,99.99999999999967,20.000000000000043,1.4007474147851267,True
43,flat,dry,medium,0.12566073150509077,RandomWalkSeeded,4,100000,5,0.012099332991056144,0.27821258298354223,0.013426451638377898,0.10684683653806333,0.0006028931734020827,0.000641867007344023,0.05575407282949517,1888.49185434101,99.99999999999974,20.000000000000295,1.5197519160410584,True
44,flat,dry,medium,0.24254267291677511,Spiral,0,100000,5,0.03937695798231289,0.13038783299271017,0.10517500794128912,0.4336350658483027,8.620799810087358e-05,0.004524714555579436,0.19862696924406403,1602.746061511872,99.99999999999994,20.00000000000003,6.642023157544735,True
44,flat,dry,medium,0.24254267291677511,Concentric,0,100000,5,0.04425320902373642,0.1452612919965759,0.1094409772311572,0.4512235967182164,0.00013956245332775186,0.0035176019197675503,0.21352996684254005,1572.94006631492,100.00000000000023,20.000000000000153,6.611668821015426,True
44,flat,dry,medium,0.24254267291677511,Pizza,0,100000,5,0.015691916982177645,0.14761091698892415,0.0791982152024446,0.3265331178634297,0.0022013790574138626,0.0015082075983635357,0.1515096394909852,1696.9807210180297,99.99999999999984,20.000000000000068,6.377864042127449,True
44,flat,dry,medium,0.24254267291677511,GreedySeeded,0,100000,5,0.02584291697712615,0.20751541695790365,0.08886111275319045,0.366373107398226,0.005235906061841335,0.004764625377555473,0.24690283282625108,1506.194334347498,99.99999999999999,20.0000000000001,2.500224805737826,True
44,flat,dry,medium,0.24254267291677511,GreedySeeded,1,100000,5,0.03166874998714775,0.18320199998561293,0.09794033687283157,0.40380661965590825,6.421955521819499e-05,0.0031307480241476848,0.16804213688090122,1663.9157262381973,100.00000000000001,20.000000000000146,3.065193727010037,True
44,flat,dry,medium,0.24254267291677511,GreedySeeded,2,100000,5,0.025969874986913055,0.2236243750085123,0.09288751037227548,0.3829738876677938,0.0037065259262047266,0.0022331906250216476,0.24205984064218888,1515.8803187156223,100.00000000000003,20.000000000000163,2.719277935600203,True
44,flat,dry,medium,0.24254267291677511,GreedySeeded,3,100000,5,0.027917042025364935,0.21725920803146437,0.09645820307994696,0.3976958030517176,0.003266727717533945,0.0017419271919693743,0.22355373690367403,1552.892526192652,100.00000000000001,20.00000000000007,2.8339834999236677,True
44,flat,dry,medium,0.24254267291677511,GreedySeeded,4,100000,5,0.02850387495709583,0.17823287501232699,0.1048653490904122,0.4323583467986072,2.8523039468443136e-05,0.004967220569265992,0.2688088652757589,1462.382269448482,100.0000000000002,20.00000000000014,2.79389500995483,True
44,flat,dry,medium,0.24254267291677511,RandomWalkSeeded,0,100000,5,0.011744958988856524,0.32195970800239593,0.014215523610265636,0.0586104021997955,0.0014663458847944725,0.000226611798720333,0.02619051860696523,1947.6189627860695,99.99999999999977,20.00000000000008,1.2240523521706994,True
44,flat,dry,medium,0.24254267291677511,RandomWalkSeeded,1,100000,5,0.012409083021339029,0.2615367090329528,0.02268323322187174,0.09352264881510212,1.3053394907995087e-05,0.000351458236599272,0.03798188591316993,1924.0362281736602,100.0,20.00000000000009,1.6753143683784677,True
44,flat,dry,medium,0.24254267291677511,RandomWalkSeeded,2,100000,5,0.011999041016679257,0.28746800002409145,0.014948634515235239,0.06163300806190356,0.00019538001082169366,0.00015727445650987442,0.027713663446842236,1944.5726731063157,100.00000000000009,20.00000000000013,1.3371486109450648,True
44,flat,dry,medium,0.24254267291677511,RandomWalkSeeded,3,100000,5,0.011956083006225526,0.30052041698945686,0.016158529055025354,0.06662138608726355,0.00013687388870893706,0.0001849023880936124,0.02866091404211262,1942.6781719157748,99.99999999999987,20.000000000000036,1.4007474072678052,True
44,flat,dry,medium,0.24254267291677511,RandomWalkSeeded,4,100000,5,0.015910707996226847,0.30766254098853096,0.0193728150503795,0.07987384165188528,0.0025725257012135998,0.0006802326562831078,0.03793289130480536,1924.1342173903893,100.00000000000009,20.00000000000013,1.5197519073149806,True
45,flat,dry,medium,0.19681134230505698,Spiral,0,100000,5,0.04389320802874863,0.1323926670011133,0.09115172400442223,0.46314263668369954,0.0007838838155898197,0.003913073788114582,0.22704025089870422,1545.9194982025915,99.9999999999998,20.000000000000007,6.642023157545016,True
45,flat,dry,medium,0.19681134230505698,Concentric,0,100000,5,0.04147537500830367,0.14411054202355444,0.09255683173857593,0.47028200028793626,0.0007645097525770663,0.004492199427873202,0.23142818837030824,1537.1436232593835,100.00000000000026,20.00000000000019,6.611668901929852,True
45,flat,dry,medium,0.19681134230505698,Pizza,0,100000,5,0.01567158300895244,0.16285149997565895,0.09195729458490767,0.4672357472282982,0.0017185161169295416,0.0022174342016922847,0.21907512713156987,1561.84974573686,100.00000000000006,20.00000000000016,6.3778640421273,True
45,flat,dry,medium,0.19681134230505698,GreedySeeded,0,100000,5,0.03497512498870492,0.057681415986735374,0.10064251379806685,0.5113654153228184,0.0034543708715290664,0.005005501170436152,0.2750489837935467,1449.9020324129065,99.99999999999983,20.000000000000135,5.593335350108751,True
45,flat,dry,medium,0.19681134230505698,GreedySeeded,1,100000,5,0.03652304195566103,0.03659012500429526,0.10329287013641122,0.524831897016929,0.0034591447773653482,0.005006988664903558,0.27706024951548336,1445.879500969033,99.99999999999994,20.000000000000092,5.7165021923664145,True
45,flat,dry,medium,0.19681134230505698,GreedySeeded,2,100000,5,0.03021133301081136,0.03841404203558341,0.10179119821284671,0.5172018899961094,0.0034728388210278362,0.005003467835887119,0.28021452926034557,1439.5709414793087,100.00000000000006,20.000000000000156,5.60454806045648,True
45,flat,dry,medium,0.19681134230505698,GreedySeeded,3,100000,5,0.031984792032744735,0.04357687500305474,0.09663290576523692,0.49099256492776827,0.003474199993985462,0.005008879527554182,0.2645312836139419,1470.9374327721162,99.99999999999986,20.000000000000046,5.289625825548937,True
45,flat,dry,medium,0.19681134230505698,GreedySeeded,4,100000,5,0.034221666981466115,0.05067270901054144,0.08537667468897636,0.4337995650506909,0.0034589464981112906,0.004993339733156474,0.23674993561403526,1526.5001287719292,100.00000000000016,20.000000000000124,4.8280954435937575,True
45,flat,dry,medium,0.19681134230505698,RandomWalkSeeded,0,100000,5,0.012466917047277093,0.2474859160138294,0.014717097345153411,0.07477768899285263,0.001140711097903779,0.000388735824754033,0.03307875264773802,1933.8424947045237,99.99999999999976,20.00000000000008,1.2240523521473166,True
45,flat,dry,medium,0.19681134230505698,RandomWalkSeeded,1,100000,5,0.012847499980125576,0.17382366600213572,0.02245314941705688,0.1140846312721884,0.0007597738299537383,0.000688040641567891,0.05661624448355906,1886.7675110328814,100.00000000000003,20.00000000000009,1.6753143680943074,True
45,flat,dry,medium,0.19681134230505698,RandomWalkSeeded,2,100000,5,0.01264862495008856,0.1166362920193933,0.015362811684468387,0.07805856870106641,0.0011555614123564188,0.000651089067102927,0.038482089239964934,1923.0358215200704,100.00000000000007,20.00000000000013,1.3371486054528803,True
45,flat,dry,medium,0.19681134230505698,RandomWalkSeeded,3,100000,5,0.012235791014973074,0.25193212495651096,0.017193617462405237,0.08736090746109125,0.0009689290554918709,0.0006383023459394994,0.04171286180172433,1916.5742763965507,100.00000000000001,20.00000000000005,1.4007474093892969,True
45,flat,dry,medium,0.19681134230505698,RandomWalkSeeded,4,100000,5,0.012782709032762796,0.2696206660475582,0.021200459451661727,0.10771970356668306,0.0016809044915699009,0.0009364860761917936,0.05413165364422878,1891.7366927115424,100.00000000000006,20.00000000000009,1.5197519143412697,True
46,mountainous,dry,medium,0.21510655335870432,Spiral,0,100000,5,0.0895813750103116,0.14097645902074873,0.04270216960953651,0.19851635825491487,9.908339512454392e-05,0.0011694631818928744,0.09227991560149584,1815.4401687970083,99.99999999999997,20.000000000000078,6.642152944890165,True
46,mountainous,dry,medium,0.21510655335870432,Concentric,0,100000,5,0.09994975000154227,0.1281387080089189,0.042839903706205815,0.19915666462642567,0.0001288465559254119,0.0019285859312655922,0.0958546791300362,1808.2906417399277,99.99999999999993,20.000000000000032,6.6206644999227295,True
46,mountainous,dry,medium,0.21510655335870432,Pizza,0,100000,5,0.04347108298679814,0.15548487496562302,0.047917639510280885,0.22276234155625688,0.00047617135461011114,0.0007931332650224772,0.1042671538016072,1791.4656923967855,99.99999999999984,20.000000000000068,6.377864042127449,True
46,mountainous,dry,medium,0.21510655335870432,GreedySeeded,0,100000,5,0.028305083978921175,0.14009562501451,0.05311656914843765,0.24693143151181582,0.003073818556052918,0.0016108622153723036,0.11417908914376472,1771.6418217124706,99.99999999999999,20.000000000000128,3.8360467410672787,True
46,mountainous,dry,medium,0.21510655335870432,GreedySeeded,1,100000,5,0.03151400003116578,0.18127166701015085,0.045840015978185614,0.21310376305339415,0.0009651916157259953,0.0017230087688861642,0.10021084021947681,1799.5783195610463,99.99999999999986,20.000000000000146,3.3878371801130984,True
46,mountainous,dry,medium,0.21510655335870432,GreedySeeded,2,100000,5,0.03158487501787022,0.11541487497743219,0.06601252140498506,0.3068828930325746,1.5994279482575086e-05,0.001964621486455184,0.1541748855725917,1691.6502288548168,100.0,20.000000000000135,4.625426851518366,True
46,mountainous,dry,medium,0.21510655335870432,GreedySeeded,3,100000,5,0.034371124987956136,0.1111606250051409,0.06614036506123239,0.3074772201427958,0.0012386308961357872,0.0021372206195258603,0.1638548369879911,1672.2903260240178,100.0,20.000000000000128,4.685136040193158,True
46,mountainous,dry,medium,0.21510655335870432,GreedySeeded,4,100000,5,0.03465200000209734,0.13996162498369813,0.05982986074816507,0.27814057644443235,5.204371445890046e-05,0.0016762356772290175,0.13223401619704803,1735.531967605904,100.00000000000009,20.000000000000146,4.162889013972398,True
46,mountainous,dry,medium,0.21510655335870432,RandomWalkSeeded,0,100000,5,0.011811374977696687,0.34166470798663795,0.004825020737515074,0.02243084026114739,0.00022493399512029842,5.2263513365886826e-05,0.01009737274241976,1979.8052545151604,99.99999999999967,20.000000000000007,1.2182209730802518,True
46,mountainous,dry,medium,0.21510655335870432,RandomWalkSeeded,1,100000,5,0.012426458008121699,0.26206091698259115,0.009919129847388797,0.04611263437821904,2.6892402248615634e-05,9.415310943094182e-05,0.01981219165843317,1960.3756166831336,100.0000000000002,20.000000000000167,1.6692951234290079,True
46,mountainous,dry,medium,0.21510655335870432,RandomWalkSeeded,2,100000,5,0.012659540981985629,0.27745574997970834,0.007925857195435931,0.03684619120933542,2.1607752116034005e-05,0.00016602826013094248,0.018373157390024406,1963.2536852199512,100.00000000000036,20.000000000000142,1.3333408138011515,True
46,mountainous,dry,medium,0.21510655335870432,RandomWalkSeeded,3,100000,5,0.011979833012446761,0.29730537498835474,0.009388641636057855,0.04364646957269441,1.588781960771163e-05,0.00014053711484661888,0.020479462543248946,1959.041074913502,100.00000000000006,20.000000000000153,1.3948435152959242,True
46,mountainous,dry,medium,0.21510655335870432,RandomWalkSeeded,4,100000,5,0.012771666049957275,0.2765182919683866,0.007918118827985047,0.0368102166314806,0.0009765611163959819,0.00023011613771831428,0.01820120745140578,1963.5975850971886,99.99999999999997,20.000000000000185,1.5130675332582613,True
47,mountainous,dry,medium,0.23832445733427104,Spiral,0,100000,5,0.086951749981381,0.15496374998474494,0.047829556357423544,0.20069092737023786,0.00037822407408837457,0.0022663010552960365,0.09779312792909697,1804.4137441418056,99.99999999999991,20.00000000000002,6.642152944890608,True
47,mountainous,dry,medium,0.23832445733427104,Concentric,0,100000,5,0.10225520899984986,0.1276794159784913,0.047581708383652305,0.19965096707181323,0.0003793115208548189,0.002091032016912346,0.09676967435633595,1806.4606512873277,100.0000000000005,20.00000000000023,6.6206644999222455,True
47,mountainous,dry,medium,0.23832445733427104,Pizza,0,100000,5,0.027280750044155866,0.14974449999863282,0.05491916508209071,0.2304386452669511,0.0007799167762360406,0.001198046543877721,0.10649416379845235,1787.0116724030952,99.99999999999936,20.00000000000012,6.37786404212724,True
47,mountainous,dry,medium,0.23832445733427104,GreedySeeded,0,100000,5,0.031100249965675175,0.0501908750156872,0.06066424666689863,0.25454478044530565,0.0017701865355783458,0.0025345088078902395,0.1338189898483885,1732.362020303223,100.00000000000014,20.000000000000327,6.00583102210242,True
47,mountainous,dry,medium,0.23832445733427104,GreedySeeded,1,100000,5,0.03465841698925942,0.05449683399638161,0.06123483480084669,0.2569389456951933,0.001770133551910883,0.0025344855728044193,0.13258095564593905,1734.8380887081216,99.99999999999983,20.000000000000327,6.061869684466868,True
47,mountainous,dry,medium,0.23832445733427104,GreedySeeded,2,100000,5,0.0360492910258472,0.04555112501839176,0.06253575664924306,0.26239756233465855,0.001770179577034415,0.0025345087140919865,0.13544420961936757,1729.1115807612648,100.00000000000013,20.000000000000327,6.207843466877688,True
47,mountainous,dry,medium,0.23832445733427104,GreedySeeded,3,100000,5,0.036626124987378716,0.051640541991218925,0.0616120426590885,0.2585216949541699,0.0017701886993615145,0.002534484582505777,0.13196393619711538,1736.072127605769,100.00000000000027,20.000000000000327,6.084990452132025,True
47,mountainous,dry,medium,0.23832445733427104,GreedySeeded,4,100000,5,0.03148775000590831,0.05172887502703816,0.06111171860678742,0.2564223550127415,0.0017702304431956202,0.0025345173701024895,0.13369066390752662,1732.6186721849467,100.00000000000071,20.000000000000327,6.062113778984286,True
47,mountainous,dry,medium,0.23832445733427104,RandomWalkSeeded,0,100000,5,0.011805334012024105,0.4954702500253916,0.008744664846980691,0.036692267947622044,0.0009025939585808049,0.00027338853741217363,0.016251036728630253,1967.4979265427392,100.00000000000006,20.000000000000416,1.2225813516250734,True
47,mountainous,dry,medium,0.23832445733427104,RandomWalkSeeded,1,100000,5,0.012083915993571281,0.361688208009582,0.012198332248186203,0.05118371981049753,0.00038131619008456395,0.0003764422316866181,0.02574655467793994,1948.50689064412,99.99999999999987,20.000000000000107,1.6735603122312797,True
47,mountainous,dry,medium,0.23832445733427104,RandomWalkSeeded,2,100000,5,0.012267999991308898,0.39485879201674834,0.009111232258745744,0.03823037031388868,0.00072685802176088,0.00036678487957910073,0.01905557172434354,1961.8888565513123,99.99999999999999,20.00000000000018,1.3364756040364272,True
47,mountainous,dry,medium,0.23832445733427104,RandomWalkSeeded,3,100000,5,0.013070000044535846,0.40135766699677333,0.010744227505589786,0.04508235380357988,0.0006461855476336408,0.0003355458659631502,0.021732388731030124,1956.5352225379397,100.00000000000061,20.00000000000023,1.399201525207432,True
47,mountainous,dry,medium,0.23832445733427104,RandomWalkSeeded,4,100000,5,0.012180124991573393,0.3878477499820292,0.01157529836072372,0.04856949425248599,0.0008447672845704367,0.00044576123130165115,0.024328821185584493,1951.342357628831,99.99999999999987,20.00000000000009,1.5179522041874558,True
48,mountainous,dry,medium,0.119756758721128,Spiral,0,100000,5,0.09402083401801065,0.141772500006482,0.020064194917026955,0.16754123217170158,0.00010236490057089296,0.0003548149310345848,0.07195012625944448,1856.0997474811109,99.9999999999999,20.00000000000002,6.642152944890685,True
48,mountainous,dry,medium,0.119756758721128,Concentric,0,100000,5,0.10008504195138812,0.12907679204363376,0.022837815778597295,0.19070168583786287,6.356360360704115e-05,0.0018811226485474205,0.09683096070620073,1806.3380785875984,99.99999999999955,20.00000000000009,6.620664499922408,True
48,mountainous,dry,medium,0.119756758721128,Pizza,0,100000,5,0.028212959005031735,0.14691041701007634,0.012030783071018934,0.10046015940557025,0.0001976612067613757,0.00037128494301509303,0.052136365724364635,1895.7272685512708,100.00000000000011,20.00000000000032,6.37786404212711,True
48,mountainous,dry,medium,0.119756758721128,GreedySeeded,0,100000,5,0.0315878750407137,0.18687308399239555,0.04200098433337574,0.35071911416024115,0.0012183593964893542,0.0013156389394361598,0.19444052144452426,1611.1189571109514,100.00000000000016,20.000000000000277,3.11159143753091,True
48,mountainous,dry,medium,0.119756758721128,GreedySeeded,1,100000,5,0.02612129197223112,0.1919713750248775,0.032547625439098185,0.2717811152094583,0.0008296567224274439,0.001912695566426264,0.1582897344698355,1683.420531060329,100.00000000000064,20.000000000000295,2.6786551559517586,True
48,mountainous,dry,medium,0.119756758721128,GreedySeeded,2,100000,5,0.03212208300828934,0.2699059590231627,0.024916942457421515,0.20806293292760572,9.383807771328422e-05,0.0018895183669796508,0.1402760920060033,1719.4478159879934,99.9999999999998,20.00000000000039,2.3501905977145863,True
48,mountainous,dry,medium,0.119756758721128,GreedySeeded,3,100000,5,0.02599141700193286,0.23400462500285357,0.027040098219682614,0.22579183428510816,5.09266526650913e-07,0.0010239000544267612,0.14168348124724817,1716.6330375055036,99.99999999999964,20.000000000000156,2.4134258206366157,True
48,mountainous,dry,medium,0.119756758721128,GreedySeeded,4,100000,5,0.02562445803778246,0.27000158303417265,0.029773124128006208,0.24861330956140437,0.0010592292529269447,0.0010033677697171115,0.1663553366110163,1667.2893267779673,100.00000000000048,20.000000000000306,2.3579977146283615,True
48,mountainous,dry,medium,0.119756758721128,RandomWalkSeeded,0,100000,5,0.012120874947868288,0.31614204100333154,0.0032087639294313868,0.026794011158096608,0.00048552320910494974,7.929180354047032e-05,0.013316726690433437,1973.366546619133,99.99999999999964,20.000000000000263,1.2182209738735608,True
48,mountainous,dry,medium,0.119756758721128,RandomWalkSeeded,1,100000,5,0.015014540986157954,0.26495433400850743,0.0022661224855691276,0.018922710582424344,2.0114269898177395e-07,9.179232211061432e-05,0.008836244588438737,1982.327510823122,100.00000000000024,20.00000000000023,1.6692951227422161,True
48,mountainous,dry,medium,0.119756758721128,RandomWalkSeeded,2,100000,5,0.013022750033997,0.2837822919827886,0.0029760102383530026,0.024850457461721216,2.652391014099848e-05,0.0001189653785206699,0.012643213254997784,1974.7135734900044,100.0000000000001,20.00000000000026,1.3333408098333879,True
48,mountainous,dry,medium,0.119756758721128,RandomWalkSeeded,3,100000,5,0.012091000040527433,0.2954260409460403,0.0024647706112457426,0.02058147396077527,1.4666098583793047e-05,0.00016605187311125508,0.011281522882650582,1977.4369542346983,100.00000000000026,20.000000000000256,1.3948435163152821,True
48,mountainous,dry,medium,0.119756758721128,RandomWalkSeeded,4,100000,5,0.012148707988671958,0.2749989170115441,0.003321004699111056,0.02773125069996697,0.0003559614360097396,0.00012831342750610112,0.016941025732094647,1966.117948535811,99.99999999999959,20.000000000000043,1.5130675353351164,True
49,mountainous,dry,medium,0.13660094875050527,Spiral,0,100000,5,0.0894623749773018,0.1411274999845773,0.023522593639909363,0.17219934308708348,1.2055306555660352e-10,0.0006367698509529995,0.08325487918947082,1833.4902416210589,99.99999999999994,20.000000000000078,6.6421529448902294,True
49,mountainous,dry,medium,0.13660094875050527,Concentric,0,100000,5,0.09837379201781005,0.12869087496073917,0.025737438850343058,0.18841332425407373,3.123136341381076e-11,0.001553638433699411,0.08696016091668078,1826.0796781666384,99.99999999999984,20.000000000000018,6.620664499922745,True
49,mountainous,dry,medium,0.13660094875050527,Pizza,0,100000,5,0.03122495801653713,0.1495082910405472,0.02468212867557184,0.18068782758348553,3.3570186795865044e-09,1.8142464629201768e-05,0.07016665590016219,1859.666688199676,99.99999999999986,20.00000000000007,6.377864042127448,True
49,mountainous,dry,medium,0.13660094875050527,GreedySeeded,0,100000,5,0.02464741701260209,0.40060304204234853,0.022499301969556854,0.16470824086771677,9.886105749217368e-06,2.6865785034364865e-06,0.06572741214252355,1868.545175714953,100.00000000000006,20.00000000000017,1.57119048501338,True
49,mountainous,dry,medium,0.13660094875050527,GreedySeeded,1,100000,5,0.026077874994371086,0.4028568749781698,0.03467445689776162,0.253837599335366,2.6965835774261113e-09,7.513939414888085e-05,0.11904393162604154,1761.9121367479172,99.9999999999998,20.000000000000018,2.2091122105847316,True
49,mountainous,dry,medium,0.13660094875050527,GreedySeeded,2,100000,5,0.02752262499416247,0.3878795420168899,0.01705908242708814,0.12488260574416428,1.1883727312111842e-06,0.0002109642506788897,0.06312993742252361,1873.7401251549531,99.99999999999977,20.000000000000085,1.616672833233642,True
49,mountainous,dry,medium,0.13660094875050527,GreedySeeded,3,100000,5,0.02359204104868695,0.4164353339583613,0.021842003999334423,0.1598964297036307,6.4889006687041525e-25,2.5111377444787296e-05,0.0780233638644017,1843.953272271197,99.99999999999996,20.000000000000124,1.6535276582762706,True
49,mountainous,dry,medium,0.13660094875050527,GreedySeeded,4,100000,5,0.025480291980784386,0.3105370419798419,0.03607768070281553,0.26411003022174895,0.0005361774003632909,0.0001387207918319829,0.11651277505017578,1766.9744498996486,99.99999999999974,20.00000000000003,2.31915547478191,True
49,mountainous,dry,medium,0.13660094875050527,RandomWalkSeeded,0,100000,5,0.011923457961529493,0.4496582499705255,0.002994389873007909,0.021920710656827214,6.989312151283653e-07,1.9529462996729678e-07,0.006503831980050486,1986.9923360398993,100.00000000000011,20.000000000000103,1.222581352394063,True
49,mountainous,dry,medium,0.13660094875050527,RandomWalkSeeded,1,100000,5,0.014885250013321638,0.34864420897793025,0.0037024785778828834,0.027104340136357864,4.200607916300012e-24,8.463770800442127e-06,0.012962032040703775,1974.075935918593,100.00000000000004,20.00000000000008,1.6735603133906163,True
49,mountainous,dry,medium,0.13660094875050527,RandomWalkSeeded,2,100000,5,0.01226512499852106,0.39974216697737575,0.0009511241765245076,0.00696279334239243,6.150924792815737e-09,4.827489732032936e-06,0.002480981852356672,1995.0380362952867,99.99999999999991,20.00000000000016,1.3364756052644966,True
49,mountainous,dry,medium,0.13660094875050527,RandomWalkSeeded,3,100000,5,0.012222582998219877,0.40118579199770465,0.0036109329435315453,0.026434171772311273,4.881791628895791e-19,5.545004607105066e-08,0.008820170770108911,1982.3596584597824,99.99999999999991,19.99999999999999,1.3992015262429223,True
49,mountainous,dry,medium,0.13660094875050527,RandomWalkSeeded,4,100000,5,0.012925874965731055,0.4026141249923967,0.002434119642231278,0.017819200119005577,2.759852822308515e-07,3.524981515294162e-08,0.004764780866002265,1990.4704382679956,99.99999999999997,20.000000000000142,1.51795220368477,True
50,mountainous,dry,medium,0.16920980343342426,Spiral,0,100000,5,0.08666670904494822,0.14538945798994973,0.03954186181947296,0.23368540721123607,0.0008021842259339077,0.0014855364579042232,0.11419127935473085,1771.617441290538,99.99999999999987,19.999999999999996,6.6421529448906895,True
50,mountainous,dry,medium,0.16920980343342426,Concentric,0,100000,5,0.10058441699948162,0.12922887498280033,0.03624717872607522,0.21421441305755493,0.0008283779967796646,0.0012725121035603165,0.09799257045545838,1804.0148590890828,99.99999999999953,20.00000000000009,6.6206644999224045,True
50,mountainous,dry,medium,0.16920980343342426,Pizza,0,100000,5,0.027139540994539857,0.1522223749780096,0.06172614587842859,0.3647906009341521,0.0014803972785285742,0.0021638279372218888,0.19741102346033396,1605.1779530793317,100.00000000000021,20.00000000000032,6.377864042127101,True
50,mountainous,dry,medium,0.16920980343342426,GreedySeeded,0,100000,5,0.03249458398204297,0.20143304095836356,0.06430835679783961,0.38005101059727775,0.004513697523774089,0.005920577186928386,0.21458001898870158,1570.8399620225964,99.9999999999999,20.000000000000085,4.022677115078869,True
50,mountainous,dry,medium,0.16920980343342426,GreedySeeded,1,100000,5,0.026674541004467756,0.25394979101838544,0.0424294563360687,0.25075057990220173,0.004477106190168735,0.005048193702184446,0.16593105682161752,1668.1378863567647,100.00000000000036,20.00000000000017,2.6600837771042376,True
50,mountainous,dry,medium,0.16920980343342426,GreedySeeded,2,100000,5,0.02776029205415398,0.3874733340344392,0.031088857479843805,0.1837296471541363,0.004518738999760562,0.005375126773948609,0.15498460189224358,1690.0307962155125,100.00000000000033,20.000000000000338,1.9357852509041933,True
50,mountainous,dry,medium,0.16920980343342426,GreedySeeded,3,100000,5,0.028531541989650577,0.18806149996817112,0.06066226231145696,0.35850323728627564,0.004606064398983134,0.005746532687426939,0.23885055152425153,1522.2988969514968,100.00000000000018,20.00000000000032,4.1071351590596,True
50,mountainous,dry,medium,0.16920980343342426,GreedySeeded,4,100000,5,0.03137045900803059,0.18971012497786433,0.05605119123769361,0.331252623077167,0.004409236017789237,0.005988696300248474,0.2092752124645705,1581.4495750708588,99.99999999999936,20.000000000000053,3.510425602860424,True
50,mountainous,dry,medium,0.16920980343342426,RandomWalkSeeded,0,100000,5,0.011709624959621578,0.45070908300112933,0.009751375111408864,0.05762890159756938,0.0014945761064701565,0.0005184045659679731,0.02647984647704432,1947.0403070459113,100.0000000000007,20.000000000000327,1.222608254375446,True
50,mountainous,dry,medium,0.16920980343342426,RandomWalkSeeded,1,100000,5,0.012737542041577399,0.3556544579914771,0.014985735395774262,0.08856304476277234,0.0008708149246432167,0.0007438437353289079,0.047437235165360365,1905.1255296692786,99.99999999999993,20.00000000000024,1.6736095936154032,True
50,mountainous,dry,medium,0.16920980343342426,RandomWalkSeeded,2,100000,5,0.012418833037372679,0.4037682079942897,0.01179077320198135,0.06968138348213636,0.001184809621606818,0.0006564223629856612,0.03724986460559245,1925.500270788815,100.0,20.000000000000206,1.3363697228562448,True
50,mountainous,dry,medium,0.16920980343342426,RandomWalkSeeded,3,100000,5,0.015120500000193715,0.4094561669626273,0.01776615405641222,0.10499482710765236,0.0012272913624042088,0.0007191859341720264,0.052888973831441366,1894.2220523371168,100.00000000000058,20.000000000000302,1.3990400863911692,True
50,mountainous,dry,medium,0.16920980343342426,RandomWalkSeeded,4,100000,5,0.015085500024724752,0.38033850002102554,0.019476543201639093,0.11510292433678145,0.0012756494154998784,0.0007599114605840579,0.06560551896408562,1868.7889620718283,99.99999999999982,20.0000000000002,1.518123109564967,True
51,mountainous,dry,medium,0.22289636738705276,Spiral,0,100000,5,0.09142225002869964,0.14541083300719038,0.0451471573315573,0.2025477483585932,0.00047154726280115037,0.002308055680669217,0.09940714405791908,1801.1857118841617,99.99999999999997,20.000000000000068,6.642152944890537,True
51,mountainous,dry,medium,0.22289636738705276,Concentric,0,100000,5,0.10081016703043133,0.12885108398040757,0.04507094260969121,0.2022058194040771,0.0004760340751813343,0.002008285293724083,0.1013638962102609,1797.272207579478,100.0000000000006,20.000000000000327,6.620664499922278,True
51,mountainous,dry,medium,0.22289636738705276,Pizza,0,100000,5,0.02784262498607859,0.15368400001898408,0.05667394722484194,0.25426142152612724,0.0009009430114958316,0.001347635008947827,0.1167946786498383,1766.4106427003237,99.99999999999935,20.00000000000012,6.377864042127233,True
51,mountainous,dry,medium,0.22289636738705276,GreedySeeded,0,100000,5,0.03559758304618299,0.032922166981734335,0.07220493555075175,0.3239394898947369,0.0024272804917819866,0.0036835693585478765,0.17555789471908156,1648.8842105618369,100.00000000000016,20.000000000000206,6.201570634502522,True
51,mountainous,dry,medium,0.22289636738705276,GreedySeeded,1,100000,5,0.03568700002506375,0.057505000033415854,0.07058731853950093,0.3166822293560675,0.0024274760500841257,0.0036797684763490855,0.16771189037391374,1664.5762192521725,100.00000000000004,20.000000000000206,5.841764177444632,True
51,mountainous,dry,medium,0.22289636738705276,GreedySeeded,2,100000,5,0.03622191696194932,0.042927500035148114,0.06828342046336938,0.3063460444144309,0.002426669134632019,0.0036824735227020773,0.1687799131582524,1662.4401736834952,99.99999999999996,20.000000000000306,5.9004661249423895,True
51,mountainous,dry,medium,0.22289636738705276,GreedySeeded,3,100000,5,0.028899582976009697,0.0835028329747729,0.06343517949390161,0.28459494534403224,0.0024279683765286273,0.003685707218381107,0.16752226259486072,1664.9554748102787,100.00000000000006,20.00000000000029,5.413192987641273,True
51,mountainous,dry,medium,0.22289636738705276,GreedySeeded,4,100000,5,0.034769500023685396,0.07927570899482816,0.06599270239724234,0.29606899013588683,0.002428036006666565,0.003685030569303548,0.1650450403328848,1669.9099193342304,100.00000000000024,20.000000000000327,5.500166189511001,True
51,mountainous,dry,medium,0.22289636738705276,RandomWalkSeeded,0,100000,5,0.01190958300139755,0.4594149169861339,0.008925023527920363,0.04004113495677716,0.001154025784112746,0.00034899766433114346,0.01969926836039435,1960.6014632792114,99.99999999999989,20.0000000000003,1.2225813513691468,True
51,mountainous,dry,medium,0.22289636738705276,RandomWalkSeeded,1,100000,5,0.012371458054985851,0.35225641704164445,0.013265714285838594,0.05951516591027742,0.00048753748776330654,0.0004293815338184256,0.0285557586641911,1942.8884826716178,100.00000000000043,20.000000000000217,1.6735603130690704,True
51,mountainous,dry,medium,0.22289636738705276,RandomWalkSeeded,2,100000,5,0.015588749956805259,0.39365658396854997,0.009684595224684098,0.04344886970664306,0.0009293364062429514,0.0004300420761733688,0.022746918999248245,1954.5061620015033,99.99999999999999,20.000000000000394,1.3364756054144242,True
51,mountainous,dry,medium,0.22289636738705276,RandomWalkSeeded,3,100000,5,0.01218904199777171,0.40534654195653275,0.01256968766483417,0.05639251914324512,0.0008265665183951964,0.0004195644967145725,0.0285505534297227,1942.8988931405543,99.99999999999991,20.000000000000206,1.3992015256015438,True
51,mountainous,dry,medium,0.22289636738705276,RandomWalkSeeded,4,100000,5,0.012429833004716784,0.39873058401281014,0.010847135081154514,0.04866447671764338,0.001021408359457964,0.0005146737733652263,0.02527221289242416,1949.455574215152,99.99999999999977,20.000000000000064,1.5179522040629774,True
52,mountainous,dry,medium,0.2544388396245335,Spiral,0,100000,5,0.09035912499530241,0.14516916702268645,0.054057174405917785,0.21245645706326938,0.0007162909828159956,0.00225037303191439,0.10275018013899503,1794.49963972201,100.00000000000001,20.000000000000068,6.6421529448905385,True
52,mountainous,dry,medium,0.2544388396245335,Concentric,0,100000,5,0.10249758401187137,0.1296207499690354,0.05344364820366318,0.21004516559864878,0.0007819189228195054,0.0027311238036812012,0.10658632204615245,1786.8273559076947,100.00000000000061,20.000000000000327,6.620664499922286,True
52,mountainous,dry,medium,0.2544388396245335,Pizza,0,100000,5,0.02824949997011572,0.14970329200150445,0.07142878659087534,0.28073067262954154,0.001873286147725354,0.002120604054663979,0.12957736794543284,1740.8452641091342,99.9999999999993,20.00000000000012,6.377864042127231,True
52,mountainous,dry,medium,0.2544388396245335,GreedySeeded,0,100000,5,0.03251929103862494,0.0934077079873532,0.07483492594049002,0.29411754137427015,0.003240046187135157,0.004344979689510545,0.1717039405104975,1656.5921189790047,100.0000000000005,20.000000000000398,4.896957217280261,True
52,mountainous,dry,medium,0.2544388396245335,GreedySeeded,1,100000,5,0.03397429204778746,0.08203699998557568,0.0785912614877004,0.308880757370513,0.0032400507997681328,0.004060980829026577,0.17190566122134013,1656.1886775573196,100.00000000000063,20.00000000000031,5.036669288411327,True
52,mountainous,dry,medium,0.2544388396245335,GreedySeeded,2,100000,5,0.03406712500145659,0.08527991699520499,0.07934662076073043,0.31184948366302667,0.003309690017377725,0.004389139167682726,0.17680174089554956,1646.3965182089007,99.99999999999959,20.000000000000245,5.046513562358312,True
52,mountainous,dry,medium,0.2544388396245335,GreedySeeded,3,100000,5,0.0311428330023773,0.08032858301885426,0.08622580394098542,0.33888617031985296,0.003288420258227532,0.004336768780859026,0.1910495036938887,1617.9009926122226,100.00000000000017,20.000000000000224,5.291410739301277,True
52,mountainous,dry,medium,0.2544388396245335,GreedySeeded,4,100000,5,0.035190624999813735,0.07088045903947204,0.08170445201164708,0.3211162734911678,0.0032400700296494112,0.004371470607864013,0.17835830367921965,1643.2833926415606,100.00000000000112,20.00000000000044,5.236723633046366,True
52,mountainous,dry,medium,0.2544388396245335,RandomWalkSeeded,0,100000,5,0.0120069999829866,0.31346958299400285,0.01215371807136596,0.04776675640126631,0.001939791220471887,0.0005263185098567548,0.023201547639012568,1953.5969047219746,100.0,20.000000000000174,1.2182209709444916,True
52,mountainous,dry,medium,0.2544388396245335,RandomWalkSeeded,1,100000,5,0.012179042038042098,0.2634472500067204,0.019128025974704015,0.07517730391684922,0.0005164580536923599,0.0007256015368869316,0.039475781863135564,1921.0484362737286,100.0000000000001,20.000000000000462,1.669295123081367,True
52,mountainous,dry,medium,0.2544388396245335,RandomWalkSeeded,2,100000,5,0.01185520802391693,0.2909108750172891,0.01225813243887933,0.048177127583855624,0.001700621933616376,0.0006630254885631643,0.026029440510841415,1947.9411189783173,99.99999999999991,20.000000000000266,1.333340808363086,True
52,mountainous,dry,medium,0.2544388396245335,RandomWalkSeeded,3,100000,5,0.01617795799393207,0.3137586659868248,0.013952888781978423,0.05483788875380902,0.0015675778285891297,0.0006146181084492801,0.027853740725005946,1944.2925185499876,100.0000000000009,20.00000000000043,1.3948435187086063,True
52,mountainous,dry,medium,0.2544388396245335,RandomWalkSeeded,4,100000,5,0.012758957978803664,0.2784507920150645,0.016744528194170792,0.06580963904284466,0.001526918591197702,0.0008099689673998433,0.03285237288211123,1934.2952542357775,99.99999999999984,20.000000000000078,1.5130675351241336,True
53,mountainous,dry,medium,0.10215599887870641,Spiral,0,100000,5,0.08954920899122953,0.14358370896661654,0.021312614936415356,0.20862812923713478,7.536945556911139e-13,0.0012697590085421796,0.09850608845260049,1802.987823094799,99.99999999999997,20.000000000000068,6.642152944890537,True
53,mountainous,dry,medium,0.10215599887870641,Concentric,0,100000,5,0.09483691700734198,0.1259224169771187,0.020114661618418232,0.19690142369711555,2.0404441970630267e-12,0.0008596647186507797,0.10447511923399061,1791.0497615320187,100.0000000000006,20.000000000000327,6.620664499922278,True
53,mountainous,dry,medium,0.10215599887870641,Pizza,0,100000,5,0.02996754099149257,0.1474809999926947,0.01207830531381579,0.11823393091341418,1.0346868998229297e-10,9.21861062449421e-07,0.03192281623998371,1936.1543675200326,99.99999999999935,20.00000000000012,6.377864042127233,True
53,mountainous,dry,medium,0.10215599887870641,GreedySeeded,0,100000,5,0.022770457959268242,0.3077353750122711,0.0045973270265237684,0.04500300596132729,3.2580848061729564e-45,4.9829756875258106e-11,0.0029880835922850508,1994.0238328154296,99.99999999999964,20.0000000000002,1.2832310445757074,True
53,mountainous,dry,medium,0.10215599887870641,GreedySeeded,1,100000,5,0.024804166983813047,0.2812709579593502,0.011805713086366573,0.1155655391357284,2.9951875509342284e-28,1.0051825891278187e-05,0.06028209727102577,1879.4358054579484,100.0000000000004,20.000000000000345,1.96496775268616,True
53,mountainous,dry,medium,0.10215599887870641,GreedySeeded,2,100000,5,0.02770145802060142,0.2878762499894947,0.0,0.0,0.0,0.0,0.0,2000.0,99.99999999999991,20.000000000000266,1.3333408084673724,True
53,mountainous,dry,medium,0.10215599887870641,GreedySeeded,3,100000,5,0.025792041036766022,0.31189683300908655,0.007038151080370201,0.06889611141414081,5.661635656875636e-06,1.5797803105879085e-06,0.038256757244330884,1923.486485511338,100.00000000000038,20.000000000000423,1.2594319862231669,True
53,mountainous,dry,medium,0.10215599887870641,GreedySeeded,4,100000,5,0.027724332991056144,0.22213683399604633,0.029861028104331368,0.2923081212272856,9.633783878059652e-06,2.5028494594038856e-06,0.10232656069951139,1795.3468786009773,99.99999999999987,20.000000000000217,2.7331418431109316,True
53,mountainous,dry,medium,0.10215599887870641,RandomWalkSeeded,0,100000,5,0.011756666994187981,0.3095662499545142,0.0007293294906067113,0.007139370165355352,1.1121047805224194e-45,1.3505532132807511e-11,0.0007312910404695317,1998.537417919061,100.0,20.000000000000174,1.2182209720668284,True
53,mountainous,dry,medium,0.10215599887870641,RandomWalkSeeded,1,100000,5,0.012940332992002368,0.2729900000267662,0.0014461929066657256,0.014156710546023282,4.491524437551124e-27,2.873426096305126e-10,0.0015574982796599855,1996.88500344068,100.0000000000001,20.000000000000462,1.6692951234870255,True
53,mountainous,dry,medium,0.10215599887870641,RandomWalkSeeded,2,100000,5,0.01236104202689603,0.2799014170304872,0.0,0.0,0.0,0.0,0.0,2000.0,99.99999999999991,20.000000000000266,1.3333408084673724,True
53,mountainous,dry,medium,0.10215599887870641,RandomWalkSeeded,3,100000,5,0.012006916978862137,0.30017879203660414,0.0018472530329690104,0.01808266820593005,1.2743169038004333e-06,2.648281424868237e-07,0.00845180207978323,1983.0963958404332,100.0000000000009,20.00000000000043,1.3948435173578764,True
53,mountainous,dry,medium,0.10215599887870641,RandomWalkSeeded,4,100000,5,0.012602540955413133,0.2871302079875022,0.0019698882827652365,0.01928313857617072,2.362395928995783e-16,1.585208990253383e-08,0.0060452062873088625,1987.9095874253824,99.99999999999984,20.000000000000078,1.5130675348621394,True
54,mountainous,dry,medium,0.23378926974416153,Spiral,0,100000,5,0.08487887500086799,0.14089183299802244,0.04736401949515369,0.20259278600332992,0.0002980898994225522,0.0023800803806422965,0.09860898981241456,1802.7820203751708,99.99999999999983,20.000000000000057,6.642152944890674,True
54,mountainous,dry,medium,0.23378926974416153,Concentric,0,100000,5,0.09737891698023304,0.12957137497141957,0.04578653603062538,0.19584532720740414,0.00030673747630203206,0.0017967295564079882,0.09407966152358924,1811.8406769528217,100.00000000000026,20.00000000000039,6.62066449992252,True
54,mountainous,dry,medium,0.23378926974416153,Pizza,0,100000,5,0.02815966698108241,0.14632241701474413,0.058437108167511354,0.2499563313211928,0.0006555524898592408,0.0010831003581834215,0.11474874859293109,1770.5025028141383,100.00000000000011,20.00000000000032,6.3778640421271,True
54,mountainous,dry,medium,0.23378926974416153,GreedySeeded,0,100000,5,0.035835749993566424,0.04717687499942258,0.06908193009756367,0.2954880272014232,0.0020991710965805126,0.003039273582081314,0.1633094664196114,1673.3810671607775,100.00000000000001,20.00000000000027,6.059756635790146,True
54,mountainous,dry,medium,0.23378926974416153,GreedySeeded,1,100000,5,0.03177912504179403,0.053728166967630386,0.07057890498196859,0.3018911221169558,0.002099712611201281,0.0030389522056229815,0.16224583034793347,1675.5083393041332,100.00000000000058,20.000000000000245,6.138408670985731,True
54,mountainous,dry,medium,0.23378926974416153,GreedySeeded,2,100000,5,0.03194395900936797,0.032382374978624284,0.07084231551690254,0.30301782282149287,0.0021004140239906503,0.003038730208681901,0.1641827324955176,1671.634535008965,100.00000000000053,20.000000000000355,6.301182890942709,True
54,mountainous,dry,medium,0.23378926974416153,GreedySeeded,3,100000,5,0.035134791978634894,0.058270375011488795,0.06713572473594129,0.2871634134851815,0.002100713290986205,0.0030387008234114892,0.15993460613264177,1680.1307877347167,100.00000000000027,20.000000000000245,5.822900229946192,True
54,mountainous,dry,medium,0.23378926974416153,GreedySeeded,4,100000,5,0.03714641596889123,0.04499637498520315,0.0709264871271163,0.3033778547866291,0.0020986848999013786,0.0030395343536951023,0.16750697824669566,1664.986043506609,100.00000000000061,20.000000000000448,6.211371422195054,True
54,mountainous,dry,medium,0.23378926974416153,RandomWalkSeeded,0,100000,5,0.01202008401742205,0.47268029098631814,0.00732980570330784,0.031352190420582335,0.0006354604487739065,0.00019922569190793278,0.01344867906261537,1973.1026418747697,100.0000000000007,20.000000000000327,1.2226082579570299,True
54,mountainous,dry,medium,0.23378926974416153,RandomWalkSeeded,1,100000,5,0.013170791964512318,0.35639229201478884,0.01248849743335889,0.05341775286361605,0.00026351635948525243,0.00033093960862909865,0.027058698530136458,1945.8826029397273,99.99999999999993,20.00000000000024,1.6736095949592897,True
54,mountainous,dry,medium,0.23378926974416153,RandomWalkSeeded,2,100000,5,0.012567832949571311,0.4014467499800958,0.008248394062671652,0.03528132010377538,0.0005059121412426432,0.0002978135903505356,0.017280404353694455,1965.4391912926112,100.0,20.000000000000206,1.3363697232097984,True
54,mountainous,dry,medium,0.23378926974416153,RandomWalkSeeded,3,100000,5,0.012122749991249293,0.39391095796599984,0.012782099264637678,0.054673592499028235,0.0004411954230188135,0.00029707662626089613,0.02534953507152662,1949.3009298569473,100.00000000000058,20.000000000000302,1.3990400867776382,True
54,mountainous,dry,medium,0.23378926974416153,RandomWalkSeeded,4,100000,5,0.01274904201272875,0.3939727499964647,0.012932805030532069,0.055318214752476,0.0007089075080720275,0.0003817506388781185,0.026312069804979594,1947.3758603900412,99.99999999999982,20.0000000000002,1.518123109706466,True
55,mountainous,dry,medium,0.12496832597289595,Spiral,0,100000,5,0.09299133298918605,0.14909537503262982,0.024021587437682478,0.19222140690987935,3.037870302832661e-07,0.0008818264227329344,0.0941208238443979,1811.758352311204,99.99999999999997,20.000000000000068,6.642152944890537,True
55,mountainous,dry,medium,0.12496832597289595,Concentric,0,100000,5,0.10170891700545326,0.12830770801519975,0.02245196366006967,0.17966123403892933,2.0161636451619323e-07,0.0009763743338655102,0.08054506983763977,1838.9098603247203,100.0000000000006,20.000000000000327,6.620664499922278,True
55,mountainous,dry,medium,0.12496832597289595,Pizza,0,100000,5,0.03036991599947214,0.15010962501401082,0.020004961012171335,0.16008025118709007,5.2187823238621655e-06,0.00022361730876394406,0.07606053293580968,1847.8789341283805,99.99999999999935,20.00000000000012,6.377864042127233,True
55,mountainous,dry,medium,0.12496832597289595,GreedySeeded,0,100000,5,0.025979332975111902,0.25795383396325633,0.02582977618024578,0.2066905832270485,7.1300227836473505e-06,2.968096665229287e-06,0.088768814875778,1822.4623702484441,100.00000000000006,20.000000000000117,2.3441947006255375,True
55,mountainous,dry,medium,0.12496832597289595,GreedySeeded,1,100000,5,0.03143795800860971,0.2283754589734599,0.032064286470916,0.2565793069667136,9.842658943034679e-12,0.00024348160510699975,0.1368014841941186,1726.3970316117623,99.99999999999967,20.000000000000277,2.5125194077665345,True
55,mountainous,dry,medium,0.12496832597289595,GreedySeeded,2,100000,5,0.026969416008796543,0.20952462498098612,0.03588252195802745,0.28713293291461645,6.005735362264465e-09,0.00017764131727663707,0.16041328799015628,1679.1734240196874,100.00000000000017,20.000000000000124,2.9057649140318484,True
55,mountainous,dry,medium,0.12496832597289595,GreedySeeded,3,100000,5,0.028639750031288713,0.2124660420231521,0.042594090750438025,0.3408390919766033,1.8553010205416712e-05,0.0002924622186137566,0.16680116359354555,1666.3976728129085,100.00000000000041,20.000000000000284,3.0542181338283365,True
55,mountainous,dry,medium,0.12496832597289595,GreedySeeded,4,100000,5,0.027592249971348792,0.20057116699172184,0.03246495431159723,0.25978546210692194,2.0729684885649976e-06,0.0005791631556539085,0.13167244795855854,1736.6551040828829,100.0000000000002,20.000000000000302,2.8307476400542857,True
55,mountainous,dry,medium,0.12496832597289595,RandomWalkSeeded,0,100000,5,0.011863374966196716,0.3113898750161752,0.0026336716426742473,0.021074713309718635,1.5713478228445386e-06,3.1000898278869564e-07,0.00600178547867169,1987.9964290426565,100.0,20.000000000000174,1.218220974663735,True
55,mountainous,dry,medium,0.12496832597289595,RandomWalkSeeded,1,100000,5,0.01266758400015533,0.26878824998857453,0.005447459111723202,0.043590718442565096,1.6049690870822215e-09,4.275986185909823e-05,0.01939581184371762,1961.2083763125647,100.0000000000001,20.000000000000462,1.6692951219214496,True
55,mountainous,dry,medium,0.12496832597289595,RandomWalkSeeded,2,100000,5,0.012241333024576306,0.2793353750021197,0.003901313840222521,0.03121842122674082,2.8643828327513693e-07,2.2318298832721184e-05,0.011271890664279041,1977.4562186714418,99.99999999999991,20.000000000000266,1.333340810079071,True
55,mountainous,dry,medium,0.12496832597289595,RandomWalkSeeded,3,100000,5,0.015171749982982874,0.29479200002970174,0.004556007305031364,0.0364572964354144,4.014051152582544e-06,2.6521491609240765e-05,0.01281067266134038,1974.3786546773185,100.0000000000009,20.00000000000043,1.3948435164463122,True
55,mountainous,dry,medium,0.12496832597289595,RandomWalkSeeded,4,100000,5,0.012253749999217689,0.27704533300129697,0.0033682028790395393,0.026952452574023116,0.0001419995451686326,3.263960551138556e-05,0.012844607295619521,1974.3107854087607,99.99999999999984,20.000000000000078,1.5130675329399859,True
56,mountainous,dry,medium,0.1840622563839458,Spiral,0,100000,5,0.08739433396840468,0.14672016695840284,0.036307940305892114,0.19725901995983003,0.000524441371952669,0.0011503734495578804,0.09423416157128682,1811.5316768574262,99.99999999999994,20.000000000000057,6.642152944890679,True
56,mountainous,dry,medium,0.1840622563839458,Concentric,0,100000,5,0.10032912500901148,0.12714570900425315,0.03693149087644244,0.20064673552303394,0.000618336924549351,0.0016693245711596658,0.09397158100872958,1812.0568379825406,100.00000000000026,20.00000000000039,6.6206644999225155,True
56,mountainous,dry,medium,0.1840622563839458,Pizza,0,100000,5,0.030477541033178568,0.14970658399397507,0.05903916375560339,0.3207564924796439,0.0009242901135148222,0.0015274378590141536,0.1632338235382241,1673.532352923552,100.00000000000021,20.00000000000032,6.377864042127092,True
56,mountainous,dry,medium,0.1840622563839458,GreedySeeded,0,100000,5,0.029689749993849546,0.1713140410138294,0.053529976853118666,0.2908253865010623,0.0032039449568585367,0.004862880410126568,0.2074882001268503,1585.0235997462996,100.00000000000064,20.000000000000316,3.460579442191026,True
56,mountainous,dry,medium,0.1840622563839458,GreedySeeded,1,100000,5,0.03435687499586493,0.1506204580073245,0.06475872481583525,0.35183054955466475,0.0031425895828265773,0.00462919574092715,0.2160277433148682,1567.9445133702636,99.99999999999993,20.000000000000256,3.744830165072313,True
56,mountainous,dry,medium,0.1840622563839458,GreedySeeded,2,100000,5,0.02724820899311453,0.1614919169805944,0.058610243069773305,0.3184261902533396,0.0035034508271152643,0.0049905605096733485,0.21360300358262316,1572.7939928347537,100.00000000000033,20.00000000000041,3.4381700666613138,True
56,mountainous,dry,medium,0.1840622563839458,GreedySeeded,3,100000,5,0.03156633296748623,0.18074404197977856,0.05518716205116432,0.2998287814968775,0.003581087560151967,0.004905064202437651,0.19091054128262394,1618.1789174347523,99.99999999999926,19.999999999999975,3.457079336828605,True
56,mountainous,dry,medium,0.1840622563839458,GreedySeeded,4,100000,5,0.02516187500441447,0.19194550003157929,0.0471204029697328,0.2560025281415746,0.0034924800321246745,0.004791177048365923,0.17986154580938932,1640.2769083812213,100.00000000000033,20.000000000000426,2.881138187297456,True
56,mountainous,dry,medium,0.1840622563839458,RandomWalkSeeded,0,100000,5,0.012192291964311153,0.3108422909863293,0.009566617201577105,0.051974899088608154,0.0010493879401263333,0.00035122774478868013,0.025399885728794556,1949.200228542411,99.99999999999964,20.000000000000263,1.2182209756981086,True
56,mountainous,dry,medium,0.1840622563839458,RandomWalkSeeded,1,100000,5,0.012592291983310133,0.27068512502592057,0.01817053924287714,0.09871952892381257,0.0002683638603642861,0.00048192948377354805,0.048669868244035255,1902.6602635119295,100.00000000000024,20.00000000000023,1.6692951201330493,True
56,mountainous,dry,medium,0.1840622563839458,RandomWalkSeeded,2,100000,5,0.014715917001012713,0.2780790829565376,0.012554708599962237,0.06820903343580481,0.0010869474992580405,0.000556424678949413,0.03350348452709258,1932.9930309458148,100.0000000000001,20.00000000000026,1.3333408087764103,True
56,mountainous,dry,medium,0.1840622563839458,RandomWalkSeeded,3,100000,5,0.011929666972719133,0.29446087504038587,0.01062155004607806,0.057706290549443075,0.0011655263611847532,0.0004450227015562109,0.027012025491803666,1945.9759490163929,100.00000000000026,20.000000000000256,1.394843513525499,True
56,mountainous,dry,medium,0.1840622563839458,RandomWalkSeeded,4,100000,5,0.012149957998190075,0.2801724590244703,0.012551369300886118,0.06819089120968132,0.0005905139597055173,0.0005718947764494218,0.03584683313912432,1928.3063337217513,99.99999999999959,20.000000000000043,1.5130675326310814,True
57,mountainous,dry,medium,0.25122311905200134,Spiral,0,100000,5,0.0857561249868013,0.14613641699543223,0.05127276809566409,0.20409255441594532,0.00045845064779148674,0.0026191159883750016,0.0944721624289306,1811.0556751421384,99.99999999999997,20.000000000000078,6.642152944890165,True
57,mountainous,dry,medium,0.25122311905200134,Concentric,0,100000,5,0.10162037500413135,0.13319545896956697,0.049655868082084054,0.19765644288416645,0.00040065134125551616,0.002745560560474903,0.09590261812000864,1808.1947637599824,99.99999999999993,20.000000000000032,6.6206644999227295,True
57,mountainous,dry,medium,0.25122311905200134,Pizza,0,100000,5,0.027008291974198073,0.14705545897595584,0.08581983348356935,0.34160802480047736,0.0006992174580946023,0.0018463450247475917,0.16953517606747234,1660.9296478650544,99.99999999999984,20.000000000000068,6.377864042127449,True
57,mountainous,dry,medium,0.25122311905200134,GreedySeeded,0,100000,5,0.032544625049922615,0.12545487500028685,0.09127888599224054,0.3633379218309382,0.005294590737526789,0.006971278182721417,0.2310837572543279,1537.8324854913437,100.00000000000006,20.000000000000103,4.1943459203704405,True
57,mountainous,dry,medium,0.25122311905200134,GreedySeeded,1,100000,5,0.029961666034068912,0.12305604200810194,0.09822175214959145,0.3909741767407173,0.005294677432184876,0.006871806926425701,0.2376572773796405,1524.6854452407185,100.00000000000024,20.000000000000153,4.47084010766486,True
57,mountainous,dry,medium,0.25122311905200134,GreedySeeded,2,100000,5,0.03250083397142589,0.11835212499136105,0.09237656304508535,0.3677072531925857,0.005294443467159701,0.006747356236075413,0.2301717435130423,1539.656512973915,99.9999999999998,20.000000000000124,4.20179701712683,True
57,mountainous,dry,medium,0.25122311905200134,GreedySeeded,3,100000,5,0.02870749996509403,0.14665487501770258,0.08062518380559885,0.32093058994666024,0.005294728265038322,0.006802508139277563,0.2088119767114712,1582.3760465770572,100.0000000000002,20.000000000000234,3.6629878198426207,True
57,mountainous,dry,medium,0.25122311905200134,GreedySeeded,4,100000,5,0.03109108400531113,0.14105566596845165,0.08701215187616214,0.34635407841645044,0.005294458689775829,0.006931493518958889,0.2292668804855364,1541.4662390289268,99.99999999999976,20.000000000000146,3.7872335464306697,True
57,mountainous,dry,medium,0.25122311905200134,RandomWalkSeeded,0,100000,5,0.012079832958988845,0.30043545801891014,0.009510406341682053,0.03785641376307198,0.0003462554148552614,0.00025334618856842503,0.014012072170155824,1971.975855659688,99.99999999999996,20.00000000000013,1.2255403722606564,True
57,mountainous,dry,medium,0.25122311905200134,RandomWalkSeeded,1,100000,5,0.024438166001345962,0.2522449999814853,0.019540202316271432,0.07778027113908555,0.0009847014505943142,0.000619737279584785,0.04000452452028773,1919.9909509594243,99.99999999999984,20.00000000000004,1.6787364690091975,True
57,mountainous,dry,medium,0.25122311905200134,RandomWalkSeeded,2,100000,5,0.01189670799067244,0.27544083300745115,0.01278806164410287,0.05090320386260245,0.0009690253575003109,0.0004744316345770842,0.02377420580306376,1952.4515883938723,99.99999999999994,20.00000000000005,1.3388758991926222,True
57,mountainous,dry,medium,0.25122311905200134,RandomWalkSeeded,3,100000,5,0.012037749984301627,0.28783229197142646,0.02080599064838311,0.08281877371356265,0.0013918739412244372,0.0005834427352256358,0.03881007443565257,1922.3798511286946,100.0,20.000000000000114,1.4042824443079405,True
57,mountainous,dry,medium,0.25122311905200134,RandomWalkSeeded,4,100000,5,0.012544292025268078,0.2730417089769617,0.02575663885176286,0.10252495450640203,0.001232969112618255,0.0006641937492245094,0.047754488715413226,1904.4910225691729,100.00000000000027,20.00000000000021,1.522299025540544,True
58,mountainous,dry,medium,0.19883841962415916,Spiral,0,100000,5,0.08729054202558473,0.1485376250348054,0.04026535535004323,0.20250289368700522,0.00037084613018559877,0.0016858996312318904,0.09890991307012863,1802.1801738597428,100.0,20.000000000000068,6.642152944890608,True
58,mountainous,dry,medium,0.19883841962415916,Concentric,0,100000,5,0.09604954102542251,0.12782541703199968,0.040318236063483795,0.20276884185507313,0.0003758729761817493,0.0019910185956092358,0.09798778448880609,1804.024431022388,100.00000000000064,20.000000000000252,6.620664499922447,True
58,mountainous,dry,medium,0.19883841962415916,Pizza,0,100000,5,0.027299958979710937,0.14979854197008535,0.04552053568758696,0.22893229474278193,0.000783108270100597,0.001139143258962856,0.10772502028212132,1784.5499594357575,99.9999999999993,20.00000000000012,6.377864042127238,True
58,mountainous,dry,medium,0.19883841962415916,GreedySeeded,0,100000,5,0.03591933299321681,0.10968841600697488,0.044298929642659794,0.222788582439917,0.0016156039994806525,0.0025269859531656955,0.11874608592887469,1762.5078281422507,100.00000000000047,20.00000000000031,4.870948811325412,True
58,mountainous,dry,medium,0.19883841962415916,GreedySeeded,1,100000,5,0.03067204204853624,0.09533999999985099,0.04628713531517563,0.23278768460676136,0.0016157067741880905,0.002525827677973482,0.13289910737382743,1734.2017852523452,100.00000000000009,20.00000000000023,5.055904554625031,True
58,mountainous,dry,medium,0.19883841962415916,GreedySeeded,2,100000,5,0.03487070801202208,0.07202004099963233,0.049006088382809496,0.24646186826187783,0.0016155836706303736,0.002547978666375495,0.13271846714271246,1734.5630657145753,100.00000000000028,20.000000000000234,5.251333633365057,True
58,mountainous,dry,medium,0.19883841962415916,GreedySeeded,3,100000,5,0.03701495804125443,0.10321816697251052,0.04502256744331805,0.22642790829065582,0.0016155151232172915,0.002481362047934294,0.1247460234365682,1750.5079531268634,100.00000000000031,20.000000000000295,5.009955705781818,True
58,mountainous,dry,medium,0.19883841962415916,GreedySeeded,4,100000,5,0.030918082979042083,0.11074729199754074,0.045482944553089606,0.2287432410650852,0.001615655246737368,0.0025019307532281087,0.12932318158422623,1741.3536368315476,100.00000000000047,20.000000000000323,5.027982373774634,True
58,mountainous,dry,medium,0.19883841962415916,RandomWalkSeeded,0,100000,5,0.01203629100928083,0.4519984999787994,0.008566889853980032,0.04308468086888346,0.0008991575841306482,0.00027432882605519474,0.019055860918835838,1961.888278162328,99.99999999999989,20.0000000000003,1.2225813516634738,True
58,mountainous,dry,medium,0.19883841962415916,RandomWalkSeeded,1,100000,5,0.012234708003234118,0.35009049996733665,0.01136317912379059,0.057147804459867814,0.00043272632074177025,0.00035433924517602267,0.02655052848282132,1946.8989430343577,100.00000000000043,20.000000000000217,1.673560312061837,True
58,mountainous,dry,medium,0.19883841962415916,RandomWalkSeeded,2,100000,5,0.01197629194939509,0.38750066701322794,0.008466675308556602,0.04258068095974692,0.000663530757421706,0.000366185125364239,0.021521705792957077,1956.956588414086,99.99999999999999,20.000000000000394,1.3364756070564754,True
58,mountainous,dry,medium,0.19883841962415916,RandomWalkSeeded,3,100000,5,0.012189375003799796,0.406241292017512,0.008742820893825025,0.043969474864820134,0.0005924052244768557,0.0003219196841658331,0.021942818019595255,1956.1143639608094,99.99999999999991,20.000000000000206,1.3992015250774796,True
58,mountainous,dry,medium,0.19883841962415916,RandomWalkSeeded,4,100000,5,0.012393915967550129,0.38840195804368705,0.010175142014634549,0.051172917356049306,0.0009034194461259112,0.0004550096359146933,0.027283558885065905,1945.4328822298685,99.99999999999977,20.000000000000064,1.517952205037831,True
59,mountainous,dry,medium,0.21245532362896494,Spiral,0,100000,5,0.08747654099715874,0.1418060419964604,0.045161128246505484,0.21256764704741188,0.0003150748174253737,0.0015507481641827807,0.10688010168776543,1786.2397966244691,99.99999999999994,20.000000000000078,6.642152944890167,True
59,mountainous,dry,medium,0.21245532362896494,Concentric,0,100000,5,0.09788033296354115,0.1262115000281483,0.043918763540599114,0.20671999548149464,0.00032061458581562137,0.0021351216337508376,0.09493820913880549,1810.123581722389,99.99999999999991,20.00000000000003,6.620664499922766,True
59,mountainous,dry,medium,0.21245532362896494,Pizza,0,100000,5,0.031233124958816916,0.15901354199741036,0.044462105667365276,0.20927743728848397,0.0010472300648678122,0.0012102461554544125,0.09418136326487046,1811.6372734702588,99.99999999999986,20.00000000000007,6.377864042127451,True
59,mountainous,dry,medium,0.21245532362896494,GreedySeeded,0,100000,5,0.029509167012292892,0.1822575000114739,0.0561013122567971,0.26406169211731895,0.0010738614278796256,0.002546909307349033,0.14801300619212007,1703.97398761576,100.00000000000043,20.000000000000192,4.191774215471365,True
59,mountainous,dry,medium,0.21245532362896494,GreedySeeded,1,100000,5,0.03216166701167822,0.19078275002539158,0.05352583329604918,0.251939242480586,0.002053689567953916,0.0030421466938782586,0.13575781486984856,1728.484370260303,100.00000000000009,20.000000000000064,3.8275913524855185,True
59,mountainous,dry,medium,0.21245532362896494,GreedySeeded,2,100000,5,0.026714625011663884,0.1888485419913195,0.05137234082703728,0.24180302921829666,0.0009928834784709828,0.0026043429463534825,0.15398059844106238,1692.038803117875,99.99999999999986,20.000000000000053,3.544512702110209,True
59,mountainous,dry,medium,0.21245532362896494,GreedySeeded,3,100000,5,0.028379000024870038,0.1957815419882536,0.04798190155782446,0.2258446657783956,0.0014217205791688782,0.0025869568308722894,0.12623515864378923,1747.5296827124216,100.00000000000024,20.00000000000014,3.714088183590113,True
59,mountainous,dry,medium,0.21245532362896494,GreedySeeded,4,100000,5,0.03436683298787102,0.15060649998486042,0.06400120197884718,0.3012454613310599,0.0014509578782577726,0.0033169497781551207,0.15509162873015678,1689.8167425396864,100.00000000000033,20.000000000000195,4.427606288358441,True
59,mountainous,dry,medium,0.21245532362896494,RandomWalkSeeded,0,100000,5,0.011619957978837192,0.4584497920004651,0.010995498154460222,0.05175440166264282,0.0005771661160302997,0.00017423622190628426,0.019869308185648228,1960.2613836287032,99.9999999999999,20.0000000000001,1.222608255681471,True
59,mountainous,dry,medium,0.21245532362896494,RandomWalkSeeded,1,100000,5,0.012344582995865494,0.3579717500251718,0.01181912449040615,0.05563110534733995,0.00023870539694469424,0.00028958593132246346,0.02541912954328529,1949.1617409134294,100.00000000000028,20.000000000000142,1.6736095957825798,True
59,mountainous,dry,medium,0.21245532362896494,RandomWalkSeeded,2,100000,5,0.02530624996870756,0.4137582089751959,0.008206100718262506,0.03862506515766938,0.0006400439488218009,0.0003567253969136849,0.020378455265689523,1959.243089468621,100.00000000000033,20.000000000000153,1.3363697233573015,True
59,mountainous,dry,medium,0.21245532362896494,RandomWalkSeeded,3,100000,5,0.012068042007740587,0.4156888750148937,0.006063386772399313,0.028539585023477688,0.00012967153713780584,0.00030518140296041576,0.015128178275884408,1969.743643448231,100.00000000000004,20.00000000000011,1.3990400883061997,True
59,mountainous,dry,medium,0.21245532362896494,RandomWalkSeeded,4,100000,5,0.01188862498383969,0.3766117920167744,0.01204341647109069,0.05668681897622621,0.0013014899832083076,0.0006316910693881933,0.030601026662293307,1938.7979466754139,100.00000000000021,20.00000000000014,1.5181231067158025,True
60,mountainous,dry,medium,0.2811490286963215,Spiral,0,100000,5,0.08775862498441711,0.1431525420048274,0.05690681568190457,0.20240801096051989,0.0003606271674487017,0.002288608681093051,0.09755994904208977,1804.8801019158207,100.0,20.000000000000068,6.642152944890608,True
60,mountainous,dry,medium,0.2811490286963215,Concentric,0,100000,5,0.09847283305134624,0.13801262498600408,0.05699289566637596,0.202714183046088,0.00036244696303612626,0.00272378321494026,0.09672469609021753,1806.5506078195654,100.00000000000064,20.000000000000252,6.620664499922447,True
60,mountainous,dry,medium,0.2811490286963215,Pizza,0,100000,5,0.030642041005194187,0.14615083299577236,0.06330893451474029,0.22517927523456746,0.0008831002168665463,0.0012830990596317004,0.10255571836321051,1794.888563273579,99.9999999999993,20.00000000000012,6.377864042127238,True
60,mountainous,dry,medium,0.2811490286963215,GreedySeeded,0,100000,5,0.03558483300730586,0.04522891697706655,0.07476160815445085,0.26591451694184354,0.0015414873195591621,0.0032988369622569376,0.1485074303544355,1702.985139291129,99.99999999999974,20.00000000000033,6.0352526794562005,True
60,mountainous,dry,medium,0.2811490286963215,GreedySeeded,1,100000,5,0.03187012497801334,0.04319524997845292,0.07600061268929552,0.2703214485275221,0.0015414296178188323,0.0032977853701082753,0.14683189910541214,1706.336201789176,100.00000000000065,20.000000000000256,6.202714071011024,True
60,mountainous,dry,medium,0.2811490286963215,GreedySeeded,2,100000,5,0.03472958301426843,0.031984000001102686,0.07800247596099469,0.2774417408542705,0.0015414649927337882,0.003298926757408399,0.14986881683046327,1700.2623663390737,100.00000000000054,20.00000000000046,6.252847329185732,True
60,mountainous,dry,medium,0.2811490286963215,GreedySeeded,3,100000,5,0.03610212495550513,0.03071970900055021,0.07418282885821997,0.2638558959360565,0.001541500969098351,0.0032995084627218726,0.14693907637122958,1706.1218472575413,99.99999999999949,20.00000000000019,6.332334078919835,True
60,mountainous,dry,medium,0.2811490286963215,GreedySeeded,4,100000,5,0.03497375000733882,0.07421358296414837,0.0729807922165695,0.25958045295400434,0.0015414132194447475,0.0032982532888100506,0.14438734940295128,1711.2253011940975,99.99999999999984,20.000000000000316,5.384700330253509,True
60,mountainous,dry,medium,0.2811490286963215,RandomWalkSeeded,0,100000,5,0.011951708002015948,0.4461254170164466,0.011669125120319163,0.041505123366168115,0.001418881323858806,0.00034104199990353057,0.017364802533717746,1965.2703949325646,99.99999999999989,20.0000000000003,1.222581352235037,True
60,mountainous,dry,medium,0.2811490286963215,RandomWalkSeeded,1,100000,5,0.012092709017451853,0.36258887499570847,0.016033804243508018,0.05702955588307106,0.00036264666932412775,0.0004159067603281189,0.025681789184332386,1948.6364216313352,100.00000000000043,20.000000000000217,1.6735603130134362,True
60,mountainous,dry,medium,0.2811490286963215,RandomWalkSeeded,2,100000,5,0.012194000009912997,0.3960531670018099,0.010243883529603608,0.0364357777691929,0.0012817219606132194,0.00041207579136384373,0.01902221078700963,1961.955578425981,99.99999999999999,20.000000000000394,1.3364756050831414,True
60,mountainous,dry,medium,0.2811490286963215,RandomWalkSeeded,3,100000,5,0.01234620896866545,0.4448358750087209,0.010668911455979924,0.03794753090718934,0.0006595063948795036,0.0003478915938714917,0.018970408684537116,1962.059182630926,99.99999999999991,20.000000000000206,1.3992015234192836,True
60,mountainous,dry,medium,0.2811490286963215,RandomWalkSeeded,4,100000,5,0.0153036669944413,0.3800539589719847,0.013995105423601535,0.04977824568164565,0.00101169760432199,0.0004668977703398589,0.02564513011455901,1948.7097397708822,99.99999999999977,20.000000000000064,1.517952205214661,True
1,flat,temperate,medium,0.28074492558593855,Spiral,0,250000,5,0.024483582994434983,0.268451375013683,0.27640322640244874,0.9845350751240532,0.00819966624705683,0.011396329965903073,0.6968805140517353,1515.5974297413238,153.6182385661155,30.7236477132233,10.181000091427466,True
1,flat,temperate,medium,0.28074492558593855,Concentric,0,250000,5,0.027711375034414232,0.3409857079968788,0.27744742233703695,0.9882544511106677,0.008375849853804901,0.009595752784213794,0.6995369063544914,1502.315468227544,158.31540986329648,31.663081972659665,10.431351366554376,True
1,flat,temperate,medium,0.28074492558593855,Pizza,0,250000,5,0.005285249964799732,0.30116054200334474,0.27757096063833664,0.9886944886324212,0.010977160574711571,0.01331382619736496,0.719456096561844,1402.7195171907813,162.3076089770762,32.46152179541797,10.434630900816247,True
1,flat,temperate,medium,0.28074492558593855,GreedySeeded,0,250000,5,0.06580312497681007,0.6207468750071712,0.2518909402359081,0.8972234839514561,0.012280126653891566,0.018107129223378864,0.6820286100816121,1589.8569495919396,249.99999999999997,50.00000000000047,6.629303141064227,True
1,flat,temperate,medium,0.28074492558593855,GreedySeeded,1,250000,5,0.06374629097990692,0.6861115000210702,0.23601430717569505,0.84067167619544,0.011958287108509697,0.01706996842176853,0.6579190937292587,1710.404531353707,249.99999999999918,50.000000000000014,6.202016599947278,True
1,flat,temperate,medium,0.28074492558593855,GreedySeeded,2,250000,5,0.06449570902623236,0.5729184999945574,0.25397044135749713,0.9046305675069254,0.012051279505518198,0.0175404543893016,0.6499433762088287,1750.283118955857,250.00000000000014,50.000000000000234,6.9618465048493885,True
1,flat,temperate,medium,0.28074492558593855,GreedySeeded,3,250000,5,0.06602954101981595,0.5506765419850126,0.26554013790985964,0.945841273375306,0.012009167759070665,0.017976056759933228,0.7311090941758164,1344.454529120919,249.99999999999912,50.0,7.205821353939255,True
1,flat,temperate,medium,0.28074492558593855,GreedySeeded,4,250000,5,0.06550841697026044,0.5910232909955084,0.25063889133825434,0.8927637456497197,0.012460717541926765,0.017537870165205877,0.6056383983372899,1971.8080083135508,249.9999999999997,50.000000000000206,6.776534793548473,True
1,flat,temperate,medium,0.28074492558593855,RandomWalkSeeded,0,250000,5,0.029632500023581088,0.9724164580111392,0.11865398021010967,0.42263980359562586,0.011292584274431375,0.004205185013615901,0.24021215010125382,3798.939249493731,250.00000000000017,50.00000000000029,3.175679114897841,True
1,flat,temperate,medium,0.28074492558593855,RandomWalkSeeded,1,250000,5,0.033727291971445084,0.9723350830026902,0.10482255683128042,0.37337293492484974,0.00760090258289372,0.0054474484158564835,0.24006791157640298,3799.660442117986,249.99999999999974,50.000000000000114,2.9827654096037968,True
1,flat,temperate,medium,0.28074492558593855,RandomWalkSeeded,2,250000,5,0.03028229100164026,0.9228038750006817,0.10741724100974824,0.38261507589339083,0.010147750744626358,0.005412124242778942,0.24251578352692196,3787.421082365391,249.99999999999972,50.00000000000011,2.934966571666203,True
1,flat,temperate,medium,0.28074492558593855,RandomWalkSeeded,3,250000,5,0.034221834037452936,0.9410680829896592,0.07468567591698119,0.26602680622314306,0.009674619642800345,0.0049134278510328195,0.17438312668870184,4128.084366556492,250.00000000000057,50.00000000000032,2.6315651421102673,True
1,flat,temperate,medium,0.28074492558593855,RandomWalkSeeded,4,250000,5,0.030863291991408914,0.9765136250061914,0.09150714719475453,0.3259440825289053,0.00982530502899265,0.005967979946774228,0.20712357016149083,3964.382149192547,249.99999999999955,50.00000000000003,2.7232078872048744,True
2,flat,temperate,medium,0.21527885064027846,Spiral,0,250000,5,0.021689124987460673,0.26512558304239064,0.21249246114717718,0.9870568358906876,0.006000885109455928,0.006678982729533586,0.6989782294399143,1505.108852800428,153.6182385661155,30.723647713223297,10.181000091427267,True
2,flat,temperate,medium,0.21527885064027846,Concentric,0,250000,5,0.027833583008032292,0.32871912501286715,0.21297549215941064,0.9893005816687649,0.005886846230835185,0.007747084854247852,0.6972114542691404,1513.9427286542982,158.31540986329802,31.663081972660375,10.431351366502845,True
2,flat,temperate,medium,0.21527885064027846,Pizza,0,250000,5,0.008156166004482657,0.3056206660112366,0.21304427779976567,0.989620100470312,0.006740817361516551,0.010633184709568153,0.7334537089379527,1332.7314553102365,162.30760897707637,32.461521795417696,10.43463090081667,True
2,flat,temperate,medium,0.21527885064027846,GreedySeeded,0,250000,5,0.06700712500605732,0.5632102920208126,0.1924991157663054,0.8941849847013676,0.010114253101783904,0.01360253297794959,0.6150125229843201,1924.9373850783995,249.99999999999955,50.00000000000022,7.858222616360203,True
2,flat,temperate,medium,0.21527885064027846,GreedySeeded,1,250000,5,0.06712854199577123,0.49971458298387006,0.18468633327931258,0.8578935307858706,0.01010914287595479,0.013812711052914869,0.6315896386040083,1842.0518069799587,250.00000000000065,50.0000000000004,7.589423820782983,True
2,flat,temperate,medium,0.21527885064027846,GreedySeeded,2,250000,5,0.06703204195946455,0.5001333329710178,0.19186210043782304,0.8912259605028094,0.010116252840652621,0.01360818378037867,0.5813837224431027,2093.0813877844867,250.0000000000003,50.000000000000284,8.065562839877169,True
2,flat,temperate,medium,0.21527885064027846,GreedySeeded,3,250000,5,0.06949429103406146,0.5378758329898119,0.17351089813102932,0.8059820907394124,0.010116711179014793,0.013743252483757152,0.5476141364824997,2261.929317587502,250.00000000000017,50.00000000000029,7.085043385784481,True
2,flat,temperate,medium,0.21527885064027846,GreedySeeded,4,250000,5,0.06896579102613032,0.5588530829991214,0.17906221075795187,0.8317687047538032,0.01011128478594805,0.013463788308749818,0.61043302332055,1947.8348833972498,250.00000000000023,50.00000000000044,7.153409980958973,True
2,flat,temperate,medium,0.21527885064027846,RandomWalkSeeded,0,250000,5,0.03158079204149544,0.9696480419952422,0.08405672680614722,0.39045510767150243,0.007057208449065095,0.003007441091020164,0.2101252279115237,3949.3738604423816,250.00000000000023,50.00000000000029,3.17567911391406,True
2,flat,temperate,medium,0.21527885064027846,RandomWalkSeeded,1,250000,5,0.03344879095675424,0.9802025830140337,0.08339887913377181,0.3873993143577661,0.00568282541254038,0.004200047484343071,0.24964426777845605,3751.77866110772,249.99999999999977,50.000000000000114,2.9827654085103394,True
2,flat,temperate,medium,0.21527885064027846,RandomWalkSeeded,2,250000,5,0.031134999997448176,0.9443685419973917,0.08849254518744025,0.4110600968197634,0.007270374194820227,0.003954866329364121,0.2533290282639222,3733.354858680389,249.99999999999972,50.000000000000156,2.9349665725369274,True
2,flat,temperate,medium,0.21527885064027846,RandomWalkSeeded,3,250000,5,0.03385849995538592,0.9537824590224773,0.07617246651042711,0.3538316294604711,0.007451439793853107,0.0039076911119821384,0.2269704028047026,3865.147985976487,250.00000000000063,50.00000000000029,2.6315651419127097,True
2,flat,temperate,medium,0.21527885064027846,RandomWalkSeeded,4,250000,5,0.03008241596398875,0.9863497079932131,0.07166183086119902,0.33287910376734037,0.005510882972593667,0.004060412685432578,0.21262986683129126,3936.8506658435435,249.9999999999995,50.00000000000003,2.7232078852718944,True
3,flat,temperate,medium,0.24212152259483805,Spiral,0,250000,5,0.024935124965850264,0.27960816596169025,0.23906126223363233,0.9873606430010491,0.005807689043249976,0.007999922891034407,0.6934194987999184,1532.9025060004078,153.6182385661155,30.723647713223365,10.181000091427503,True
3,flat,temperate,medium,0.24212152259483805,Concentric,0,250000,5,0.02753166703041643,0.3455357499769889,0.2393286768639241,0.9884651075171559,0.005907179669688045,0.008361234697463915,0.6906160112812494,1546.9199435937528,158.31540986329648,31.66308197265966,10.431351366554363,True
3,flat,temperate,medium,0.24212152259483805,Pizza,0,250000,5,0.004944542015437037,0.3112002090201713,0.2395009957566816,0.9891768116684877,0.007954674475866246,0.010113895381593263,0.7283220685453096,1358.389657273453,162.3076089770762,32.46152179541797,10.434630900816266,True
3,flat,temperate,medium,0.24212152259483805,GreedySeeded,0,250000,5,0.08560066699283198,0.5348441660171375,0.2063677219435722,0.8523311754027929,0.009041175793242652,0.01383376246945012,0.5854782037450017,2072.6089812749915,250.0000000000002,50.000000000000284,7.640437859077336,True
3,flat,temperate,medium,0.24212152259483805,GreedySeeded,1,250000,5,0.06426554202334955,0.5213615840184502,0.21807984954928028,0.900704105988179,0.009539266393979605,0.014341169467475746,0.6640375707548329,1679.8121462258343,249.9999999999995,50.00000000000034,8.04791463481547,True
3,flat,temperate,medium,0.24212152259483805,GreedySeeded,2,250000,5,0.059938999998848885,0.536157708032988,0.207659810665544,0.8576677052086705,0.009420955150120428,0.014236259651016082,0.6189847335246661,1905.0763323766696,250.00000000000028,50.000000000000256,7.394084754014626,True
3,flat,temperate,medium,0.24212152259483805,GreedySeeded,3,250000,5,0.06191408296581358,0.4745280420174822,0.21814421299866182,0.9009699371653984,0.009103531708559492,0.014131801362668929,0.6105566809342173,1947.2165953289127,249.99999999999955,50.00000000000011,7.969843853732743,True
3,flat,temperate,medium,0.24212152259483805,GreedySeeded,4,250000,5,0.0631522909970954,0.6086091250181198,0.19244290021719063,0.7948194698049261,0.009429344944607416,0.014324745471523327,0.5873918256130047,2063.0408719349766,250.00000000000102,50.00000000000044,6.749159905305813,True
3,flat,temperate,medium,0.24212152259483805,RandomWalkSeeded,0,250000,5,0.030139582988340408,0.9680421250523068,0.09709725052425366,0.4010269284764681,0.007191275749123731,0.0027643568086540143,0.21488123942699044,3925.5938028650476,250.00000000000017,50.00000000000029,3.1756791299864373,True
3,flat,temperate,medium,0.24212152259483805,RandomWalkSeeded,1,250000,5,0.02954675001092255,0.9769978340482339,0.09017368611647655,0.37243151765310695,0.004196896054490829,0.0037557384813527634,0.23691124953473383,3815.4437523263305,249.99999999999974,50.000000000000114,2.9827654224451456,True
3,flat,temperate,medium,0.24212152259483805,RandomWalkSeeded,2,250000,5,0.03086879098555073,0.9304403749993071,0.09704910047719921,0.4008280612029666,0.006460025296785955,0.003745811521175757,0.23179928114073503,3841.0035942963236,249.99999999999972,50.00000000000011,2.9349665839742607,True
3,flat,temperate,medium,0.24212152259483805,RandomWalkSeeded,3,250000,5,0.029499541968107224,0.9313725830288604,0.08223108375959606,0.3396273196959864,0.005669531271141401,0.003824675214833428,0.20936707008030148,3953.1646495984924,250.00000000000057,50.00000000000032,2.631565152336024,True
3,flat,temperate,medium,0.24212152259483805,RandomWalkSeeded,4,250000,5,0.033354290993884206,0.9799972910550423,0.08459790155186467,0.3494026497323385,0.008466315905966238,0.00425532880361556,0.22065599634243976,3896.7200182878005,249.99999999999955,50.00000000000003,2.7232078946133926,True
4,flat,temperate,medium,0.24056197442100552,Spiral,0,250000,5,0.024355541972909123,0.2682507919962518,0.23738056131582427,0.9867750790088982,0.005729281681967738,0.006769153959648558,0.691815497233857,1540.9225138307152,153.61823856611548,30.723647713223286,10.181000091427252,True
4,flat,temperate,medium,0.24056197442100552,Concentric,0,250000,5,0.027740292018279433,0.3448090839665383,0.23712552942891607,0.9857149285527755,0.005693079556886749,0.007975291441292644,0.6868108550245945,1565.9457248770273,158.315409863298,31.663081972660372,10.431351366502849,True
4,flat,temperate,medium,0.24056197442100552,Pizza,0,250000,5,0.0049725419958122075,0.30234283400932327,0.23725948420459864,0.9862717695747407,0.007171173237072084,0.010048048951483493,0.7291853399770638,1354.0733001146812,162.30760897707637,32.461521795417696,10.43463090081666,True
4,flat,temperate,medium,0.24056197442100552,GreedySeeded,0,250000,5,0.06320320803206414,0.5763185420073569,0.1799169928423078,0.7479028773160822,0.007432959077375276,0.012224772594383865,0.5875864390497185,2062.0678047514075,249.9999999999996,50.0000000000001,7.06475115042163,True
4,flat,temperate,medium,0.24056197442100552,GreedySeeded,1,250000,5,0.06526958401082084,0.5390053329756483,0.22425390155751457,0.932208434426339,0.007453173225897523,0.011870658588599155,0.6524638955183778,1737.6805224081113,250.00000000000014,50.000000000000114,8.275155335811274,True
4,flat,temperate,medium,0.24056197442100552,GreedySeeded,2,250000,5,0.06515837501501665,0.5572864169953391,0.2283220710558254,0.9491195422940819,0.007444153753012141,0.011987595334879426,0.6375494113391253,1812.2529433043733,249.9999999999998,50.00000000000017,8.383369207915868,True
4,flat,temperate,medium,0.24056197442100552,GreedySeeded,3,250000,5,0.06710650003515184,0.46616662497399375,0.22837647762604796,0.9493457067589917,0.007450685071152749,0.011512637363561756,0.6232857932279952,1883.5710338600243,249.99999999999977,50.00000000000007,8.60601750735636,True
4,flat,temperate,medium,0.24056197442100552,GreedySeeded,4,250000,5,0.06297241599531844,0.5452538329991512,0.20354253534626576,0.8461126736100347,0.007428878214326327,0.0123623867150301,0.5762713156582069,2118.643421708965,249.99999999999972,50.00000000000004,7.1212111881074645,True
4,flat,temperate,medium,0.24056197442100552,RandomWalkSeeded,0,250000,5,0.03340825001941994,0.9711620830348693,0.0954765827394499,0.3968897535416679,0.007688892927518294,0.0029040011127073593,0.20619042419292774,3969.0478790353613,250.00000000000023,50.00000000000029,3.175679132030247,True
4,flat,temperate,medium,0.24056197442100552,RandomWalkSeeded,1,250000,5,0.030963582976255566,0.9778933330089785,0.0869248509890088,0.3613407779771642,0.005534897504576331,0.0038553777011508,0.22963266844062552,3851.8366577968727,249.99999999999977,50.000000000000114,2.9827654252214533,True
4,flat,temperate,medium,0.24056197442100552,RandomWalkSeeded,2,250000,5,0.0334131249692291,0.9248724580393173,0.095963026153262,0.3989118662009229,0.0067383000354049975,0.0037106791496873876,0.23330634775916476,3833.468261204175,249.99999999999972,50.000000000000156,2.934966585996588,True
4,flat,temperate,medium,0.24056197442100552,RandomWalkSeeded,3,250000,5,0.029157500015571713,0.9482741249958053,0.08420855748872516,0.3500493280012429,0.006517293944945593,0.003627765728467482,0.21776760361264924,3911.161981936754,250.00000000000063,50.00000000000029,2.631565153951586,True
4,flat,temperate,medium,0.24056197442100552,RandomWalkSeeded,4,250000,5,0.034419292001985013,0.960528791998513,0.07885259921383403,0.327784968524721,0.006123986828849726,0.004108224757998002,0.2049735642004846,3975.1321789975773,249.9999999999995,50.00000000000003,2.7232078962408552,True
5,flat,temperate,medium,0.24553015521225333,Spiral,0,250000,5,0.021194583969190717,0.29013629199471325,0.24187942161193837,0.9851312210626063,0.005783741810285407,0.007987433433917664,0.6935076794904604,1532.4616025476976,153.6182385661155,30.7236477132233,10.181000091427466,True
5,flat,temperate,medium,0.24553015521225333,Concentric,0,250000,5,0.027011583966668695,0.3376073749968782,0.24190631218736994,0.9852407415221536,0.005709074460888717,0.007793827760743437,0.6885793506591686,1557.103246704157,158.31540986329648,31.663081972659665,10.431351366554376,True
5,flat,temperate,medium,0.24553015521225333,Pizza,0,250000,5,0.005075583001598716,0.29546433297218755,0.24212198364708837,0.9861191324453866,0.006752002614683114,0.009984028448006735,0.7243837527069306,1378.081236465348,162.3076089770762,32.46152179541797,10.434630900816247,True
5,flat,temperate,medium,0.24553015521225333,GreedySeeded,0,250000,5,0.070235249993857,0.5638067499967292,0.19807895660925123,0.8067398338017504,0.008445985219516346,0.012621754231518033,0.6134684955505253,1932.6575222473737,250.00000000000028,50.00000000000042,7.254480784613197,True
5,flat,temperate,medium,0.24553015521225333,GreedySeeded,1,250000,5,0.06981529196491465,0.47704570804489776,0.22653446798790827,0.9226339949652056,0.008258859847912,0.012559134569791661,0.6637039410672764,1681.480294663618,249.99999999999994,50.00000000000026,8.697949994849141,True
5,flat,temperate,medium,0.24553015521225333,GreedySeeded,2,250000,5,0.06752666702959687,0.5592721249558963,0.22964435922733592,0.9353000205975326,0.008539298253253329,0.012647933544855858,0.6620297825684028,1689.851087157986,250.00000000000043,50.00000000000032,8.76498927190249,True
5,flat,temperate,medium,0.24553015521225333,GreedySeeded,3,250000,5,0.06517387501662597,0.507655082968995,0.21005223548970287,0.8555048373105907,0.008280377938136461,0.01262441212794773,0.6038956159055776,1980.5219204721125,250.0000000000001,50.00000000000032,7.721340921617571,True
5,flat,temperate,medium,0.24553015521225333,GreedySeeded,4,250000,5,0.06466079200617969,0.5706580829573795,0.21112477477109046,0.8598730961929281,0.008536562743090037,0.01276412128790102,0.5991171326023269,2004.4143369883654,250.00000000000014,50.000000000000284,7.727382129931767,True
5,flat,temperate,medium,0.24553015521225333,RandomWalkSeeded,0,250000,5,0.03523937502177432,0.9714185420307331,0.09626518346040919,0.39207071480564526,0.007655961140209661,0.0029557711445429334,0.20785050228155208,3960.7474885922393,250.00000000000017,50.00000000000029,3.175679114519905,True
5,flat,temperate,medium,0.24553015521225333,RandomWalkSeeded,1,250000,5,0.030141833005473018,0.9733307920396328,0.08814792070276313,0.35901056889147465,0.005757317912637557,0.003915447400069386,0.2291000751684795,3854.499624157603,249.99999999999974,50.000000000000114,2.9827654083877806,True
5,flat,temperate,medium,0.24553015521225333,RandomWalkSeeded,2,250000,5,0.032692625012714416,0.9403392910026014,0.09582373817533205,0.3902727878475674,0.006850287099554342,0.003723802455198458,0.2258429597937517,3870.7852010312417,249.99999999999972,50.00000000000011,2.9349665731985155,True
5,flat,temperate,medium,0.24553015521225333,RandomWalkSeeded,3,250000,5,0.029992875002790242,0.93011308304267,0.08014355860858663,0.32641024699921267,0.006725716426056598,0.0036491541230705467,0.20542945320813252,3972.8527339593375,250.00000000000057,50.00000000000032,2.6315651430025215,True
5,flat,temperate,medium,0.24553015521225333,RandomWalkSeeded,4,250000,5,0.03381070797331631,0.9601562920142896,0.08167507972675256,0.3326478560490745,0.006442123230403386,0.004096964026142772,0.20773890436105455,3961.305478194727,249.99999999999955,50.00000000000003,2.7232078864669984,True
6,flat,temperate,medium,0.2334730189557093,Spiral,0,250000,5,0.02457100001629442,0.25038766697980464,0.2302419289091784,0.9861607561294102,0.005007042962722401,0.007502890197290006,0.6925997457590753,1537.0012712046232,153.61823856611548,30.723647713223286,10.181000091427252,True
6,flat,temperate,medium,0.2334730189557093,Concentric,0,250000,5,0.030348500004038215,0.3274003329570405,0.2307740150952794,0.9884397611659704,0.005111048417752402,0.007574803532231428,0.6883678836226786,1558.160581886607,158.315409863298,31.663081972660372,10.431351366502849,True
6,flat,temperate,medium,0.2334730189557093,Pizza,0,250000,5,0.004939791979268193,0.29551341698970646,0.23094179794830272,0.9891584003208236,0.006688815627024085,0.008942616779437338,0.7202851767329799,1398.5741163351008,162.30760897707637,32.461521795417696,10.43463090081666,True
6,flat,temperate,medium,0.2334730189557093,GreedySeeded,0,250000,5,0.06426020804792643,0.6033299169503152,0.18900685442839585,0.8095447400037739,0.007536472101181509,0.011103397426775859,0.6128649721128507,1935.675139435746,249.99999999999977,50.00000000000038,6.998142608875259,True
6,flat,temperate,medium,0.2334730189557093,GreedySeeded,1,250000,5,0.06341637502191588,0.648469457984902,0.17917441478805066,0.7674309245216927,0.007710057791133412,0.010674162652209582,0.5862818384044748,2068.5908079776264,250.0000000000005,50.000000000000355,6.561975561158212,True
6,flat,temperate,medium,0.2334730189557093,GreedySeeded,2,250000,5,0.06648179196054116,0.5468373749754392,0.21573110389665573,0.9240087135618045,0.007542381815733668,0.010754577977387478,0.6446390432634611,1776.8047836826954,250.00000000000023,50.00000000000022,8.371245246047215,True
6,flat,temperate,medium,0.2334730189557093,GreedySeeded,3,250000,5,0.06945437501417473,0.5998055000090972,0.17488344561170152,0.7490520591798129,0.007570126409970529,0.010557040493552175,0.47060739535854096,2646.9630232072955,249.99999999999966,50.00000000000046,6.4387741380944865,True
6,flat,temperate,medium,0.2334730189557093,GreedySeeded,4,250000,5,0.06512337498134002,0.5604290830087848,0.19732540706125085,0.8451743500977482,0.007587765373134405,0.010904942294140976,0.5842923045535204,2078.5384772323982,250.00000000000082,50.00000000000044,7.339613366722641,True
6,flat,temperate,medium,0.2334730189557093,RandomWalkSeeded,0,250000,5,0.03138891700655222,0.9703217079513706,0.08904324949132454,0.3813856088793557,0.006881015500470792,0.0025625171899707603,0.19996004016881616,4000.199799155919,250.00000000000023,50.00000000000029,3.175679129247984,True
6,flat,temperate,medium,0.2334730189557093,RandomWalkSeeded,1,250000,5,0.031164082989562303,0.9851507089915685,0.0830148679199875,0.355565145348704,0.0046314887716648765,0.003430973104237881,0.22308064567201516,3884.5967716399246,249.99999999999977,50.000000000000114,2.9827654226705578,True
6,flat,temperate,medium,0.2334730189557093,RandomWalkSeeded,2,250000,5,0.0307230829494074,0.9137690840288997,0.0887623194718897,0.38018234341985463,0.006183423665107511,0.0032910998357211963,0.2187459854629343,3906.270072685329,249.99999999999972,50.000000000000156,2.9349665832682654,True
6,flat,temperate,medium,0.2334730189557093,RandomWalkSeeded,3,250000,5,0.03252787503879517,0.919123791041784,0.07567322151146502,0.3241197713120783,0.005961625043823619,0.00321477743152088,0.200841679416674,3995.79160291663,250.00000000000063,50.00000000000029,2.6315651516223033,True
6,flat,temperate,medium,0.2334730189557093,RandomWalkSeeded,4,250000,5,0.0290192500106059,0.953889166994486,0.0759909769214984,0.32548076544945076,0.005986979133561365,0.0037260017123036397,0.20324990724419478,3983.750463779026,249.9999999999995,50.00000000000003,2.723207894665224,True
7,flat,temperate,medium,0.22652654158131885,Spiral,0,250000,5,0.024364917015191168,0.2594057919923216,0.22297140377963579,0.9843058664257811,0.004435860963373217,0.0070926682972814,0.689791622982506,1551.0418850874705,153.6182385661155,30.723647713223297,10.181000091427295,True
7,flat,temperate,medium,0.22652654158131885,Concentric,0,250000,5,0.028666333004366606,0.32058045896701515,0.22382672871755016,0.9880816930107966,0.004474015966647026,0.007189762303869427,0.686264410787849,1568.6779460607543,158.31540986329802,31.663081972660375,10.43135136650285,True
7,flat,temperate,medium,0.22652654158131885,Pizza,0,250000,5,0.005082165997009724,0.29947874997742474,0.22394488257593392,0.9886032824791167,0.00591491393185307,0.00827735118141529,0.7193036323893751,1403.4818380531246,162.30760897707634,32.461521795417696,10.434630900816675,True
7,flat,temperate,medium,0.22652654158131885,GreedySeeded,0,250000,5,0.06448341702343896,0.6595190420048311,0.16681493069981695,0.7364034674936026,0.008193856129142432,0.012115702317433277,0.564591770070742,2177.0411496462903,249.99999999999937,50.000000000000334,6.8417824913855725,True
7,flat,temperate,medium,0.22652654158131885,GreedySeeded,1,250000,5,0.062492042023222893,0.5039460419793613,0.19711080786502466,0.8701444276200434,0.008191229340691707,0.012028882700373826,0.6084242356005964,1957.878821997017,250.00000000000037,50.000000000000256,7.677031848075733,True
7,flat,temperate,medium,0.22652654158131885,GreedySeeded,2,250000,5,0.06422037503216416,0.5230229590088129,0.20459990847847437,0.903205015404461,0.008182640028667795,0.012065886235089036,0.5969137236819546,2015.4313815902271,249.9999999999996,50.00000000000013,8.125174675008516,True
7,flat,temperate,medium,0.22652654158131885,GreedySeeded,3,250000,5,0.06100495799910277,0.5774782079970464,0.16740289408147518,0.7389990281619191,0.008189520482667396,0.012060760544183232,0.5392987317452287,2303.506341273856,250.00000000000014,50.00000000000022,6.420345377360883,True
7,flat,temperate,medium,0.22652654158131885,GreedySeeded,4,250000,5,0.06461412500357255,0.5483705840306357,0.1994994684928409,0.8806891550111106,0.008192844441451902,0.012078593349148691,0.6228643655086594,1885.6781724567034,249.9999999999996,50.000000000000064,7.806916988116722,True
7,flat,temperate,medium,0.22652654158131885,RandomWalkSeeded,0,250000,5,0.03302700002677739,0.9637150000198744,0.0847800442562685,0.37426097473807074,0.005896953096603054,0.0022465615340771083,0.1945826842851094,4027.0865785744536,250.00000000000023,50.00000000000029,3.1756791324006404,True
7,flat,temperate,medium,0.22652654158131885,RandomWalkSeeded,1,250000,5,0.029710832983255386,0.9648980000056326,0.08192528058694326,0.3616586383875622,0.004022111123076084,0.003053624476698856,0.2262062797481438,3868.9686012592815,249.99999999999977,50.000000000000114,2.9827654229794116,True
7,flat,temperate,medium,0.22652654158131885,RandomWalkSeeded,2,250000,5,0.033666292030829936,0.9321008750121109,0.08702478634883766,0.38417037465606374,0.005183286996764657,0.0029168888863857377,0.2199771660345371,3900.1141698273154,249.99999999999972,50.000000000000156,2.934966584894934,True
7,flat,temperate,medium,0.22652654158131885,RandomWalkSeeded,3,250000,5,0.030242625041864812,0.9323735420475714,0.07510620524901383,0.3315558729882966,0.005016935038375411,0.0028274978777061074,0.20408233624410313,3979.588318779484,250.00000000000063,50.00000000000029,2.6315651576500674,True
7,flat,temperate,medium,0.22652654158131885,RandomWalkSeeded,4,250000,5,0.02970074996119365,0.9643617499968968,0.07393613557632793,0.3263906077415931,0.005336274399503241,0.0033844642904876437,0.20277883139159578,3986.105843042022,249.9999999999995,50.00000000000003,2.7232078976712275,True
8,flat,temperate,medium,0.2067302436640888,Spiral,0,250000,5,0.02125787502154708,0.2541136249783449,0.20343896067684317,0.984079334842784,0.00539394094623617,0.007286501071157959,0.6856648930421234,1571.6755347893823,153.61823856611548,30.723647713223286,10.181000091427252,True
8,flat,temperate,medium,0.2067302436640888,Concentric,0,250000,5,0.027582625043578446,0.32283987500704825,0.2041186332725023,0.9873670618033515,0.0051946296509581165,0.006949564592077643,0.6804097594139462,1597.951202930269,158.315409863298,31.663081972660372,10.431351366502849,True
8,flat,temperate,medium,0.2067302436640888,Pizza,0,250000,5,0.004857249965425581,0.30245420802384615,0.20446603006114158,0.9890474970530859,0.004130088115493567,0.006188788066397978,0.7049050743660241,1475.4746281698795,162.30760897707637,32.461521795417696,10.43463090081666,True
8,flat,temperate,medium,0.2067302436640888,GreedySeeded,0,250000,5,0.06486070802202448,0.5837447920348495,0.18561225547283605,0.8978476113753009,0.0079762990909433,0.011852712831009748,0.6653254523260405,1673.3727383697983,249.99999999999952,50.0000000000001,7.514975958294475,True
8,flat,temperate,medium,0.2067302436640888,GreedySeeded,1,250000,5,0.063996082986705,0.5381732910173014,0.1739462044881112,0.8414163375667103,0.00799855342430538,0.012093246414805742,0.6739833174193042,1630.0834129034793,249.99999999999943,50.0000000000002,7.370592100207714,True
8,flat,temperate,medium,0.2067302436640888,GreedySeeded,2,250000,5,0.06424270797288045,0.50091879197862,0.17692133819243258,0.8558077185837791,0.007975634704709496,0.01171258361786819,0.6488633044808516,1755.6834775957425,249.99999999999991,50.00000000000034,7.759324464628654,True
8,flat,temperate,medium,0.2067302436640888,GreedySeeded,3,250000,5,0.06560995802283287,0.5455856249900535,0.18158841881053361,0.87838342175803,0.008004116906791313,0.012152733024404134,0.6468264202311105,1765.867898844448,250.00000000000065,50.00000000000033,7.821465748120886,True
8,flat,temperate,medium,0.2067302436640888,GreedySeeded,4,250000,5,0.0655717080226168,0.48656341701280326,0.17850798276171065,0.8634826699656203,0.007997675186082026,0.01199779776750615,0.6530106898593594,1734.946550703203,249.99999999999957,50.0000000000001,7.811627791575159,True
8,flat,temperate,medium,0.2067302436640888,RandomWalkSeeded,0,250000,5,0.032997375004924834,0.9600550000322983,0.07106190823361119,0.34374219743618184,0.006750046167111724,0.0028168664952954925,0.18268165258497937,4086.5917370751035,250.00000000000023,50.00000000000029,3.1756791208370543,True
8,flat,temperate,medium,0.2067302436640888,RandomWalkSeeded,1,250000,5,0.02996399998664856,0.96745291701518,0.06574634545232833,0.3180296423350521,0.005855533213090363,0.0034937048719337737,0.2023052946050344,3988.473526974828,249.99999999999977,50.000000000000114,2.982765414515649,True
8,flat,temperate,medium,0.2067302436640888,RandomWalkSeeded,2,250000,5,0.029636041028425097,0.9192245420417748,0.07100519009564854,0.34346783923412405,0.007169918682063521,0.00261218850336329,0.18018741621162027,4099.0629189419,249.99999999999972,50.000000000000156,2.934966576840304,True
8,flat,temperate,medium,0.2067302436640888,RandomWalkSeeded,3,250000,5,0.0338946669944562,0.9258597089792602,0.061400259598937836,0.29700666197010683,0.00741344613999151,0.003331422853570511,0.1803634171574643,4098.182914212679,250.00000000000063,50.00000000000029,2.6315651467082453,True
8,flat,temperate,medium,0.2067302436640888,RandomWalkSeeded,4,250000,5,0.029813290981110185,0.9533804169623181,0.06443285615797267,0.31167600354918623,0.003772257690828612,0.002965201344877304,0.19116616825299382,4044.169158735031,249.9999999999995,50.00000000000003,2.723207890365888,True
9,flat,temperate,medium,0.2335671898734615,Spiral,0,250000,5,0.021312874974682927,0.27019654196919873,0.23056870676789834,0.9871622246806684,0.004186880156464112,0.00694422637891293,0.6912700733527292,1543.649633236354,153.6182385661155,30.723647713223365,10.181000091427503,True
9,flat,temperate,medium,0.2335671898734615,Concentric,0,250000,5,0.027261707989964634,0.3335101249977015,0.23099706562528272,0.9889962102572233,0.004259341809395979,0.007873470353173071,0.688252570430702,1558.7371478464902,158.31540986329648,31.66308197265966,10.431351366554363,True
9,flat,temperate,medium,0.2335671898734615,Pizza,0,250000,5,0.0050739169819280505,0.2981690000160597,0.23102976075653145,0.9891361919527107,0.005606137342532669,0.007856395841389587,0.7188711061045563,1405.6444694772185,162.3076089770762,32.46152179541797,10.434630900816266,True
9,flat,temperate,medium,0.2335671898734615,GreedySeeded,0,250000,5,0.06424849998438731,0.4952634160290472,0.21094453142042174,0.903142823847408,0.006296620659497992,0.011174085408640672,0.6593438133782746,1703.2809331086264,250.00000000000034,50.00000000000022,8.638974485512911,True
9,flat,temperate,medium,0.2335671898734615,GreedySeeded,1,250000,5,0.06584404199384153,0.43620604200987145,0.21331231273166307,0.9132802978330483,0.006246693465868945,0.010966785501529422,0.6468622798266579,1765.6886008667109,250.00000000000034,50.00000000000044,8.613689150513096,True
9,flat,temperate,medium,0.2335671898734615,GreedySeeded,2,250000,5,0.06543966702884063,0.4373357090516947,0.21061233968715667,0.9017205704331119,0.006409071983745386,0.01064531151986254,0.6226332239366047,1886.833880316976,249.99999999999966,50.00000000000008,8.425191617231231,True
9,flat,temperate,medium,0.2335671898734615,GreedySeeded,3,250000,5,0.06448900001123548,0.49722454202128574,0.20746340315450956,0.8882386403111925,0.006318622631315066,0.011197182974840679,0.649565099281882,1752.1745035905901,249.99999999999983,50.00000000000023,8.46108528748665,True
9,flat,temperate,medium,0.2335671898734615,GreedySeeded,4,250000,5,0.06508233299246058,0.46814999997150153,0.20963171592213212,0.8975221050341156,0.006406648961303512,0.011180413601252569,0.6365561070946889,1817.2194645265558,249.99999999999997,50.000000000000206,8.562505887334625,True
9,flat,temperate,medium,0.2335671898734615,RandomWalkSeeded,0,250000,5,0.03269570803968236,0.945192874991335,0.08643242284588767,0.3700537857766483,0.005677074319387336,0.002164538243920701,0.18704916256247406,4064.7541871876297,250.00000000000017,50.00000000000029,3.1756791166039076,True
9,flat,temperate,medium,0.2335671898734615,RandomWalkSeeded,1,250000,5,0.03040641697589308,0.953735041024629,0.08296111222616293,0.35519163573919926,0.0038071127744495233,0.0028799115057276787,0.22103433906422634,3894.8283046788683,249.99999999999974,50.000000000000114,2.9827654108053117,True
9,flat,temperate,medium,0.2335671898734615,RandomWalkSeeded,2,250000,5,0.0334774159709923,0.9108666249667294,0.08679491573151382,0.3716057712495332,0.005084964264483117,0.002905567786792411,0.20942325803196876,3952.8837098401564,249.99999999999972,50.00000000000011,2.934966573323499,True
9,flat,temperate,medium,0.2335671898734615,RandomWalkSeeded,3,250000,5,0.029647457995451987,0.9431161670363508,0.07625196295604897,0.3264669279848749,0.004909541063366612,0.0027089903341387515,0.1966240561095412,4016.8797194522945,250.00000000000057,50.00000000000032,2.631565143557017,True
9,flat,temperate,medium,0.2335671898734615,RandomWalkSeeded,4,250000,5,0.03221954096807167,0.9568547079688869,0.07228082185183807,0.3094647920840135,0.004931568497580609,0.0032021187593968647,0.1893645907388851,4053.177046305574,249.99999999999955,50.00000000000003,2.723207887700034,True
10,flat,temperate,medium,0.18841751778816895,Spiral,0,250000,5,0.021539042005315423,0.26949787500780076,0.1859655912831379,0.9869867381026234,0.0016333089641639641,0.0025377358269783675,0.6670481442234625,1664.7592788826882,153.6182385661155,30.7236477132233,10.181000091427466,True
10,flat,temperate,medium,0.18841751778816895,Concentric,0,250000,5,0.031136083998717368,0.33764174999669194,0.1862880192341691,0.9886979800020825,0.0015002944896054928,0.009071981754322238,0.6918952107262046,1540.5239463689768,158.31540986329648,31.663081972659665,10.431351366554376,True
10,flat,temperate,medium,0.18841751778816895,Pizza,0,250000,5,0.004868374962825328,0.3005646670353599,0.18601268897050285,0.9872367025853204,0.005211673597192374,0.005764713060106684,0.7555617883878022,1222.1910580609892,162.3076089770762,32.46152179541797,10.434630900816247,True
10,flat,temperate,medium,0.18841751778816895,GreedySeeded,0,250000,5,0.06076120800571516,0.7785319169634022,0.15973241025811946,0.8477577463773877,0.005207364033090756,0.009545804355844952,0.6954136781761268,1522.9316091193664,249.99999999999983,50.00000000000025,4.425725378799586,True
10,flat,temperate,medium,0.18841751778816895,GreedySeeded,1,250000,5,0.07615141599671915,0.7207399160251953,0.1660595368480169,0.8813380984814355,0.0011922707298153415,0.01023881846015079,0.7004597553753831,1497.7012231230844,250.00000000000034,50.000000000000405,4.91737577806291,True
10,flat,temperate,medium,0.18841751778816895,GreedySeeded,2,250000,5,0.05920920899370685,0.7727425000048243,0.17349848636570564,0.9208192974963387,0.0031052847154648838,0.010822272038207268,0.7179197925969171,1410.4010370154149,250.00000000000028,50.000000000000306,5.287661824419947,True
10,flat,temperate,medium,0.18841751778816895,GreedySeeded,3,250000,5,0.059082499996293336,0.803384333034046,0.1669384989283702,0.8860030685472312,0.0023416719417102697,0.012931281512288135,0.7381625602522567,1309.1871987387171,249.99999999999915,49.99999999999998,4.392749279358515,True
10,flat,temperate,medium,0.18841751778816895,GreedySeeded,4,250000,5,0.06208641600096598,0.7599152919719927,0.1595445002519641,0.8467604399254121,0.009509982796980926,0.013361936146772127,0.7000142223477257,1499.9288882613714,249.99999999999974,50.000000000000114,4.787886945876134,True
10,flat,temperate,medium,0.18841751778816895,RandomWalkSeeded,0,250000,5,0.029464457998983562,0.9761840410064906,0.08488581146906898,0.45051974182412835,0.002166832054250136,0.0009617026883326475,0.228573743833134,3857.1312808343305,250.00000000000017,50.00000000000029,3.17567914392958,True
10,flat,temperate,medium,0.18841751778816895,RandomWalkSeeded,1,250000,5,0.03040679101832211,0.9635167080559768,0.09999433195258653,0.5307061313959489,0.0011256384783314725,0.0011712322322863424,0.3029385895128338,3485.3070524358313,249.99999999999974,50.000000000000114,2.9827654345636465,True
10,flat,temperate,medium,0.18841751778816895,RandomWalkSeeded,2,250000,5,0.0299487910233438,0.9358465829864144,0.08660402040206096,0.45963889885985415,0.0006926726805319859,0.00236195496447929,0.2697977025796393,3651.011487101804,249.99999999999972,50.00000000000011,2.9349665941019873,True
10,flat,temperate,medium,0.18841751778816895,RandomWalkSeeded,3,250000,5,0.03277849999722093,0.9350461669964716,0.061158681822720086,0.32459127230132917,0.0022060993923839227,0.000711240268880114,0.17877489974192254,4106.125501290388,250.00000000000057,50.00000000000032,2.631565161772987,True
10,flat,temperate,medium,0.18841751778816895,RandomWalkSeeded,4,250000,5,0.029682292020879686,0.9646035000332631,0.072394329202438,0.38422292179768736,0.0021813242645746115,0.0028419282385006156,0.2229034947572444,3885.4825262137783,249.99999999999955,50.00000000000003,2.7232079025599396,True
11,flat,temperate,medium,0.30948062636564366,Spiral,0,250000,5,0.02106829098192975,0.26712733297608793,0.3053462448148187,0.9866409035054095,0.007432441973688962,0.010164006674856977,0.6935684355332251,1532.1578223338747,153.6182385661155,30.7236477132233,10.181000091427466,True
11,flat,temperate,medium,0.30948062636564366,Concentric,0,250000,5,0.027258625021204352,0.33706166699994355,0.30593762234404437,0.98855177442541,0.00759461034526592,0.010323232528546182,0.6901365373063729,1549.3173134681356,158.31540986329648,31.663081972659665,10.431351366554376,True
11,flat,temperate,medium,0.30948062636564366,Pizza,0,250000,5,0.00490704202093184,0.3060119580477476,0.30615912070359963,0.9892674843622691,0.009871908081720025,0.012686859516713295,0.7246161919957291,1376.9190400213542,162.3076089770762,32.46152179541797,10.434630900816247,True
11,flat,temperate,medium,0.30948062636564366,GreedySeeded,0,250000,5,0.06719474995043129,0.49848554201889783,0.27545045461882145,0.8900410272964343,0.01266296756867032,0.01664677747943093,0.65584530131585,1720.77349342075,249.99999999999966,50.000000000000085,8.177868145257962,True
11,flat,temperate,medium,0.30948062636564366,GreedySeeded,1,250000,5,0.0669979170197621,0.5473648749757558,0.2700317344985393,0.8725319502859721,0.012663868110701706,0.01643682554274551,0.6205909212263523,1897.0453938682385,249.99999999999977,50.000000000000085,7.90322287560909,True
11,flat,temperate,medium,0.30948062636564366,GreedySeeded,2,250000,5,0.06550695904297754,0.528131042025052,0.2761399777105535,0.8922690281242386,0.01254259291893884,0.016870160111142837,0.6429633236053514,1785.183381973243,250.00000000000023,50.00000000000027,8.035354624460567,True
11,flat,temperate,medium,0.30948062636564366,GreedySeeded,3,250000,5,0.06531754200113937,0.5414188329596072,0.26932175961229404,0.8702378652100086,0.012661309373855668,0.016657766793025823,0.6189731425318251,1905.134287340875,249.99999999999955,50.00000000000023,7.745549484279267,True
11,flat,temperate,medium,0.30948062636564366,GreedySeeded,4,250000,5,0.06478058401262388,0.5425639160093851,0.26021639650617123,0.8408164335260587,0.012663575782606531,0.01664796054314085,0.5857488223776192,2071.255888111905,250.0,50.000000000000284,7.504408511843791,True
11,flat,temperate,medium,0.30948062636564366,RandomWalkSeeded,0,250000,5,0.030448458972387016,0.9574656250188127,0.12246082274378997,0.39569786381104693,0.007802614478226699,0.003430661510435077,0.2102534729095817,3948.732635452092,250.00000000000017,50.00000000000029,3.1756791383187077,True
11,flat,temperate,medium,0.30948062636564366,RandomWalkSeeded,1,250000,5,0.032872957992367446,0.9804404159658588,0.11225909975512693,0.3627338521103276,0.007395015726711467,0.004702407141507938,0.22946708149394945,3852.6645925302523,249.99999999999974,50.000000000000114,2.982765428624209,True
11,flat,temperate,medium,0.30948062636564366,RandomWalkSeeded,2,250000,5,0.029892916965764016,0.9169477919931524,0.11983989099923642,0.3872290566507015,0.007682337286302836,0.00457767389784379,0.22547939247686333,3872.6030376156837,249.99999999999972,50.00000000000011,2.9349665898116304,True
11,flat,temperate,medium,0.30948062636564366,RandomWalkSeeded,3,250000,5,0.03234054200584069,0.932334166020155,0.10242900465479823,0.33097065188753017,0.006901494737086843,0.004519309060998417,0.20350072782009043,3982.496360899548,250.00000000000057,50.00000000000032,2.631565158560522,True
11,flat,temperate,medium,0.30948062636564366,RandomWalkSeeded,4,250000,5,0.029450249974615872,0.9679655419895425,0.10423049284862718,0.33679165663016797,0.00861268131754461,0.005651681427602654,0.21339785570193542,3933.0107214903232,249.99999999999955,50.00000000000003,2.723207900269354,True
12,flat,temperate,medium,0.3153203037748365,Spiral,0,250000,5,0.023593375051859766,0.2754778750240803,0.31016879133584024,0.9836626047313628,0.006670979628708421,0.009831616559070864,0.6910734411686396,1544.6327941568018,153.6182385661155,30.7236477132233,10.181000091427466,True
12,flat,temperate,medium,0.3153203037748365,Concentric,0,250000,5,0.027497124974615872,0.3324666250264272,0.310832630213796,0.9857678890089961,0.006619678557512595,0.010171616406942804,0.6877273787203371,1561.3631063983144,158.31540986329648,31.663081972659665,10.431351366554376,True
12,flat,temperate,medium,0.3153203037748365,Pizza,0,250000,5,0.0049816250102594495,0.3024555419688113,0.3111533371603975,0.9867849720916971,0.008224755917309801,0.011898707498288748,0.7220574560217742,1389.712719891129,162.3076089770762,32.46152179541797,10.434630900816247,True
12,flat,temperate,medium,0.3153203037748365,GreedySeeded,0,250000,5,0.06834674999117851,0.48157925001578405,0.2814774516916979,0.8926715099599009,0.009936461596802018,0.01517917946859225,0.6143599793179971,1928.2001034100144,249.99999999999991,50.00000000000005,8.176622638041769,True
12,flat,temperate,medium,0.3153203037748365,GreedySeeded,1,250000,5,0.06761254195589572,0.46637233399087563,0.2911360417997646,0.9233025539885901,0.009740949515492639,0.01535655703091778,0.6220474841008831,1889.7625794955845,249.99999999999986,50.000000000000135,8.483900391773146,True
12,flat,temperate,medium,0.3153203037748365,GreedySeeded,2,250000,5,0.06586841604439542,0.5076299579814076,0.28391830140977614,0.9004123680297992,0.010172781529838984,0.015034654682738922,0.6583764499341332,1708.1177503293336,250.00000000000034,50.0000000000003,8.282242148756259,True
12,flat,temperate,medium,0.3153203037748365,GreedySeeded,3,250000,5,0.06810874998336658,0.45589791698148474,0.2988960979246394,0.9479126283541662,0.010272750495112296,0.014998091698211976,0.6724274616720326,1637.8626916398375,250.0000000000005,50.00000000000026,9.090537842357133,True
12,flat,temperate,medium,0.3153203037748365,GreedySeeded,4,250000,5,0.06683308398351073,0.46865720802452415,0.2868467879825169,0.9096997070868867,0.009861239311911931,0.01546550171163771,0.6541018759222144,1729.4906203889277,249.99999999999986,50.000000000000135,8.513356768540277,True
12,flat,temperate,medium,0.3153203037748365,RandomWalkSeeded,0,250000,5,0.030072333000134677,0.9670800830353983,0.12114407729175491,0.38419370982929574,0.008148883644957628,0.0033140736383048767,0.20040074385074327,3997.9962807462834,250.00000000000017,50.00000000000029,3.1756791644851687,True
12,flat,temperate,medium,0.3153203037748365,RandomWalkSeeded,1,250000,5,0.030330249981489033,0.967485332977958,0.11226154716383478,0.35602384565758366,0.006175917867770338,0.004488034640959619,0.22312242173807642,3884.387891309618,249.99999999999974,50.000000000000114,2.982765450982436,True
12,flat,temperate,medium,0.3153203037748365,RandomWalkSeeded,2,250000,5,0.030583916988689452,0.92092862498248,0.121187351543368,0.3843309488560727,0.007266938560449401,0.0043315756076810746,0.21987276528148517,3900.636173592574,249.99999999999972,50.00000000000011,2.9349666111122548,True
12,flat,temperate,medium,0.3153203037748365,RandomWalkSeeded,3,250000,5,0.03314224997302517,0.9377969159977511,0.10292072459832682,0.3264005627491096,0.007118288831296463,0.004224716076851676,0.20167088994007137,3991.645550299643,250.00000000000057,50.00000000000032,2.6315651769801964,True
12,flat,temperate,medium,0.3153203037748365,RandomWalkSeeded,4,250000,5,0.030028500012122095,0.9824979159748182,0.10368390519577057,0.3288208972099971,0.0073146849387563835,0.004822751945284286,0.20592219125251707,3970.3890437374152,249.99999999999955,50.00000000000003,2.7232079146603483,True
13,flat,temperate,medium,0.32939671206231746,Spiral,0,250000,5,0.02427283301949501,0.25542212498839945,0.3247863125978073,0.9860035049055441,0.0070974499463329335,0.010437753796994666,0.6917800605922939,1541.0996970385308,153.61823856611548,30.723647713223286,10.181000091427252,True
13,flat,temperate,medium,0.32939671206231746,Concentric,0,250000,5,0.026968457968905568,0.3280396670452319,0.32565167424737884,0.9886306156746637,0.00721502014480877,0.010747636443137396,0.6883785285100027,1558.1073574499874,158.315409863298,31.663081972660372,10.431351366502849,True
13,flat,temperate,medium,0.32939671206231746,Pizza,0,250000,5,0.005090332997497171,0.29846349998842925,0.3258623334578934,0.9892701460731174,0.009264372533247543,0.012528095801454413,0.7192623547169184,1403.6882264154087,162.30760897707637,32.461521795417696,10.43463090081666,True
13,flat,temperate,medium,0.32939671206231746,GreedySeeded,0,250000,5,0.0650523750227876,0.4295040830038488,0.30458589365152944,0.9246780022318676,0.010766015588869363,0.015836918989447415,0.6042325553417007,1978.8372232914967,249.9999999999999,50.00000000000006,8.520320049411936,True
13,flat,temperate,medium,0.32939671206231746,GreedySeeded,1,250000,5,0.06778195896185935,0.5182469590217806,0.2956017229414868,0.8974033805339346,0.010504861665528796,0.01466069346780765,0.578054987478406,2109.725062607971,249.99999999999986,50.00000000000006,8.080279098976714,True
13,flat,temperate,medium,0.32939671206231746,GreedySeeded,2,250000,5,0.06580495898379013,0.490241999970749,0.30093213082894715,0.9135857153668698,0.010528127717233996,0.015350641998229166,0.5300173106310986,2349.9134468445072,250.0000000000001,50.000000000000234,8.54118451574802,True
13,flat,temperate,medium,0.32939671206231746,GreedySeeded,3,250000,5,0.06759304198203608,0.5049211659934372,0.27476956941207975,0.834160024524158,0.010639271950249992,0.014937956832594464,0.5767954688122455,2116.0226559387725,250.00000000000003,50.00000000000026,7.575580954941226,True
13,flat,temperate,medium,0.32939671206231746,GreedySeeded,4,250000,5,0.06674391700653359,0.5251981249894015,0.2741170302045372,0.8321790114063977,0.010631521527852808,0.015563927756508313,0.5794302773718633,2102.848613140684,250.0000000000005,50.00000000000032,7.420983242706235,True
13,flat,temperate,medium,0.32939671206231746,RandomWalkSeeded,0,250000,5,0.029708457994274795,0.9650758340139873,0.12466497017271212,0.3784645250166528,0.009815467324931227,0.0036375511838227094,0.19827094439489423,4008.645278025529,250.00000000000023,50.00000000000029,3.1756791405877967,True
13,flat,temperate,medium,0.32939671206231746,RandomWalkSeeded,1,250000,5,0.032650374982040375,0.9554435000172816,0.1157384919809914,0.35136504932415724,0.006601975346725412,0.004749943094702095,0.21873100675352308,3906.344966232385,249.99999999999977,50.000000000000114,2.9827654334970655,True
13,flat,temperate,medium,0.32939671206231746,RandomWalkSeeded,2,250000,5,0.029719625017605722,0.9091989999869838,0.12400624351479696,0.3764647277090508,0.008799164095256894,0.0047002988352629685,0.21711435010563898,3914.4282494718054,249.99999999999972,50.000000000000156,2.934966593307359,True
13,flat,temperate,medium,0.32939671206231746,RandomWalkSeeded,3,250000,5,0.032847082999069244,0.9394925410160795,0.10607762473938123,0.32203607642359455,0.00856349845713825,0.004582438437450203,0.1986577075600062,4006.7114621999694,250.00000000000063,50.00000000000029,2.631565166820552,True
13,flat,temperate,medium,0.32939671206231746,RandomWalkSeeded,4,250000,5,0.02960958401672542,0.9649280409794301,0.10613596937942654,0.32221320217472915,0.008588114227886173,0.005250807997707168,0.20027660179766388,3998.6169910116814,249.9999999999995,50.00000000000003,2.7232079064499723,True
14,flat,temperate,medium,0.297552581954578,Spiral,0,250000,5,0.024122415983583778,0.25502804201096296,0.2924829292886198,0.9829621620734849,0.008869045731802593,0.012069336273427099,0.7033950682179043,1483.0246589104786,153.6182385661155,30.723647713223297,10.181000091427295,True
14,flat,temperate,medium,0.297552581954578,Concentric,0,250000,5,0.03340474999276921,0.3227211249759421,0.29392604125810756,0.9878121014018825,0.009070232704743175,0.009275187130855126,0.7023165777852315,1488.4171110738428,158.31540986329802,31.663081972660375,10.43135136650285,True
14,flat,temperate,medium,0.297552581954578,Pizza,0,250000,5,0.005068250000476837,0.30296533298678696,0.29415156429336325,0.9885700280640349,0.011234223385052856,0.015026524831087807,0.7348900333059231,1325.549833470385,162.30760897707634,32.461521795417696,10.434630900816675,True
14,flat,temperate,medium,0.297552581954578,GreedySeeded,0,250000,5,0.05859233299270272,0.7831634159665555,0.2639896796293637,0.887203457940964,0.012793070473552224,0.019985086986916763,0.663329324466249,1683.3533776687552,250.00000000000043,50.00000000000032,6.0881071847168124,True
14,flat,temperate,medium,0.297552581954578,GreedySeeded,1,250000,5,0.05872516700765118,0.6161060830345377,0.287339099539675,0.9656750334753872,0.012848510295866233,0.018921109307591034,0.6680985790471177,1659.5071047644117,250.00000000000045,50.000000000000306,7.14081470308893,True
14,flat,temperate,medium,0.297552581954578,GreedySeeded,2,250000,5,0.060458125022705644,0.5868987499852665,0.2800842982745643,0.9412934562178316,0.012727424871348637,0.019243482821322887,0.6925267894220335,1537.3660528898326,250.0000000000002,50.000000000000234,7.054082509686951,True
14,flat,temperate,medium,0.297552581954578,GreedySeeded,3,250000,5,0.062141292029991746,0.6748632499948144,0.24617509829848608,0.8273330941422151,0.012812730910843624,0.019772626562563133,0.6555268932912611,1722.3655335436943,249.9999999999988,50.000000000000036,6.2351493910163285,True
14,flat,temperate,medium,0.297552581954578,GreedySeeded,4,250000,5,0.058228291978593916,0.7038620420498773,0.201949354566486,0.6787014020846708,0.01284999417243077,0.01931898423419478,0.5658303326669549,2170.848336665226,250.00000000000014,50.000000000000234,4.772955679815194,True
14,flat,temperate,medium,0.297552581954578,RandomWalkSeeded,0,250000,5,0.03274866699939594,0.9463637089938857,0.13048999987206011,0.43854433732314135,0.011891872703449555,0.004464965577852446,0.23487687162677973,3825.615641866102,250.00000000000023,50.00000000000029,3.175679119432028,True
14,flat,temperate,medium,0.297552581954578,RandomWalkSeeded,1,250000,5,0.029178249998949468,0.9529705000459217,0.10879424043486449,0.3656303021140383,0.008683553655532888,0.0057116613071864645,0.2497079249924413,3751.4603750377937,249.99999999999977,50.000000000000114,2.9827654133006334,True
14,flat,temperate,medium,0.297552581954578,RandomWalkSeeded,2,250000,5,0.032991333049722016,0.9160841659759171,0.11974045144452057,0.4024177866579534,0.01079584322149934,0.005508866881976698,0.25441112307714764,3727.9443846142626,249.99999999999972,50.000000000000156,2.9349665751225555,True
14,flat,temperate,medium,0.297552581954578,RandomWalkSeeded,3,250000,5,0.02945450000697747,0.9289285420090891,0.08652450955094292,0.29078729205633663,0.009730141721595245,0.005518001731584474,0.20590597939920102,3970.4701030039955,250.00000000000063,50.00000000000029,2.6315651489589817,True
14,flat,temperate,medium,0.297552581954578,RandomWalkSeeded,4,250000,5,0.030346082989126444,0.9482265410479158,0.09507617376319105,0.31952730216168856,0.009445834173541098,0.006412637313344384,0.20551907661813318,3972.4046169093353,249.9999999999995,50.00000000000003,2.7232078904468113,True
15,flat,temperate,medium,0.3320806324201912,Spiral,0,250000,5,0.02126999996835366,0.2648506250116043,0.328040696058245,0.9878344716085871,0.009112481438926578,0.009267641462038526,0.6943573908892456,1528.2130455537724,153.61823856611548,30.723647713223286,10.181000091427252,True
15,flat,temperate,medium,0.3320806324201912,Concentric,0,250000,5,0.02772054198430851,0.32136966596590355,0.32750031808288843,0.9862072223124799,0.008806046069922604,0.012903360093005405,0.6985350158362789,1507.324920818606,158.315409863298,31.663081972660372,10.431351366502849,True
15,flat,temperate,medium,0.3320806324201912,Pizza,0,250000,5,0.00513020803919062,0.30404391599586233,0.3278530110286553,0.987269292518732,0.008532101801774055,0.01795069785837137,0.7573387290626452,1213.3063546867747,162.30760897707637,32.461521795417696,10.43463090081666,True
15,flat,temperate,medium,0.3320806324201912,GreedySeeded,0,250000,5,0.06638429098529741,0.6082631669705734,0.3031277862726458,0.9128138068861826,0.018964189967643746,0.027995584475116256,0.7084537054546872,1457.7314727265646,249.99999999999994,50.000000000000334,6.730610444126417,True
15,flat,temperate,medium,0.3320806324201912,GreedySeeded,1,250000,5,0.06362470897147432,0.6366226249956526,0.2585522081288122,0.778582617855469,0.01821961880549042,0.027994716940138557,0.5745309557453674,2127.3452212731636,249.9999999999993,49.99999999999998,6.035260205790104,True
15,flat,temperate,medium,0.3320806324201912,GreedySeeded,2,250000,5,0.060620708973146975,0.6327658339869231,0.2646043559379239,0.7968075524594653,0.02042341774976461,0.027695772655644657,0.6073804784576458,1963.0976077117714,250.0000000000001,50.0000000000004,5.710340398894796,True
15,flat,temperate,medium,0.3320806324201912,GreedySeeded,3,250000,5,0.06137499999022111,0.5775390839553438,0.2984292342742822,0.8986649781390174,0.01836306849194,0.02737634954381313,0.6707714365929053,1646.1428170354743,250.0000000000007,50.00000000000038,6.590925940462899,True
15,flat,temperate,medium,0.3320806324201912,GreedySeeded,4,250000,5,0.06458129204111174,0.545242290943861,0.31222227182407364,0.940200184360676,0.018451486931532868,0.028769427251850197,0.6746581806119417,1626.7090969402918,249.99999999999994,50.000000000000156,7.329329027883917,True
15,flat,temperate,medium,0.3320806324201912,RandomWalkSeeded,0,250000,5,0.03269537497544661,0.9573390829609707,0.14627762509105513,0.44048827546788644,0.008745872139487259,0.004365030072063287,0.23430898561099495,3828.455071945026,250.00000000000023,50.00000000000029,3.1756791467484025,True
15,flat,temperate,medium,0.3320806324201912,RandomWalkSeeded,1,250000,5,0.03010454203467816,0.9593600000371225,0.13738425678571575,0.4137075257429632,0.008141716453037063,0.00528740533162779,0.2740698494175297,3629.650752912352,249.99999999999977,50.000000000000114,2.9827654353861695,True
15,flat,temperate,medium,0.3320806324201912,RandomWalkSeeded,2,250000,5,0.033965917013119906,0.9201205830322579,0.1587972497580511,0.47818883203378254,0.008887687909477946,0.005706390724038139,0.2941814290929028,3529.0928545354864,249.99999999999972,50.000000000000156,2.9349665965202725,True
15,flat,temperate,medium,0.3320806324201912,RandomWalkSeeded,3,250000,5,0.02980041695991531,0.9347657079924829,0.1293992894439818,0.38966225913545344,0.009092423425437545,0.006706051987958712,0.25673909936439737,3716.304503178013,250.00000000000063,50.00000000000029,2.6315651646490665,True
15,flat,temperate,medium,0.3320806324201912,RandomWalkSeeded,4,250000,5,0.03338262502802536,0.9494360000244342,0.12808065068733104,0.3856914200442346,0.007930829037395497,0.006538985042901426,0.24638673847018008,3768.066307649099,249.9999999999995,50.00000000000003,2.723207905106213,True
16,mountainous,temperate,medium,0.26452267249096983,Spiral,0,250000,5,0.08869270799914375,0.6541630839928985,0.1479807529853972,0.55942559324645,8.625672279264896e-05,0.003136266167423266,0.2761641611365886,3619.1791943170583,250.00000000000006,50.00000000000034,16.582925278054883,True
16,mountainous,temperate,medium,0.26452267249096983,Concentric,0,250000,5,0.09217433299636468,0.6688004580209963,0.14535245128616095,0.5494895765168217,7.26529940789813e-05,0.0019308538891191665,0.2705190503116957,3647.4047484415228,249.99999999999983,50.000000000000206,16.530235343003078,True
16,mountainous,temperate,medium,0.26452267249096983,Pizza,0,250000,5,0.03328658302780241,0.5945660829893313,0.17331366126745917,0.6551939750018051,0.0009451713138213201,0.0009911594791329316,0.32177332714335694,3391.1333642832155,249.99999999999963,49.99999999999998,16.170786079159324,True
16,mountainous,temperate,medium,0.26452267249096983,GreedySeeded,0,250000,5,0.0723157090251334,0.5696359999710694,0.11484435092224118,0.4341569281784785,0.0018830396593655773,0.0008692188479681136,0.2485216898829654,3757.3915505851737,250.00000000000057,50.000000000000284,7.7773026114072445,True
16,mountainous,temperate,medium,0.26452267249096983,GreedySeeded,1,250000,5,0.08071370900142938,0.3909795000217855,0.15062730615393038,0.5694306077263469,0.0008760902476796193,0.001465983241334264,0.2880610239682739,3559.694880158632,249.99999999999983,50.00000000000034,9.841858905631794,True
16,mountainous,temperate,medium,0.26452267249096983,GreedySeeded,2,250000,5,0.07371758401859552,0.455788167018909,0.13614062546991756,0.5146652428236187,0.0024044667745035677,0.001455510477366594,0.268070680620273,3659.6465968986363,250.00000000000003,50.00000000000031,8.807034646767875,True
16,mountainous,temperate,medium,0.26452267249096983,GreedySeeded,3,250000,5,0.07396891695680097,0.4436824999866076,0.1454542018693013,0.5498742338400757,0.001655982602814327,0.0010714308115757254,0.28799969038846385,3560.0015480576812,250.0000000000005,50.00000000000027,9.694944683467982,True
16,mountainous,temperate,medium,0.26452267249096983,GreedySeeded,4,250000,5,0.07904962502652779,0.4684737909701653,0.13740180669164537,0.5194330051097451,0.0014543494262718019,0.0015215121145716346,0.27977607470913285,3601.119626454337,250.00000000000028,50.00000000000023,8.726023397812101,True
16,mountainous,temperate,medium,0.26452267249096983,RandomWalkSeeded,0,250000,5,0.030110791034530848,0.9507588329724967,0.037376005501062286,0.1412960376859122,0.0008219744034959121,0.00010055825197817178,0.06210387675873314,4689.480616206335,250.00000000000023,50.0000000000002,3.3288569352017285,True
16,mountainous,temperate,medium,0.26452267249096983,RandomWalkSeeded,1,250000,5,0.033848749997559935,0.9153038749936968,0.025269177510859532,0.09552745431196323,8.327321289570717e-07,0.0003053789636104703,0.05582676662845937,4720.866166857703,249.99999999999943,50.00000000000018,3.207330380158214,True
16,mountainous,temperate,medium,0.26452267249096983,RandomWalkSeeded,2,250000,5,0.030387625040020794,0.893111165962182,0.02977759563021772,0.11257105241606181,0.00017856769983836215,0.00021117012453280572,0.05378062090190287,4731.096895490487,249.9999999999999,50.00000000000046,2.9274464057301244,True
16,mountainous,temperate,medium,0.26452267249096983,RandomWalkSeeded,3,250000,5,0.035422999993897974,0.9032314170035534,0.023287018373554184,0.08803411123237138,0.00020944421039878112,0.00011135421881766771,0.04677653648344314,4766.117317582784,249.9999999999996,50.00000000000037,2.6290872146233526,True
16,mountainous,temperate,medium,0.26452267249096983,RandomWalkSeeded,4,250000,5,0.029585500014945865,0.8990353749832138,0.02837694359601378,0.1072760354671772,0.0010199453840137509,0.0004583443243193029,0.0545705578183153,4727.147210908425,250.00000000000054,50.00000000000035,2.8915430472470263,True
17,mountainous,temperate,medium,0.24639285814939357,Spiral,0,250000,5,0.08964233298320323,0.6575400420115329,0.14142074090653148,0.573964448355824,0.0011515201072513927,0.0025137827130591543,0.28649898604402274,3567.505069779886,250.00000000000063,50.00000000000034,16.582925278054912,True
17,mountainous,temperate,medium,0.24639285814939357,Concentric,0,250000,5,0.09236141596920788,0.6579457920161076,0.14146942609845636,0.5741620400891663,0.0011891425160322682,0.0025045453986978225,0.28458408756513404,3577.0795621743296,250.0000000000007,50.000000000000306,16.530235343003397,True
17,mountainous,temperate,medium,0.24639285814939357,Pizza,0,250000,5,0.03401479095919058,0.5983731250162236,0.15570383970941243,0.6319332503339268,0.0015904842355225577,0.0027125077437713616,0.34747943084302063,3262.6028457848965,250.0000000000005,50.00000000000035,16.170786079158912,True
17,mountainous,temperate,medium,0.24639285814939357,GreedySeeded,0,250000,5,0.0723545829532668,0.3886640830314718,0.11085317836048277,0.4499041863188663,0.00360471320930207,0.00521195311480054,0.29781888796458883,3510.905560177057,250.00000000000054,50.00000000000028,10.052574733589243,True
17,mountainous,temperate,medium,0.24639285814939357,GreedySeeded,1,250000,5,0.0793919590068981,0.36988195904996246,0.11621911911981495,0.47168217452694455,0.0036053468641167293,0.005141429616859594,0.3024584689261619,3487.70765536919,249.99999999999991,50.00000000000021,10.572949904569132,True
17,mountainous,temperate,medium,0.24639285814939357,GreedySeeded,2,250000,5,0.08700691699050367,0.2602498750202358,0.13574691512372036,0.5509368905547333,0.003608964642544679,0.005166324176647086,0.3247477152506384,3376.261423746808,249.9999999999995,50.00000000000011,12.926816413363342,True
17,mountainous,temperate,medium,0.24639285814939357,GreedySeeded,3,250000,5,0.07763033296214417,0.3552537920186296,0.11894676160986478,0.4827524730353372,0.003610594100311196,0.005178501167508884,0.27619248716470207,3619.037564176489,249.99999999999943,50.00000000000029,10.570620440522864,True
17,mountainous,temperate,medium,0.24639285814939357,GreedySeeded,4,250000,5,0.08322625001892447,0.30881437502102926,0.1308383084068053,0.531015019629648,0.003605536895164697,0.005178912762643741,0.32534144367439943,3373.2927816280035,249.99999999999977,50.00000000000016,11.985908109946088,True
17,mountainous,temperate,medium,0.24639285814939357,RandomWalkSeeded,0,250000,5,0.029713999945670366,0.9548924170085229,0.0390035033588988,0.15829802719058558,0.0023694777885182984,0.0007462593130529246,0.07425347887474748,4628.732605626263,250.00000000000045,50.0000000000003,3.3288569264311314,True
17,mountainous,temperate,medium,0.24639285814939357,RandomWalkSeeded,1,250000,5,0.03302945801988244,0.903598457982298,0.03740385237923945,0.15180574899845775,0.0012328677780971131,0.000997345805912216,0.08969379265630838,4551.531036718458,249.99999999999972,50.00000000000019,3.2073303809476927,True
17,mountainous,temperate,medium,0.24639285814939357,RandomWalkSeeded,2,250000,5,0.02971291699213907,0.9247611669707112,0.03679224146068115,0.14932348988124153,0.0018919447049551823,0.0009585631846805755,0.08100739459249853,4594.963027037507,250.0000000000001,50.00000000000028,2.92744641210297,True
17,mountainous,temperate,medium,0.24639285814939357,RandomWalkSeeded,3,250000,5,0.033180790953338146,0.9046461249818094,0.03376383303551932,0.13703251502138727,0.0015514320244494019,0.0008485209884125872,0.08085725085524438,4595.713745723779,249.9999999999995,50.00000000000004,2.62908721060025,True
17,mountainous,temperate,medium,0.24639285814939357,RandomWalkSeeded,4,250000,5,0.029443875013384968,0.9137484999955632,0.03296153350462706,0.13377633488322024,0.0012658727708479522,0.000871517401323043,0.07750962528443019,4612.451873577849,249.9999999999996,50.00000000000032,2.891543046070014,True
18,mountainous,temperate,medium,0.19287848801363697,Spiral,0,250000,5,0.08790975000010803,0.628213667019736,0.10618154749354065,0.550510057327043,0.00045324993924298967,0.0020025804182359206,0.27666870519033354,3616.6564740483323,250.00000000000063,50.00000000000033,16.58292527805495,True
18,mountainous,temperate,medium,0.19287848801363697,Concentric,0,250000,5,0.09712874999968335,0.6565087499911897,0.10756097755735097,0.5576618661058053,0.00040061773477158475,0.0019894776472195023,0.27759417311601126,3612.029134419943,250.00000000000068,50.000000000000306,16.53023534300338,True
18,mountainous,temperate,medium,0.19287848801363697,Pizza,0,250000,5,0.03059487498831004,0.6014615410240367,0.12507794160299224,0.648480516884542,0.0005250149876204841,0.0011835045391945312,0.31485760057040574,3425.7119971479706,250.0000000000005,50.00000000000035,16.170786079158894,True
18,mountainous,temperate,medium,0.19287848801363697,GreedySeeded,0,250000,5,0.07554895803332329,0.5202799169928767,0.10477543022719299,0.5432198857748466,0.0024653101022244807,0.003281310186027837,0.3335674254426104,3332.162872786948,249.9999999999999,50.00000000000031,9.084530998591301,True
18,mountainous,temperate,medium,0.19287848801363697,GreedySeeded,1,250000,5,0.07318200002191588,0.49979287502355874,0.10108887512171591,0.5241065302967778,0.00023865168266651193,0.002666876517680966,0.35970473893079224,3201.4763053460388,250.0,50.000000000000284,8.722724958304116,True
18,mountainous,temperate,medium,0.19287848801363697,GreedySeeded,2,250000,5,0.07119887496810406,0.43311312497826293,0.10823402429667389,0.5611513518761174,0.0008975920767599345,0.0034097176143210346,0.36550391293008233,3172.4804353495883,249.99999999999974,50.00000000000024,9.060228943843207,True
18,mountainous,temperate,medium,0.19287848801363697,GreedySeeded,3,250000,5,0.07034316705539823,0.42320441600168124,0.10694197985904925,0.5544526036075532,0.0019816469604148406,0.003426742021381869,0.36680788698107447,3165.960565094628,250.00000000000028,50.0000000000002,8.996257496249203,True
18,mountainous,temperate,medium,0.19287848801363697,GreedySeeded,4,250000,5,0.0725209999945946,0.47687770798802376,0.09961187930002957,0.5164488809814124,0.002496977594720096,0.0033588267152005313,0.36140906905300085,3192.9546547349955,249.99999999999972,50.000000000000156,8.83044606188603,True
18,mountainous,temperate,medium,0.19287848801363697,RandomWalkSeeded,0,250000,5,0.03077279101125896,0.9398193749948405,0.019502022786923888,0.10111040887849063,0.0005568910986911819,0.00022432687751537743,0.04314518956138049,4784.274052193096,250.00000000000045,50.0000000000003,3.328856929940838,True
18,mountainous,temperate,medium,0.19287848801363697,RandomWalkSeeded,1,250000,5,0.029556082969065756,0.8996931250439957,0.026701124042839367,0.13843495102964273,0.0007118992000767598,0.0004623085594467161,0.07416105001405658,4629.194749929718,249.99999999999972,50.00000000000019,3.2073303805360185,True
18,mountainous,temperate,medium,0.19287848801363697,RandomWalkSeeded,2,250000,5,0.03006733296206221,0.8886260419967584,0.01943407199207388,0.10075811041560967,0.0012049128377449548,0.0005558668719476058,0.05306792380703365,4734.660380964831,250.0000000000001,50.00000000000028,2.9274464126442687,True
18,mountainous,temperate,medium,0.19287848801363697,RandomWalkSeeded,3,250000,5,0.03235229098936543,0.9035861670272425,0.020735864709095247,0.10750739972427185,0.0006187176435680476,0.0002252509747011864,0.05099481353213794,4745.025932339309,249.9999999999995,50.00000000000004,2.629087211877322,True
18,mountainous,temperate,medium,0.19287848801363697,RandomWalkSeeded,4,250000,5,0.02992758300388232,0.909003125037998,0.019966070836159526,0.10351631766601094,0.00014511275520033603,0.00042855464695365394,0.05715479430965238,4714.226028451738,249.9999999999996,50.00000000000032,2.891543046952319,True
19,mountainous,temperate,medium,0.2957985611707561,Spiral,0,250000,5,0.08835054200608283,0.624318125017453,0.1660689896074729,0.5614259547111388,0.001505358335961713,0.00267733879247166,0.28373578834519364,3581.321058274031,250.00000000000063,50.00000000000034,16.582925278054912,True
19,mountainous,temperate,medium,0.2957985611707561,Concentric,0,250000,5,0.09742841601837426,0.6668133339844644,0.16803603685971058,0.5680759101553173,0.0016130742856752893,0.0034638348693895463,0.2874737829516002,3562.6310852419983,250.0000000000007,50.000000000000306,16.530235343003397,True
19,mountainous,temperate,medium,0.2957985611707561,Pizza,0,250000,5,0.033132500015199184,0.5927292089909315,0.1939919534712956,0.6558245337755703,0.0027624906209794695,0.0032810039698998057,0.36084323870259466,3195.7838064870257,250.0000000000005,50.00000000000035,16.170786079158912,True
19,mountainous,temperate,medium,0.2957985611707561,GreedySeeded,0,250000,5,0.0701520000002347,0.3410861670272425,0.14716889857398058,0.4975308128325349,0.003975626884847252,0.005839597378577005,0.31852801253326973,3407.359937333651,250.0000000000001,50.000000000000234,10.58928079665444,True
19,mountainous,temperate,medium,0.2957985611707561,GreedySeeded,1,250000,5,0.0742582090315409,0.3986517090233974,0.14793663582774735,0.500126286085441,0.003985702209615203,0.005836380233691117,0.3265320189921254,3367.3399050393723,250.0000000000003,50.00000000000032,10.026835132642931,True
19,mountainous,temperate,medium,0.2957985611707561,GreedySeeded,2,250000,5,0.07198520802194253,0.42715112504083663,0.1465146639660156,0.4953190555968825,0.003972200236024119,0.005815124072888202,0.309840977275131,3450.795113624345,249.99999999999997,50.000000000000306,9.915924212942732,True
19,mountainous,temperate,medium,0.2957985611707561,GreedySeeded,3,250000,5,0.0957696660188958,0.32742245902772993,0.16830572321232085,0.5689876331587791,0.003965727435631937,0.005862007873620119,0.34558920714165015,3272.053964291749,250.00000000000017,50.00000000000022,11.607207864376361,True
19,mountainous,temperate,medium,0.2957985611707561,GreedySeeded,4,250000,5,0.07902512501459569,0.32594091701321304,0.1633046690744498,0.552080674186169,0.003955680913548653,0.005736803506238838,0.32669222169932965,3366.538891503352,250.00000000000094,50.00000000000033,11.357683030227214,True
19,mountainous,temperate,medium,0.2957985611707561,RandomWalkSeeded,0,250000,5,0.033088916970882565,0.9433020410360768,0.04916822007003761,0.166221971720999,0.002473587104844785,0.0008735265067079763,0.08455543270191727,4577.222836490413,250.00000000000045,50.0000000000003,3.3288569314963135,True
19,mountainous,temperate,medium,0.2957985611707561,RandomWalkSeeded,1,250000,5,0.02941533300327137,0.8990405829972588,0.04290887563704757,0.1450611371036301,0.001453630808865302,0.0011194122231971352,0.08709412963599639,4564.529351820018,249.99999999999972,50.00000000000019,3.207330378413203,True
19,mountainous,temperate,medium,0.2957985611707561,RandomWalkSeeded,2,250000,5,0.033399167004972696,0.9012102499837056,0.044187271932823666,0.14938298468367334,0.001816215901449604,0.0011508583853984027,0.08187248966105476,4590.6375516947255,250.0000000000001,50.00000000000028,2.9274464031160425,True
19,mountainous,temperate,medium,0.2957985611707561,RandomWalkSeeded,3,250000,5,0.02982137497747317,0.9266344580100849,0.039444130989327496,0.1333479474450774,0.001258564238157791,0.0010221648500613335,0.07562854993818217,4621.857250309089,249.9999999999995,50.00000000000004,2.6290872113524104,True
19,mountainous,temperate,medium,0.2957985611707561,RandomWalkSeeded,4,250000,5,0.0332903329981491,0.9179460830055177,0.041579322993731474,0.1405663463309712,0.0025530067447487007,0.0012308784436545189,0.08282667151284925,4585.866642435753,249.9999999999996,50.00000000000032,2.8915430499262795,True
20,mountainous,temperate,medium,0.25623859877650834,Spiral,0,250000,5,0.08812725002644584,0.6398348329821602,0.1501120313115207,0.5858291140689879,0.0019699459927528373,0.0029263546582595033,0.29800641661804816,3509.9679169097594,250.00000000000063,50.00000000000034,16.582925278054912,True
20,mountainous,temperate,medium,0.25623859877650834,Concentric,0,250000,5,0.09711029200116172,0.6749273749883287,0.14844681085899195,0.5793304036464368,0.002078225055957249,0.0023653226888073918,0.2960013240923236,3519.993379538383,250.0000000000007,50.000000000000306,16.530235343003397,True
20,mountainous,temperate,medium,0.25623859877650834,Pizza,0,250000,5,0.030673291999846697,0.607396042032633,0.17630338831421657,0.6880438355346636,0.0032093836987410547,0.003951907744209341,0.3927487397461253,3036.2563012693736,250.0000000000005,50.00000000000035,16.170786079158912,True
20,mountainous,temperate,medium,0.25623859877650834,GreedySeeded,0,250000,5,0.07646579202264547,0.3017768749850802,0.15584591927035457,0.6082062578178692,0.004686041786476452,0.0062774886346683295,0.382919066007148,3085.40466996426,249.99999999999886,49.99999999999994,11.978599520991176,True
20,mountainous,temperate,medium,0.25623859877650834,GreedySeeded,1,250000,5,0.08242837502621114,0.364731915993616,0.1457729463228492,0.5688953460520308,0.0046863509579491485,0.006209366370970106,0.32994635839564496,3350.268208021777,250.0000000000001,50.000000000000426,10.942107155714533,True
20,mountainous,temperate,medium,0.25623859877650834,GreedySeeded,2,250000,5,0.07654466602252796,0.3637020420283079,0.15015082798958596,0.5859805224760369,0.004689678671891325,0.006418147872789019,0.3696815867018423,3151.592066490789,249.99999999999997,50.00000000000026,11.32814599746509,True
20,mountainous,temperate,medium,0.25623859877650834,GreedySeeded,3,250000,5,0.08037400001194328,0.3389618329820223,0.15562802483595817,0.6073559002392811,0.004687802632313798,0.006429470252082528,0.3584837767671211,3207.581116164395,249.99999999999955,50.00000000000004,11.318148976375927,True
20,mountainous,temperate,medium,0.25623859877650834,GreedySeeded,4,250000,5,0.07898429199121892,0.2737882920191623,0.16284539868385287,0.6355225148022561,0.004717802065691626,0.00627946155578943,0.38151266290717123,3092.4366854641444,249.99999999999991,50.00000000000022,12.758349568747798,True
20,mountainous,temperate,medium,0.25623859877650834,RandomWalkSeeded,0,250000,5,0.031208208005409688,0.9443209170131013,0.04700222558228158,0.18343148068522255,0.003524139505753061,0.001114157800438052,0.09904825589467289,4504.758720526636,250.00000000000045,50.0000000000003,3.3288569344439427,True
20,mountainous,temperate,medium,0.25623859877650834,RandomWalkSeeded,1,250000,5,0.030002124956808984,0.9058081660186872,0.04725108188946269,0.18440267046057005,0.001891029611920246,0.0015083705593633273,0.11095785924466796,4445.21070377666,249.99999999999972,50.00000000000019,3.207330379478862,True
20,mountainous,temperate,medium,0.25623859877650834,RandomWalkSeeded,2,250000,5,0.03308208397356793,0.9188388749607839,0.04657475045940641,0.18176321085813057,0.0028904652490600114,0.001413417263549456,0.09879898338840074,4506.005083057996,250.0000000000001,50.00000000000028,2.9274464055015517,True
20,mountainous,temperate,medium,0.25623859877650834,RandomWalkSeeded,3,250000,5,0.030938166950363666,0.923632166988682,0.03724763896371633,0.14536310743801628,0.0025575858486638838,0.0013459579704286448,0.08361223654393776,4581.938817280312,249.9999999999995,50.00000000000004,2.6290872147565487,True
20,mountainous,temperate,medium,0.25623859877650834,RandomWalkSeeded,4,250000,5,0.033957541978452355,0.9679710000054911,0.05240173210456881,0.2045036632060015,0.003022203208551416,0.0016999133791549175,0.11912364581102526,4404.381770944874,249.9999999999996,50.00000000000032,2.8915430500830417,True
21,mountainous,temperate,medium,0.29968432929080974,Spiral,0,250000,5,0.08795629203086719,0.6369884169544093,0.17032450058251353,0.5683463696135839,0.0014386033938889459,0.0030545386177933923,0.28488087516496063,3575.5956241751965,249.99999999999994,50.000000000000234,16.582925278054915,True
21,mountainous,temperate,medium,0.29968432929080974,Concentric,0,250000,5,0.09666041599120945,0.6679804580053315,0.17007595386631835,0.5675170078755732,0.0014789125884381508,0.0030555525215735678,0.2845986813397911,3577.0065933010446,249.9999999999998,50.00000000000021,16.53023534300306,True
21,mountainous,temperate,medium,0.29968432929080974,Pizza,0,250000,5,0.030584083986468613,0.5990180410444736,0.19959476780933638,0.6660166992437307,0.002110624123860835,0.003217390191515001,0.364145157747705,3179.274211261474,249.9999999999996,49.99999999999998,16.17078607915929,True
21,mountainous,temperate,medium,0.29968432929080974,GreedySeeded,0,250000,5,0.08387116697849706,0.20109791704453528,0.1934529857032633,0.6455225275244174,0.0032128623614676877,0.004914227826153885,0.35593765931821464,3220.311703408927,250.00000000000023,50.000000000000384,14.289663058375774,True
21,mountainous,temperate,medium,0.29968432929080974,GreedySeeded,1,250000,5,0.08327841595746577,0.29463029198814183,0.17561675308691493,0.5860057931707825,0.0032294881839843117,0.0049244802726722495,0.3264308184159584,3367.8459079202075,250.00000000000077,50.00000000000028,12.787272513689585,True
21,mountainous,temperate,medium,0.29968432929080974,GreedySeeded,2,250000,5,0.08062587503809482,0.3547977500129491,0.16478233906665118,0.5498530385509366,0.0032262647521328677,0.004898105434028393,0.30909013750346626,3454.549312482669,250.00000000000065,50.00000000000039,11.582084330049922,True
21,mountainous,temperate,medium,0.29968432929080974,GreedySeeded,3,250000,5,0.07570112502435222,0.30610012501711026,0.16882339843022334,0.5633374251824804,0.0032336384711280867,0.0049048427365417655,0.3000974531373978,3499.5127343130107,249.99999999999977,50.00000000000011,12.26422524604801,True
21,mountainous,temperate,medium,0.29968432929080974,GreedySeeded,4,250000,5,0.0805779590154998,0.3277455840143375,0.17081555612738714,0.5699849455979727,0.003222670177581353,0.0049189398884208375,0.3011259533323982,3494.370233338009,250.0000000000005,50.000000000000234,12.018851718243539,True
21,mountainous,temperate,medium,0.29968432929080974,RandomWalkSeeded,0,250000,5,0.0337025829940103,0.9478977919789031,0.04839891712056967,0.16149965944199904,0.002343026465656597,0.000842432058210393,0.07712362411471649,4614.381879426417,250.0000000000001,50.00000000000028,3.328856931002556,True
21,mountainous,temperate,medium,0.29968432929080974,RandomWalkSeeded,1,250000,5,0.02993237500777468,0.9082640419946983,0.04460203907639597,0.14883006789826084,0.0015493088676664269,0.0011293583666704221,0.08692734295678436,4565.363285216078,249.99999999999957,50.00000000000005,3.207330378378594,True
21,mountainous,temperate,medium,0.29968432929080974,RandomWalkSeeded,2,250000,5,0.034002083993982524,0.9164019159507006,0.04427586697479043,0.14774168232141932,0.0018732054580423106,0.0011064465194494724,0.07926784194721684,4603.660790263915,249.99999999999983,50.00000000000008,2.927446407237991,True
21,mountainous,temperate,medium,0.29968432929080974,RandomWalkSeeded,3,250000,5,0.030663250014185905,0.9073431669967249,0.03859976818608618,0.12880142340919493,0.001810436549173289,0.0010514401054759943,0.07480725202360887,4625.963739881956,250.00000000000003,50.00000000000037,2.6290872116398347,True
21,mountainous,temperate,medium,0.29968432929080974,RandomWalkSeeded,4,250000,5,0.033614042040426284,0.9620009580394253,0.04037299299643521,0.13471839882978262,0.0020118095338126966,0.001230846054159568,0.07945159558721822,4602.742022063909,250.00000000000065,50.00000000000035,2.8915430484025504,True
22,mountainous,temperate,medium,0.2353179911789027,Spiral,0,250000,5,0.08814187499228865,0.6394760420080274,0.12545678393423318,0.5331372382779415,0.0007910681119732159,0.0024877175710608674,0.26660700259949754,3666.964987002513,250.00000000000063,50.00000000000033,16.58292527805495,True
22,mountainous,temperate,medium,0.2353179911789027,Concentric,0,250000,5,0.09821179101709276,0.6867391249979846,0.12262206548631827,0.5210909071253021,0.0008468736029257739,0.0022100563632408378,0.2582862311720274,3708.5688441398634,250.00000000000068,50.000000000000306,16.53023534300338,True
22,mountainous,temperate,medium,0.2353179911789027,Pizza,0,250000,5,0.031468833971302956,0.5979123329743743,0.12946107561386178,0.5501537513782266,0.0012040511404241756,0.0013814403769199452,0.2567256150621727,3716.371924689137,250.0000000000005,50.00000000000035,16.170786079158894,True
22,mountainous,temperate,medium,0.2353179911789027,GreedySeeded,0,250000,5,0.08179949998157099,0.36981108400505036,0.12932737597615557,0.549585585565505,0.0034065519957814584,0.0038334843627061527,0.3276546358905953,3361.7268205470245,249.9999999999999,50.000000000000306,10.606783240441375,True
22,mountainous,temperate,medium,0.2353179911789027,GreedySeeded,1,250000,5,0.0742047920357436,0.4276144589530304,0.11049422216143451,0.46955280218005196,0.0034018715364599744,0.0037504441214679645,0.27001254703581506,3649.9372648209246,250.00000000000045,50.000000000000426,9.749163831051394,True
22,mountainous,temperate,medium,0.2353179911789027,GreedySeeded,2,250000,5,0.07790183299221098,0.32841100002406165,0.14133189032199794,0.6005995955258221,0.0033953941386345218,0.0037723591441496647,0.3621655664229669,3189.1721678851663,250.00000000000057,50.000000000000256,10.792483288099204,True
22,mountainous,temperate,medium,0.2353179911789027,GreedySeeded,3,250000,5,0.07324666698696092,0.39912175002973527,0.1199477881652561,0.5097263815840781,0.003404584331427178,0.0037799007389129006,0.32254995204073394,3387.2502397963312,249.99999999999943,50.00000000000002,10.039990771559832,True
22,mountainous,temperate,medium,0.2353179911789027,GreedySeeded,4,250000,5,0.0784323750413023,0.3466503749950789,0.12288471234878294,0.5222070430448248,0.0034016051648328794,0.0038252674604461003,0.28840768023565494,3557.961598821725,249.9999999999997,50.00000000000006,10.814182230015787,True
22,mountainous,temperate,medium,0.2353179911789027,RandomWalkSeeded,0,250000,5,0.03291179199004546,0.9631510829785839,0.029033630862295483,0.1233804126783591,0.001835435708804101,0.0005863222406482304,0.05121099633853965,4743.945018307302,250.00000000000045,50.0000000000003,3.3288569280624576,True
22,mountainous,temperate,medium,0.2353179911789027,RandomWalkSeeded,1,250000,5,0.029993625008501112,0.9140710829524323,0.019303604773186905,0.08203199711368928,0.0012738292510310256,0.0006503657775932118,0.04643310235567453,4767.834488221628,249.99999999999972,50.00000000000019,3.207330381259272,True
22,mountainous,temperate,medium,0.2353179911789027,RandomWalkSeeded,2,250000,5,0.03333266597473994,0.9524947089958005,0.019335837223667263,0.0821689711305032,0.00150675716194521,0.0005386059507545206,0.04179186972307633,4791.040651384619,250.0000000000001,50.00000000000028,2.927446409600433,True
22,mountainous,temperate,medium,0.2353179911789027,RandomWalkSeeded,3,250000,5,0.030680749972816557,0.9694407079950906,0.01675999302881019,0.07122274393405072,0.0016103024305211483,0.0005959798923169608,0.04045590197958971,4797.720490102052,249.9999999999995,50.00000000000004,2.6290872126230718,True
22,mountainous,temperate,medium,0.2353179911789027,RandomWalkSeeded,4,250000,5,0.03032620798330754,0.9490679170121439,0.01824417306374919,0.07752986914578447,0.00112409571343149,0.0005545424203196173,0.04368499318278069,4781.575034086096,249.9999999999996,50.00000000000032,2.891543046380464,True
23,mountainous,temperate,medium,0.18932936286300583,Spiral,0,250000,5,0.08798970800125971,0.6353926250012591,0.11184132129089276,0.5907235919439419,0.0008554908659131392,0.0013627972990433953,0.2902447218323792,3548.7763908381035,250.00000000000006,50.00000000000033,16.582925278054947,True
23,mountainous,temperate,medium,0.18932936286300583,Concentric,0,250000,5,0.1043775420403108,0.6706821669940837,0.1136075813680705,0.6000526260169914,0.0008278170207840496,0.0014089194914360722,0.2893168910187414,3553.4155449062937,250.00000000000045,50.000000000000306,16.530235343003334,True
23,mountainous,temperate,medium,0.18932936286300583,Pizza,0,250000,5,0.03238245903048664,0.5992559170117602,0.14217628892891623,0.7509468514495111,0.0020804282387460937,0.0025665370128592846,0.43365519338396813,2831.724033080159,249.99999999999994,50.00000000000035,16.17078607915885,True
23,mountainous,temperate,medium,0.18932936286300583,GreedySeeded,0,250000,5,0.07123754097847268,0.6470619169995189,0.12322087310813355,0.650828119023953,0.00039800416769400363,0.003975328625958587,0.44103555003843037,2794.8222498078476,250.00000000000003,50.00000000000022,7.89199493436821,True
23,mountainous,temperate,medium,0.18932936286300583,GreedySeeded,1,250000,5,0.06764079100685194,0.6639530420070514,0.10893398602737445,0.575367625919686,0.0007154921891171779,0.003905924452167201,0.3515984283834692,3242.007858082654,250.0000000000008,50.00000000000029,6.734449199700932,True
23,mountainous,temperate,medium,0.18932936286300583,GreedySeeded,2,250000,5,0.06850908300839365,0.658774417010136,0.10884577212915199,0.5749016976722737,0.0047284431837626515,0.00358504843958999,0.37509143595373057,3124.542820231348,249.99999999999906,49.999999999999964,6.9807637286128,True
23,mountainous,temperate,medium,0.18932936286300583,GreedySeeded,3,250000,5,0.07007924997014925,0.5775994170107879,0.10718127453867304,0.5661101527935043,0.002082293208530631,0.004653871832742433,0.39973189589020286,3001.340520548986,250.00000000000006,50.0000000000003,7.860760992110495,True
23,mountainous,temperate,medium,0.18932936286300583,GreedySeeded,4,250000,5,0.0694554170477204,0.6946955830208026,0.10345162215079842,0.5464108714381166,0.004878886957411637,0.004515602233963194,0.3907942901053408,3046.028549473296,250.0000000000007,50.00000000000031,6.490931680579641,True
23,mountainous,temperate,medium,0.18932936286300583,RandomWalkSeeded,0,250000,5,0.03015562501968816,1.011334375012666,0.03970578026084117,0.20971802609176537,0.000458246660228714,0.0003945281938225275,0.0937993000487853,4531.003499756074,250.00000000000037,50.000000000000306,3.328856931956534,True
23,mountainous,temperate,medium,0.18932936286300583,RandomWalkSeeded,1,250000,5,0.030824540997855365,0.9695111669716425,0.037474812017269786,0.1979344960051741,0.00010855750911884367,0.0005824231881110741,0.11132118892551242,4443.394055372437,249.9999999999999,50.00000000000021,3.207330379130963,True
23,mountainous,temperate,medium,0.18932936286300583,RandomWalkSeeded,2,250000,5,0.034345583990216255,0.9362019579857588,0.036422735401072596,0.1923776367822418,3.075427509657303e-05,0.000945158648166992,0.09991478146778526,4500.426092661074,249.99999999999983,50.00000000000028,2.927446404383208,True
23,mountainous,temperate,medium,0.18932936286300583,RandomWalkSeeded,3,250000,5,0.030106999969575554,0.9301634589792229,0.0315507663657804,0.16664486632540867,0.00010681238006884634,0.0007385708529833774,0.10357392673281708,4482.130366335914,250.0,50.000000000000355,2.6290872117498605,True
23,mountainous,temperate,medium,0.18932936286300583,RandomWalkSeeded,4,250000,5,0.034271499956957996,0.930007166985888,0.03140229424565347,0.1658606661470435,0.0009813638600307845,0.000974899721667256,0.0979001301800983,4510.499349099509,249.99999999999955,50.00000000000032,2.891543047889501,True
24,mountainous,temperate,medium,0.21125540076014357,Spiral,0,250000,5,0.08750516595318913,0.6489266249700449,0.11958353284518553,0.5660614233524803,0.0009534637374867496,0.002165845089739036,0.28327219749686705,3583.639012515665,250.00000000000063,50.00000000000033,16.58292527805495,True
24,mountainous,temperate,medium,0.21125540076014357,Concentric,0,250000,5,0.09588308399543166,0.6681867919978686,0.11954977245121132,0.565901614922245,0.000980207245852439,0.0021758648533870776,0.28264714575298605,3586.7642712350694,250.00000000000068,50.000000000000306,16.53023534300338,True
24,mountainous,temperate,medium,0.21125540076014357,Pizza,0,250000,5,0.031198500015307218,0.5886767079937272,0.1351718641994673,0.6398504545355485,0.001399465252255537,0.0021303496976780726,0.34618184674267405,3269.0907662866293,250.0000000000005,50.00000000000035,16.170786079158894,True
24,mountainous,temperate,medium,0.21125540076014357,GreedySeeded,0,250000,5,0.0878070829785429,0.17674558301223442,0.13346808671864588,0.6317854418793472,0.0021352155522163688,0.003232800242915204,0.33965092246072454,3301.7453876963773,250.00000000000014,50.00000000000017,14.785548199884385,True
24,mountainous,temperate,medium,0.21125540076014357,GreedySeeded,1,250000,5,0.08642787497956306,0.23989220801740885,0.12294972710222397,0.581995663352623,0.0021404111093618907,0.0032360036236837495,0.3262050919565334,3368.974540217332,249.99999999999983,50.000000000000014,13.602009833430042,True
24,mountainous,temperate,medium,0.21125540076014357,GreedySeeded,2,250000,5,0.07592370797647163,0.32352600002195686,0.11164677526320511,0.5284919337516361,0.002138111202214324,0.003225239667269574,0.28076498824434104,3596.1750587782944,249.99999999999937,50.000000000000085,11.718626336939671,True
24,mountainous,temperate,medium,0.21125540076014357,GreedySeeded,3,250000,5,0.0813493329915218,0.29403312504291534,0.11351341404798816,0.5373278677825127,0.0021415383795548,0.0032249429654558014,0.30073349983987213,3496.3325008006386,249.99999999999972,50.0000000000001,12.107806235216668,True
24,mountainous,temperate,medium,0.21125540076014357,GreedySeeded,4,250000,5,0.08673279196955264,0.26686591701582074,0.12013237837837484,0.5686594422964432,0.002135703642063001,0.0032364246133878725,0.31695858739906807,3415.2070630046596,250.0,50.000000000000384,12.729715174549364,True
24,mountainous,temperate,medium,0.21125540076014357,RandomWalkSeeded,0,250000,5,0.029584167001303285,0.9604680830379948,0.032500273409327075,0.1538435149699554,0.0015537880718502193,0.0005587176072903346,0.07391588103760338,4630.420594811983,250.00000000000045,50.0000000000003,3.3288569314000345,True
24,mountainous,temperate,medium,0.21125540076014357,RandomWalkSeeded,1,250000,5,0.03359279199503362,0.8836904170457274,0.030127610251281408,0.1426122605286095,0.0010269266664838825,0.0007496070071290766,0.08287887213496359,4585.605639325181,249.99999999999972,50.00000000000019,3.207330378848369,True
24,mountainous,temperate,medium,0.21125540076014357,RandomWalkSeeded,2,250000,5,0.03236862499034032,0.9628260420286097,0.029735379242467472,0.14075559316104116,0.0012416977290363204,0.0007333305164982844,0.0754953842977785,4622.523078511107,250.0000000000001,50.00000000000028,2.927446408420898,True
24,mountainous,temperate,medium,0.21125540076014357,RandomWalkSeeded,3,250000,5,0.036597165977582335,0.9829165000119247,0.025543912443468608,0.12091483745057391,0.0011991355436176397,0.0006938952904143409,0.07033279875505712,4648.336006224714,249.9999999999995,50.00000000000004,2.6290872114993116,True
24,mountainous,temperate,medium,0.21125540076014357,RandomWalkSeeded,4,250000,5,0.029965125024318695,0.9243422080180608,0.02799799286564956,0.132531489206461,0.001348072088385673,0.0008152196489349789,0.07639287479284701,4618.035626035764,249.9999999999996,50.00000000000032,2.8915430471808468,True
25,mountainous,temperate,medium,0.20152853766574874,Spiral,0,250000,5,0.08932879200438038,0.6829029170330614,0.11379236966164269,0.5646464316154394,0.000885598086566309,0.0020775254470542094,0.28334235997532503,3583.288200123375,250.00000000000063,50.00000000000033,16.58292527805495,True
25,mountainous,temperate,medium,0.20152853766574874,Concentric,0,250000,5,0.10148495901376009,0.7107856250368059,0.11364588204017247,0.5639195488465425,0.0009392425105439006,0.002057498811537856,0.2820950928831639,3589.5245355841807,250.00000000000068,50.000000000000306,16.53023534300338,True
25,mountainous,temperate,medium,0.20152853766574874,Pizza,0,250000,5,0.03174433298408985,0.6204299170058221,0.12888429854567787,0.6395337357106359,0.0014307027279891772,0.002036307035549057,0.34598067370650176,3270.0966314674906,250.0000000000005,50.00000000000035,16.170786079158894,True
25,mountainous,temperate,medium,0.20152853766574874,GreedySeeded,0,250000,5,0.08530587505083531,0.23566995799774304,0.12711847152703498,0.6307715671408839,0.002030615080067166,0.0030677685901413466,0.326368658841516,3368.15670579242,249.99999999999966,50.000000000000114,13.792359925283225,True
25,mountainous,temperate,medium,0.20152853766574874,GreedySeeded,1,250000,5,0.08181870798580348,0.37359741696855053,0.10584788531935992,0.5252252933771451,0.0020419872856169757,0.0030717284061014235,0.3059356374944546,3470.321812527727,249.9999999999998,50.000000000000135,11.42648465104082,True
25,mountainous,temperate,medium,0.20152853766574874,GreedySeeded,2,250000,5,0.07709683297434822,0.3722254169988446,0.1042397888771861,0.5172457959779183,0.0020419896927989676,0.0030718501528846287,0.27907457839601285,3604.627108019936,250.00000000000006,50.00000000000029,11.263006851812936,True
25,mountainous,temperate,medium,0.20152853766574874,GreedySeeded,3,250000,5,0.07736491598188877,0.3589356250013225,0.10127041819438502,0.5025115517999249,0.002037746806857454,0.0030653308640227975,0.29802033518201665,3509.898324089917,249.9999999999995,50.000000000000185,11.25428747937299,True
25,mountainous,temperate,medium,0.20152853766574874,GreedySeeded,4,250000,5,0.08315362501889467,0.3542685409775004,0.10198251617011919,0.5060450363574085,0.0020405082986678647,0.0030790922329939747,0.2932935818022829,3533.532090988586,250.00000000000074,50.00000000000034,10.973052070061204,True
25,mountainous,temperate,medium,0.20152853766574874,RandomWalkSeeded,0,250000,5,0.030396917019970715,0.9663497089641169,0.030965861137841923,0.15365496865362704,0.0015018482140068973,0.0005234436862394309,0.07355941887843695,4632.202905607815,250.00000000000045,50.0000000000003,3.328856930999791,True
25,mountainous,temperate,medium,0.20152853766574874,RandomWalkSeeded,1,250000,5,0.031265958037693053,0.91211499995552,0.028591178144517657,0.14187161022295722,0.0008830069417296983,0.0007109817075930695,0.08277245447856348,4586.1377276071835,249.99999999999972,50.00000000000019,3.2073303815741743,True
25,mountainous,temperate,medium,0.20152853766574874,RandomWalkSeeded,2,250000,5,0.03413450001971796,0.9097263750154525,0.028358891856797654,0.14071898791739934,0.0012130491203490806,0.00069155360239238,0.0751270370586013,4624.3648147069935,250.0000000000001,50.00000000000028,2.9274464124856854,True
25,mountainous,temperate,medium,0.20152853766574874,RandomWalkSeeded,3,250000,5,0.030433707986958325,0.9170580419595353,0.024519418269340326,0.1216672266535658,0.001157439160576522,0.0006529403752085753,0.07065079330604374,4646.746033469782,249.9999999999995,50.00000000000004,2.6290872122415845,True
25,mountainous,temperate,medium,0.20152853766574874,RandomWalkSeeded,4,250000,5,0.03355841600568965,0.9288710000109859,0.026628973720613076,0.13213500196572342,0.0013273029104417249,0.0007860997440227804,0.07589865276722321,4620.506736163884,249.9999999999996,50.00000000000032,2.8915430470487653,True
26,mountainous,temperate,medium,0.3032488383329611,Spiral,0,250000,5,0.09160795802017674,0.6924849999486469,0.16934523025196352,0.5584365341113883,0.0019492824395576066,0.0029712685770376702,0.2840266458328298,3579.8667708358503,250.00000000000063,50.00000000000033,16.58292527805495,True
26,mountainous,temperate,medium,0.3032488383329611,Concentric,0,250000,5,0.10362858301959932,0.6991304999683052,0.16799827878984602,0.553994797518028,0.0020979921735097542,0.0026947981384945656,0.2786916565660405,3606.5417171697964,250.00000000000068,50.000000000000306,16.53023534300338,True
26,mountainous,temperate,medium,0.3032488383329611,Pizza,0,250000,5,0.03457666700705886,0.6120867919526063,0.19338196884794392,0.6377006088828423,0.004224049503598752,0.003815787748439641,0.3402379283484165,3298.810358257916,250.0000000000005,50.00000000000035,16.170786079158894,True
26,mountainous,temperate,medium,0.3032488383329611,GreedySeeded,0,250000,5,0.06898799998452887,0.5146129589993507,0.1907478875510184,0.6290144048023725,0.0084590277574524,0.008980783186473464,0.41021609004442416,2948.9195497778787,249.99999999999994,50.00000000000019,8.804252749675115,True
26,mountainous,temperate,medium,0.3032488383329611,GreedySeeded,1,250000,5,0.06977062503574416,0.48595170897897333,0.18551670135614043,0.6117639308231968,0.008359923095829405,0.007754345540221485,0.3864290625765186,3067.8546871174067,249.99999999999966,50.0000000000002,8.365113802395992,True
26,mountainous,temperate,medium,0.3032488383329611,GreedySeeded,2,250000,5,0.06456633296329528,0.6749219169723801,0.13220258900427362,0.4359541481874296,0.008419456836538095,0.009346243652753175,0.29992970141343706,3500.3514929328135,250.0000000000002,50.0000000000002,5.503935026346256,True
26,mountainous,temperate,medium,0.3032488383329611,GreedySeeded,3,250000,5,0.07086466701002792,0.5260689160204493,0.1407371505792616,0.46409790505029086,0.008451403481629734,0.009051373782057994,0.30096022930492267,3495.198853475386,250.00000000000017,50.00000000000039,7.469017201002948,True
26,mountainous,temperate,medium,0.3032488383329611,GreedySeeded,4,250000,5,0.07121391699183732,0.3891027919598855,0.20323087895631417,0.6701785902083844,0.008398384862572897,0.008883069894011775,0.43292493527650355,2835.375323617482,249.99999999999926,50.00000000000001,10.265505036130886,True
26,mountainous,temperate,medium,0.3032488383329611,RandomWalkSeeded,0,250000,5,0.032088874955661595,0.9594446250121109,0.052386596470544375,0.1727511859848411,0.0031065677337777835,0.0008553710521287654,0.0922429136862825,4538.785431568586,250.00000000000045,50.0000000000003,3.3288569292097017,True
26,mountainous,temperate,medium,0.3032488383329611,RandomWalkSeeded,1,250000,5,0.030119625036604702,0.9097546660341322,0.051685887916421765,0.17044051413536399,0.002226807647744163,0.0014586655821704187,0.09869152890571849,4506.542355471407,249.99999999999972,50.00000000000019,3.2073303840194307,True
26,mountainous,temperate,medium,0.3032488383329611,RandomWalkSeeded,2,250000,5,0.03340362501330674,0.9219015829730779,0.045721333516687626,0.15077166912832993,0.0026992387428937106,0.0012270137523930217,0.08356019463740119,4582.199026812994,250.0000000000001,50.00000000000028,2.927446414213851,True
26,mountainous,temperate,medium,0.3032488383329611,RandomWalkSeeded,3,250000,5,0.02959204197395593,0.930284500005655,0.03424429112951398,0.11292472320014112,0.0015629969348059164,0.0012414070293126547,0.06093444027546145,4695.327798622692,249.9999999999995,50.00000000000004,2.6290872155419756,True
26,mountainous,temperate,medium,0.3032488383329611,RandomWalkSeeded,4,250000,5,0.033897832967340946,0.9274145000381395,0.057321078590558655,0.189023242119138,0.0038952844686715193,0.001931170848366397,0.11208912263441557,4439.554386827922,249.9999999999996,50.00000000000032,2.8915430493296297,True
27,mountainous,temperate,medium,0.14382738848179186,Spiral,0,250000,5,0.08819945802679285,0.6986523750238121,0.07632720747861375,0.5306861807358517,2.648953342334523e-12,0.00036523571287539033,0.2381380794789703,3809.3096026051485,250.00000000000063,50.00000000000033,16.58292527805495,True
27,mountainous,temperate,medium,0.14382738848179186,Concentric,0,250000,5,0.1006627919850871,0.6975714580039494,0.08030794476788379,0.5583633660848298,1.173288737348097e-12,0.0012328944715865003,0.24436491252033102,3778.1754373983445,250.00000000000068,50.000000000000306,16.53023534300338,True
27,mountainous,temperate,medium,0.14382738848179186,Pizza,0,250000,5,0.03145379200577736,0.6116240420378745,0.05750375055145174,0.3998108507597046,3.7096773983088543e-06,3.69328945262768e-05,0.1782545004958379,4108.727497520811,250.0000000000005,50.00000000000035,16.170786079158894,True
27,mountainous,temperate,medium,0.14382738848179186,GreedySeeded,0,250000,5,0.06150470796274021,0.9138919579563662,0.05930282705505119,0.41231943151466427,3.683400482234837e-14,3.563209961527705e-05,0.13081586054589742,4345.920697270512,249.99999999999943,50.000000000000036,3.6993085774845453,True
27,mountainous,temperate,medium,0.14382738848179186,GreedySeeded,1,250000,5,0.06456954102031887,0.9383537499816157,0.04470035179029971,0.3107916528426618,3.8136422693555994e-24,0.00029957224067961676,0.24612198829709034,3769.3900585145484,250.00000000000082,50.00000000000038,4.147308406703417,True
27,mountainous,temperate,medium,0.14382738848179186,GreedySeeded,2,250000,5,0.06764924997696653,0.7671428330359049,0.10019727144039783,0.6966494525003666,3.917982042441276e-09,1.1608595646135984e-05,0.41864312803884113,2906.7843598057943,250.0000000000007,50.000000000000405,5.661587084661468,True
27,mountainous,temperate,medium,0.14382738848179186,GreedySeeded,3,250000,5,0.06480658397777006,0.8109935409738682,0.055227217718373495,0.3839826218172981,9.733789220055547e-07,2.500472054173958e-07,0.14159923395642773,4292.003830217862,250.0,50.000000000000256,3.9111103094180066,True
27,mountainous,temperate,medium,0.14382738848179186,GreedySeeded,4,250000,5,0.06800691597163677,0.8176422499818727,0.08988604199516308,0.6249577562658895,0.0014906538957414604,0.0004558678948583982,0.34312836861749896,3284.3581569125054,249.99999999999997,50.000000000000156,4.841906168474018,True
27,mountainous,temperate,medium,0.14382738848179186,RandomWalkSeeded,0,250000,5,0.03202637500362471,0.9713995829806663,0.00959891787421972,0.06673915153117665,8.67642622622087e-06,1.4612862481103995e-06,0.03413817534386886,4829.309123280656,250.00000000000045,50.0000000000003,3.3288569330777396,True
27,mountainous,temperate,medium,0.14382738848179186,RandomWalkSeeded,1,250000,5,0.034390415996313095,0.9200444999733008,0.006599055409319023,0.04588177174721103,8.138633948053467e-10,2.3281585596728338e-05,0.024721695356122796,4876.391523219385,249.99999999999972,50.00000000000019,3.2073303832680278,True
27,mountainous,temperate,medium,0.14382738848179186,RandomWalkSeeded,2,250000,5,0.032274541968945414,0.9214676250121556,0.010142813037737872,0.07052073422734728,5.699725510910559e-07,4.282520649694605e-07,0.032716422770488446,4836.4178861475575,250.0000000000001,50.00000000000028,2.927446411735675,True
27,mountainous,temperate,medium,0.14382738848179186,RandomWalkSeeded,3,250000,5,0.033671208017040044,0.9285195419797674,0.006412935829515192,0.04458772350112615,7.74662830554683e-07,9.235228421502051e-08,0.02407457475253585,4879.627126237321,249.9999999999995,50.00000000000004,2.6290872174112176,True
27,mountainous,temperate,medium,0.14382738848179186,RandomWalkSeeded,4,250000,5,0.03150954202283174,0.9375587080139667,0.011176476426865284,0.07770756699987078,0.00044649753131354613,5.5316379945948784e-05,0.04857497657036636,4757.125117148168,249.9999999999996,50.00000000000032,2.8915430477350146,True
28,mountainous,temperate,medium,0.3788421754252427,Spiral,0,250000,5,0.08850524999434128,0.6473602500045672,0.20189168726190682,0.5329176642893244,1.1963793138963605e-05,0.003458307666685672,0.25804313919947663,3709.784304002618,249.99999999999994,50.000000000000234,16.582925278054915,True
28,mountainous,temperate,medium,0.3788421754252427,Concentric,0,250000,5,0.09739095799159259,0.6876138329971582,0.19130175309305741,0.5049642450139694,2.3351329274487942e-05,0.0027269322594139804,0.2555579234301088,3722.210382849457,249.9999999999998,50.00000000000021,16.53023534300306,True
28,mountainous,temperate,medium,0.3788421754252427,Pizza,0,250000,5,0.03392179199727252,0.6172107079764828,0.2649062536884473,0.6992522767326403,0.005010487135709269,0.0017071033059306968,0.44628273187988543,2768.5863406005737,249.9999999999996,49.99999999999998,16.17078607915929,True
28,mountainous,temperate,medium,0.3788421754252427,GreedySeeded,0,250000,5,0.0702099580084905,0.7454571669804864,0.26158600533003074,0.6904880773541271,1.0528875892259444e-11,0.0006774132822461212,0.4350433828261131,2824.783085869435,250.00000000000006,50.00000000000019,5.559635489363844,True
28,mountainous,temperate,medium,0.3788421754252427,GreedySeeded,1,250000,5,0.06008820899296552,0.8676481670117937,0.19224411384955625,0.5074517208485727,3.956310268066012e-18,0.0013394045561291835,0.353829198775041,3230.854006124796,250.00000000000003,50.00000000000012,3.987279613670267,True
28,mountainous,temperate,medium,0.3788421754252427,GreedySeeded,2,250000,5,0.060337667004205287,0.832170124980621,0.224805990413812,0.5934027544886517,4.0525754974002364e-05,0.0010199568252784526,0.4376049256208878,2811.975371895561,249.99999999999957,50.00000000000017,4.675477635069871,True
28,mountainous,temperate,medium,0.3788421754252427,GreedySeeded,3,250000,5,0.06276862497907132,0.8674656249932013,0.1137285104819305,0.3002002360330461,0.0002510764302138985,0.0008688472405783849,0.24592809611582309,3770.359519420885,250.00000000000009,50.00000000000019,3.65198277471267,True
28,mountainous,temperate,medium,0.3788421754252427,GreedySeeded,4,250000,5,0.06630908400984481,0.7682377499877475,0.27162138589121587,0.716977684932588,0.016158415652520103,0.005333903638136551,0.494455176557992,2527.724117210041,249.99999999999963,50.00000000000016,5.116359730426698,True
28,mountainous,temperate,medium,0.3788421754252427,RandomWalkSeeded,0,250000,5,0.030248249997384846,0.9669544160133228,0.11257153607853812,0.29714626137435424,1.0223689986540866e-08,6.079887837797417e-05,0.12932042267090246,4353.397886645488,250.0000000000001,50.00000000000028,3.328856926631329,True
28,mountainous,temperate,medium,0.3788421754252427,RandomWalkSeeded,1,250000,5,0.03359837498283014,0.9019638749887235,0.08791322778065085,0.23205765747166357,1.8602395936815454e-07,4.1602086292857934e-06,0.14759798728763218,4262.010063561839,249.99999999999957,50.00000000000005,3.207330380102505,True
28,mountainous,temperate,medium,0.3788421754252427,RandomWalkSeeded,2,250000,5,0.03014470898779109,0.9253220410319045,0.08089001414530829,0.21351903085898735,7.843634805978931e-09,3.844728462326466e-05,0.10446479926757522,4477.676003662125,249.99999999999983,50.00000000000008,2.9274464102448388,True
28,mountainous,temperate,medium,0.3788421754252427,RandomWalkSeeded,3,250000,5,0.033851540996693075,0.9283517919830047,0.02000421708774865,0.05280356408389409,2.3163172665870104e-32,2.961379772574974e-08,0.02338818405713958,4883.059079714303,250.00000000000003,50.00000000000037,2.629087210047878,True
28,mountainous,temperate,medium,0.3788421754252427,RandomWalkSeeded,4,250000,5,0.029938958992715925,0.9287695829989389,0.07763415692608756,0.20492479972417219,0.002905900827591891,0.0015068722086281506,0.10073971674086528,4496.301416295674,250.00000000000065,50.00000000000035,2.891543049725002,True
29,mountainous,temperate,medium,0.2854135723368251,Spiral,0,250000,5,0.08850708301179111,0.6439800829975866,0.15534968042457056,0.5442967520873104,0.0010058030426580969,0.0023627578319409363,0.2693387680883865,3653.306159558067,250.00000000000063,50.00000000000033,16.58292527805495,True
29,mountainous,temperate,medium,0.2854135723368251,Concentric,0,250000,5,0.10203116701450199,0.6692580829840153,0.15689560494114457,0.5497131886776125,0.001114184783825387,0.003014139029502671,0.2756328073618974,3621.8359631905137,250.00000000000068,50.000000000000306,16.53023534300338,True
29,mountainous,temperate,medium,0.2854135723368251,Pizza,0,250000,5,0.03487483301432803,0.6149637079797685,0.19464417558677655,0.6819723883245157,0.0019410874111860485,0.001602515714746767,0.3262874411687116,3368.5627941564417,250.0000000000005,50.00000000000035,16.170786079158894,True
29,mountainous,temperate,medium,0.2854135723368251,GreedySeeded,0,250000,5,0.06772374996216968,0.760744541999884,0.10139150975921057,0.3552441775248004,0.0018027839660846251,0.005517152676890359,0.23568134843598096,3821.5932578200955,250.0000000000001,50.000000000000306,6.167194934390604,True
29,mountainous,temperate,medium,0.2854135723368251,GreedySeeded,1,250000,5,0.07249941700138152,0.5549109170096926,0.15327819478138166,0.5370389134840913,0.0018491382184195133,0.004514333062815469,0.2565858654041465,3717.070672979268,250.0000000000001,50.00000000000021,9.012926069624184,True
29,mountainous,temperate,medium,0.2854135723368251,GreedySeeded,2,250000,5,0.07253229198977351,0.741208583000116,0.09433054140116519,0.3305047501029239,0.0008181516880750042,0.003855043072957208,0.1610393380634179,4194.80330968291,250.00000000000014,50.00000000000023,6.24967879803223,True
29,mountainous,temperate,medium,0.2854135723368251,GreedySeeded,3,250000,5,0.07600966596510261,0.44702033302746713,0.15812955828972475,0.5540365757487921,1.7141565285484264e-06,0.005714161513607189,0.29122813718675916,3543.859314066204,250.00000000000077,50.00000000000038,9.832634741924378,True
29,mountainous,temperate,medium,0.2854135723368251,GreedySeeded,4,250000,5,0.07411962503101677,0.484098749991972,0.1609443524785991,0.5638987353014306,0.0076649515735006946,0.005162427237695025,0.317267146146074,3413.6642692696305,249.99999999999955,50.00000000000013,9.30993593019448,True
29,mountainous,temperate,medium,0.2854135723368251,RandomWalkSeeded,0,250000,5,0.03407841600710526,0.9595382080296986,0.03424145788066893,0.11997137207006946,0.00013148448325929615,0.0002949469308575714,0.057533887106909785,4712.330564465452,250.00000000000045,50.0000000000003,3.3288569340552527,True
29,mountainous,temperate,medium,0.2854135723368251,RandomWalkSeeded,1,250000,5,0.030608000000938773,0.9168394590378739,0.033353496840134625,0.11686023396523401,0.0002075162442629137,0.0005037439865196753,0.061999548410163724,4690.002257949181,249.99999999999972,50.00000000000019,3.2073303818292938,True
29,mountainous,temperate,medium,0.2854135723368251,RandomWalkSeeded,2,250000,5,0.03560929198283702,0.9093168749823235,0.022972263695188313,0.08048763591409751,0.0003687053101328998,0.0003392243921134425,0.03941437724662892,4802.928113766857,250.0000000000001,50.00000000000028,2.927446410418947,True
29,mountainous,temperate,medium,0.2854135723368251,RandomWalkSeeded,3,250000,5,0.03147787501802668,0.9407588330213912,0.019071605594503452,0.0668209484165542,0.0003921599175267501,0.000874129529424376,0.0315983014213541,4842.008492893229,249.9999999999995,50.00000000000004,2.629087217050231,True
29,mountainous,temperate,medium,0.2854135723368251,RandomWalkSeeded,4,250000,5,0.03442416596226394,0.9168160419794731,0.036488322087172426,0.1278436823744018,0.001871169590167066,0.0009367904563577466,0.06711841033397017,4664.407948330149,249.9999999999996,50.00000000000032,2.891543048983204,True
30,mountainous,temperate,medium,0.3439088223734551,Spiral,0,250000,5,0.08935087500140071,0.6670919579919428,0.1977360394096203,0.5749664636253389,0.000510230922359791,0.004329549467595935,0.2815139411959455,3592.4302940202733,250.00000000000006,50.00000000000033,16.582925278054947,True
30,mountainous,temperate,medium,0.3439088223734551,Concentric,0,250000,5,0.09961808298248798,0.6811425419873558,0.19424536752807248,0.5648164713760639,0.00046432750922958293,0.003502574406137289,0.27556849674707246,3622.157516264638,250.00000000000045,50.000000000000306,16.530235343003334,True
30,mountainous,temperate,medium,0.3439088223734551,Pizza,0,250000,5,0.030661041964776814,0.6086663339519873,0.2584954527372531,0.7516394925645423,0.0021388565179965677,0.0018579379067081344,0.41098183814045924,2945.0908092977047,249.99999999999994,50.00000000000035,16.17078607915885,True
30,mountainous,temperate,medium,0.3439088223734551,GreedySeeded,0,250000,5,0.07333904097322375,0.46412412502104416,0.19410996896434682,0.5644227665481645,0.0012580979170690163,0.004147504087456484,0.34637838673730514,3268.108066313475,249.9999999999999,50.000000000000334,8.770331015289266,True
30,mountainous,temperate,medium,0.3439088223734551,GreedySeeded,1,250000,5,0.071481249993667,0.5140806249692105,0.17405131764587206,0.5060972744016071,0.0010948066948227413,0.004049272208859316,0.3097628936616884,3451.1855316915585,250.00000000000045,50.00000000000033,7.817123651451382,True
30,mountainous,temperate,medium,0.3439088223734551,GreedySeeded,2,250000,5,0.08281979104503989,0.40808854199713096,0.22133312410536976,0.6435808263884002,2.9408001020711168e-05,0.0056287952608609845,0.39642295191191507,3017.885240440425,250.0000000000007,50.00000000000026,9.802208599807981,True
30,mountainous,temperate,medium,0.3439088223734551,GreedySeeded,3,250000,5,0.0772062920150347,0.5096812500269152,0.16705728168584016,0.4857603841998286,0.0002605927708065523,0.003966814736977674,0.32901547326302283,3354.9226336848865,250.00000000000023,50.00000000000017,7.3371068263486645,True
30,mountainous,temperate,medium,0.3439088223734551,GreedySeeded,4,250000,5,0.0777974589727819,0.3708696669782512,0.22413403556060774,0.6517251695195468,0.0050433281790229385,0.006409105622082004,0.4139460971404133,2930.269514297934,249.99999999999955,50.000000000000206,10.529499144054014,True
30,mountainous,temperate,medium,0.3439088223734551,RandomWalkSeeded,0,250000,5,0.031446458015125245,0.9563026669784449,0.06347309741417756,0.18456373691178904,0.0019673748832523125,0.0005463013738578537,0.08532038090006844,4573.398095499658,250.00000000000037,50.000000000000306,3.328856927818996,True
30,mountainous,temperate,medium,0.3439088223734551,RandomWalkSeeded,1,250000,5,0.034177749999798834,0.9162812500144355,0.051347645609641016,0.14930598539249434,0.0010260166327817817,0.000567916265069859,0.08763419944718207,4561.82900276409,249.9999999999999,50.00000000000021,3.207330382495366,True
30,mountainous,temperate,medium,0.3439088223734551,RandomWalkSeeded,2,250000,5,0.03064716700464487,0.9182036250131205,0.05394949819449284,0.1568715156016218,0.0007823669888174179,0.0005908109126903081,0.0729246515509396,4635.376742245303,249.99999999999983,50.00000000000028,2.927446412259817,True
30,mountainous,temperate,medium,0.3439088223734551,RandomWalkSeeded,3,250000,5,0.033350624958984554,0.9313942500157282,0.03932484975997945,0.11434673146382991,9.34866603343388e-05,0.0003750749405036325,0.06488821212910643,4675.558939354469,250.0,50.000000000000355,2.629087211986533,True
30,mountainous,temperate,medium,0.3439088223734551,RandomWalkSeeded,4,250000,5,0.030272250005509704,0.9280435410328209,0.05123709801538993,0.14898454090762142,0.002809122155488339,0.0008880224129363697,0.08258155347145468,4587.092232642727,249.99999999999955,50.00000000000032,2.8915430470088492,True
31,flat,dry,medium,0.1842585955569101,Spiral,0,250000,5,0.03212925000116229,0.4352408340200782,0.18095303670465956,0.9820602189967872,7.328482997967324e-05,0.0034381224685394144,0.567999092892058,2160.0045355397097,209.08052954217996,41.81610590843656,13.85676913757789,True
31,flat,dry,medium,0.1842585955569101,Concentric,0,250000,5,0.03914166695903987,0.5270437090075575,0.18020663663394254,0.9780093899515474,8.313701009297471e-05,0.004700478756156866,0.5712611750738874,2143.694124630563,207.58626227618984,41.517252455238264,13.687792475322818,True
31,flat,dry,medium,0.1842585955569101,Pizza,0,250000,5,0.00640816695522517,0.4634319170145318,0.1801608240899812,0.9777607581641244,0.0010299832647764847,0.002166894906805529,0.6589301773623475,1705.3491131882624,212.16980046766005,42.43396009353509,13.691072804383985,True
31,flat,dry,medium,0.1842585955569101,GreedySeeded,0,250000,5,0.06541795801604167,0.8253314159810543,0.13842426512954126,0.7512499740441555,0.011477896223149986,0.0049310819294483025,0.5450062746956343,2274.968626521828,250.0,50.00000000000016,5.05611184053733,True
31,flat,dry,medium,0.1842585955569101,GreedySeeded,1,250000,5,0.06558408302953467,0.8533252500346862,0.12204157569985151,0.6623385754731739,0.0037074751580344527,0.005182780981615275,0.5406185047282344,2296.907476358828,250.0000000000001,50.000000000000284,4.551838488811983,True
31,flat,dry,medium,0.1842585955569101,GreedySeeded,2,250000,5,0.06451695802388713,0.8445144160068594,0.13375971933213882,0.7259347599381099,0.008873682826130401,0.0033261894623855823,0.4864200779809704,2567.899610095147,250.00000000000068,50.00000000000032,4.930969873024554,True
31,flat,dry,medium,0.1842585955569101,GreedySeeded,3,250000,5,0.06316245801281184,0.8287101250025444,0.14125884894525795,0.7666337004160478,0.012130539276115307,0.0053929801579721305,0.5919252372029242,2040.3738139853776,249.99999999999986,50.00000000000007,4.1778682118024575,True
31,flat,dry,medium,0.1842585955569101,GreedySeeded,4,250000,5,0.06257837498560548,0.8431474170065485,0.13679400614257375,0.7424023054616389,0.0041155458006640454,0.0054077882307169475,0.5719130358584117,2140.434820707941,249.99999999999955,49.99999999999999,4.685448348399217,True
31,flat,dry,medium,0.1842585955569101,RandomWalkSeeded,0,250000,5,0.03391383303096518,0.9824332499993034,0.06471870750444239,0.3512384717186959,0.0026115813862357543,0.0005816052432896139,0.16332353374436606,4183.38233127817,250.0000000000001,50.00000000000029,3.319244146493128,True
31,flat,dry,medium,0.1842585955569101,RandomWalkSeeded,1,250000,5,0.030618959048297256,0.9477969580329955,0.051097406575051976,0.2773135571809459,5.181631009416338e-06,0.000535618580340839,0.17367335675632137,4131.633216218393,249.99999999999983,50.000000000000114,3.1087145419828177,True
31,flat,dry,medium,0.1842585955569101,RandomWalkSeeded,2,250000,5,0.0341221250128001,0.9478497080272064,0.05356834058491629,0.2907236996082019,0.0020950155543969463,0.0003783151490791436,0.15095696917357063,4245.215154132146,249.99999999999972,50.000000000000156,2.934966598835105,True
31,flat,dry,medium,0.1842585955569101,RandomWalkSeeded,3,250000,5,0.02988604101119563,0.9422528750146739,0.05147874379962739,0.2793831334925576,0.0019561379107696174,0.0005985644490519654,0.16820078013215592,4158.99609933922,250.00000000000045,50.00000000000028,2.6340118457033164,True
31,flat,dry,medium,0.1842585955569101,RandomWalkSeeded,4,250000,5,0.033900082984473556,0.9513405409525149,0.053215945458753994,0.2888111965572739,0.001582681966611489,0.0005195308492909316,0.15682070461557684,4215.896476922116,249.99999999999946,50.00000000000003,2.827196248781666,True
32,flat,dry,medium,0.20566176345814183,Spiral,0,250000,5,0.03220829099882394,0.425431708979886,0.2018623938797171,0.981526125641736,0.0009719703183797238,0.004406076850278481,0.5776115421889593,2111.9422890552037,209.08052954217987,41.81610590843667,13.856769137577507,True
32,flat,dry,medium,0.20566176345814183,Concentric,0,250000,5,0.03843233303632587,0.4874335409840569,0.2008496892726358,0.9766019988130393,0.0009371496948151118,0.004604379389643552,0.573747719088461,2131.2614045576943,207.5862622761909,41.51725245523872,13.687792475253099,True
32,flat,dry,medium,0.20566176345814183,Pizza,0,250000,5,0.006986583990510553,0.4586726250126958,0.20081390539648508,0.976428004991587,0.001796068836125034,0.0028401840648566764,0.5966947700227282,2016.5261498863588,212.1698004676618,42.43396009353492,13.691072804384115,True
32,flat,dry,medium,0.20566176345814183,GreedySeeded,0,250000,5,0.08039841701975092,0.4977254999685101,0.15644983957664887,0.7607142764215915,0.00341320557568805,0.005257955346053528,0.5083546289739633,2458.2268551301836,249.99999999999991,50.0000000000001,8.797226897424013,True
32,flat,dry,medium,0.20566176345814183,GreedySeeded,1,250000,5,0.07097833300940692,0.544696583005134,0.1340480841868714,0.6517890439763446,0.003413212344799791,0.005270289356329057,0.43596935351545,2820.15323242275,250.00000000000017,50.0000000000001,7.472086748892363,True
32,flat,dry,medium,0.20566176345814183,GreedySeeded,2,250000,5,0.07055441598640755,0.42007295798975974,0.16551252323872873,0.8047802394362691,0.0034132123686801603,0.005258114860041069,0.5014889151528278,2492.5554242358603,249.99999999999986,50.00000000000006,9.331350289658289,True
32,flat,dry,medium,0.20566176345814183,GreedySeeded,3,250000,5,0.06828108301851898,0.4388539170031436,0.1538680612752491,0.7481607601140975,0.0034132120302409383,0.005269275454242029,0.4854191014368836,2572.9044928155818,249.99999999999957,50.00000000000016,8.668480355911077,True
32,flat,dry,medium,0.20566176345814183,GreedySeeded,4,250000,5,0.07112237496767193,0.329311957990285,0.17302633668109488,0.8413150493884138,0.0034132055664685204,0.005271769113116923,0.5306209229599465,2346.895385200268,249.99999999999991,50.0000000000001,9.827204139511242,True
32,flat,dry,medium,0.20566176345814183,RandomWalkSeeded,0,250000,5,0.03675741597544402,0.988860042009037,0.0549271383144147,0.26707511105045045,0.0019841739197407906,0.0006267732080509905,0.12275002332560424,4386.249883371979,249.99999999999966,50.0,3.3192441108212742,True
32,flat,dry,medium,0.20566176345814183,RandomWalkSeeded,1,250000,5,0.030397708003874868,0.9576325420057401,0.047589932125381186,0.23139902782690633,0.0008720075223675548,0.0008816822165604183,0.13440726795030797,4327.96366024846,250.00000000000028,50.00000000000016,3.1087145104356,True
32,flat,dry,medium,0.20566176345814183,RandomWalkSeeded,2,250000,5,0.03352712496416643,0.7441481669666246,0.049509652273232146,0.24073338398320604,0.0016027130394428738,0.0008776663979396767,0.12354933036070691,4382.253348196465,250.00000000000017,50.000000000000156,2.934966583279222,True
32,flat,dry,medium,0.20566176345814183,RandomWalkSeeded,3,250000,5,0.030191667028702796,0.7242439169785939,0.0434352427548909,0.21119746337160644,0.0013778750427809632,0.0007991559998801367,0.11894972043193215,4405.251397840339,250.0000000000001,50.000000000000135,2.6340118256848175,True
32,flat,dry,medium,0.20566176345814183,RandomWalkSeeded,4,250000,5,0.034709916973952204,0.8287583330529742,0.04536516040446892,0.22058140337643295,0.0019370702937017547,0.00105505731603353,0.1277852182469755,4361.073908765122,250.00000000000023,50.00000000000021,2.827196227333632,True
33,flat,dry,medium,0.24695711050420116,Spiral,0,250000,5,0.033713667013216764,0.42864624998765066,0.24098262319532637,0.9758075914612179,0.0037779927722745403,0.00538759616146176,0.5909048668361331,2045.4756658193346,209.08052954217996,41.816105908436455,13.856769137577862,True
33,flat,dry,medium,0.24695711050420116,Concentric,0,250000,5,0.03949695802293718,0.5340494170086458,0.23810413123147922,0.9641517539031486,0.003559912090308195,0.0041386409044419275,0.5853793063962139,2073.10346801893,207.58626227618984,41.51725245523826,13.687792475322835,True
33,flat,dry,medium,0.24695711050420116,Pizza,0,250000,5,0.006562416965607554,0.46689545799745247,0.23861954393297458,0.9662388074018029,0.00683011863866711,0.007922685573283577,0.6455235927885333,1772.3820360573325,212.16980046766,42.43396009353509,13.691072804383973,True
33,flat,dry,medium,0.24695711050420116,GreedySeeded,0,250000,5,0.06567991699557751,0.8277674589771777,0.1957049288130693,0.792465252016868,0.018278688459449015,0.01945253240488742,0.5985904659136917,2007.0476704315417,250.0000000000007,50.0000000000004,5.096850633836797,True
33,flat,dry,medium,0.24695711050420116,GreedySeeded,1,250000,5,0.06663045904133469,0.8437735000043176,0.17698758847788293,0.7166733855791209,0.010835706750214391,0.018626710587344313,0.6034752413189834,1982.6237934050823,250.00000000000057,50.00000000000025,4.815851019722186,True
33,flat,dry,medium,0.24695711050420116,GreedySeeded,2,250000,5,0.06453924998641014,0.8457162500126287,0.1859566936378845,0.7529918586196005,0.019723798248843093,0.022474546676555573,0.5761783094803866,2119.108452598067,250.00000000000054,50.000000000000384,4.67792090638024,True
33,flat,dry,medium,0.24695711050420116,GreedySeeded,3,250000,5,0.06481787498341873,0.916150540986564,0.18339854148250556,0.7426331686019044,0.011372288670173163,0.021597239358093358,0.5746987348717791,2126.506325641104,249.99999999999943,50.000000000000064,4.483056794378585,True
33,flat,dry,medium,0.24695711050420116,GreedySeeded,4,250000,5,0.059256375010591,0.83885487500811,0.1953265719623464,0.7909331768725224,0.010333030122193413,0.020853423458944313,0.6590884120277346,1704.5579398613268,250.0000000000001,50.00000000000032,4.663568784275945,True
33,flat,dry,medium,0.24695711050420116,RandomWalkSeeded,0,250000,5,0.034248167008627206,0.9873237089486793,0.0939276189089259,0.38033980360864333,0.001401294423950856,0.0011760651831096494,0.2045041752141354,3977.4791239293227,250.0000000000001,50.00000000000029,3.3192441362749148,True
33,flat,dry,medium,0.24695711050420116,RandomWalkSeeded,1,250000,5,0.030707083002198488,0.9646290829987265,0.09502597050903709,0.38478734349874305,0.004077803218433602,0.002765715151832284,0.23578038216782551,3821.0980891608715,249.99999999999983,50.000000000000114,3.1087145320431326,True
33,flat,dry,medium,0.24695711050420116,RandomWalkSeeded,2,250000,5,0.03380095795728266,0.9329886249615811,0.08216655243203194,0.332715880357833,0.0031287165644700915,0.002633023940273354,0.1959261904176093,4020.369047911953,249.99999999999972,50.000000000000156,2.9349665901601774,True
33,flat,dry,medium,0.24695711050420116,RandomWalkSeeded,3,250000,5,0.03072383301332593,0.9718439999851398,0.06895984845803366,0.27923815725427564,0.0025933673260165567,0.002152515466298108,0.1548412834344797,4225.7935828276,250.00000000000045,50.00000000000028,2.634011840648679,True
33,flat,dry,medium,0.24695711050420116,RandomWalkSeeded,4,250000,5,0.034052542003337294,0.948583833000157,0.07336644323015495,0.2970817203050603,0.005705426374446433,0.0035547227562252965,0.19960055309973407,4001.9972345013293,249.99999999999946,50.00000000000003,2.827196243471576,True
34,flat,dry,medium,0.04587010699413312,Spiral,0,250000,5,0.03357500000856817,0.4375064169871621,0.04532403745829745,0.9880953071265889,6.003046621134354e-17,0.0022136744259451248,0.5355064094104989,2322.467952947506,209.08052954218013,41.81610590843614,13.856769137577395,True
34,flat,dry,medium,0.04587010699413312,Concentric,0,250000,5,0.03596866596490145,0.5203906249953434,0.044684406493577924,0.9741509105111342,8.762550020152484e-17,0.0005277600952317205,0.48920016617457096,2553.9991691271453,207.58626227618961,41.5172524552382,13.687792475332936,True
34,flat,dry,medium,0.04587010699413312,Pizza,0,250000,5,0.009681458002887666,0.46325095900101587,0.044991711934259854,0.9808503812736776,5.860657472406499e-09,3.5709347028124743e-06,0.5792185077353054,2103.907461323474,212.16980046766176,42.43396009353442,13.691072804383777,True
34,flat,dry,medium,0.04587010699413312,GreedySeeded,0,250000,5,0.05742149997968227,0.9200922499876469,0.02388566948898061,0.5207240849042633,2.0406766855599625e-05,5.550335998436107e-06,0.42877444186261604,2856.1277906869204,249.99999999999977,50.000000000000135,3.197645951384223,True
34,flat,dry,medium,0.04587010699413312,GreedySeeded,1,250000,5,0.06516754103358835,0.9216884999768808,0.04022898191567645,0.8770195788037255,1.015607658443284e-48,7.3873840051673586e-06,0.3933478602696504,3033.2606986517476,250.0,50.00000000000014,3.787209044959524,True
34,flat,dry,medium,0.04587010699413312,GreedySeeded,2,250000,5,0.06372291600564495,0.9540259999921545,0.02454872651941473,0.5351791859250419,2.3874363041363738e-06,6.568814082768235e-07,0.41740468561959576,2912.9765719020206,250.0000000000002,50.000000000000135,3.3319976789669914,True
34,flat,dry,medium,0.04587010699413312,GreedySeeded,3,250000,5,0.05632570799207315,0.9192299580317922,0.015255371957866897,0.3325776405932101,2.4674535809560185e-88,1.0414293433082023e-23,0.007219535231386394,4963.902323843067,249.99999999999983,50.00000000000014,2.7559951456198726,True
34,flat,dry,medium,0.04587010699413312,GreedySeeded,4,250000,5,0.0622220829827711,0.9116641250438988,0.040202318430381245,0.8764382964165138,0.00024289076543775815,6.337774385795623e-05,0.591614757112704,2041.9262144364798,250.0000000000002,50.00000000000022,3.4167888640435655,True
34,flat,dry,medium,0.04587010699413312,RandomWalkSeeded,0,250000,5,0.034279667015653104,0.97681104199728,0.008476021502354911,0.18478312037595665,5.3221772909830555e-06,1.0386716883412491e-06,0.093578692603992,4532.10653698004,249.99999999999963,50.0,3.3192441814945632,True
34,flat,dry,medium,0.04587010699413312,RandomWalkSeeded,1,250000,5,0.030742584029212594,0.9253236660151742,0.007435814683198127,0.16210589358662678,4.777101529956116e-49,1.411867657930891e-06,0.10747752759931625,4462.612362003419,250.00000000000023,50.00000000000016,3.1087145677448964,True
34,flat,dry,medium,0.04587010699413312,RandomWalkSeeded,2,250000,5,0.03127350000431761,0.9291870409506373,0.003535465197078901,0.07707558208946612,5.919861119774531e-08,2.282387416601443e-08,0.03273524185686926,4836.323790715654,250.0000000000002,50.00000000000011,2.9349666228358093,True
34,flat,dry,medium,0.04587010699413312,RandomWalkSeeded,3,250000,5,0.030801292043179274,0.9240710830199532,0.0009786030565374225,0.02133422223459361,2.1383230335417735e-89,8.864112440871713e-25,0.0006578523686040905,4996.710738156979,250.00000000000017,50.00000000000016,2.6340118681710902,True
34,flat,dry,medium,0.04587010699413312,RandomWalkSeeded,4,250000,5,0.030539333005435765,0.9387942500179633,0.00997401463935572,0.21744040493804423,7.084427126173116e-05,9.23075336340619e-06,0.09890097246318898,4505.495137684055,250.00000000000023,50.00000000000021,2.827196270409853,True
35,flat,dry,medium,0.2319973728160873,Spiral,0,250000,5,0.032433874963317066,0.4436230839928612,0.22875112544479392,0.9860073959808726,5.45303691002303e-07,0.006899775090585427,0.5719808643501707,2140.095678249147,209.08052954217996,41.81610590843656,13.85676913757789,True
35,flat,dry,medium,0.2319973728160873,Concentric,0,250000,5,0.0377115830196999,0.5314736659638584,0.2270236234616006,0.9785611824215373,1.1107193059272644e-06,0.005505719646015045,0.5480842444482005,2259.578777758998,207.58626227618984,41.51725245523826,13.687792475322816,True
35,flat,dry,medium,0.2319973728160873,Pizza,0,250000,5,0.006902290973812342,0.46722779102856293,0.2271315122825715,0.9790262257091458,0.0006773258525014584,0.0004138123257712959,0.5707762779107087,2146.1186104464564,212.16980046766005,42.43396009353509,13.691072804384,True
35,flat,dry,medium,0.2319973728160873,GreedySeeded,0,250000,5,0.059281666995957494,0.8482124999864027,0.10173225509622683,0.43850606522546126,0.003624355654725701,0.001704129202577103,0.2990001697451484,3504.9991512742586,250.00000000000003,50.000000000000206,4.36140558718073,True
35,flat,dry,medium,0.2319973728160873,GreedySeeded,1,250000,5,0.06602454098174348,0.6257588750449941,0.21036522020470785,0.9067569069908045,8.873981502022218e-10,0.0005172670740110846,0.4878881288675854,2560.5593556620734,250.00000000000006,50.00000000000031,6.770456190889169,True
35,flat,dry,medium,0.2319973728160873,GreedySeeded,2,250000,5,0.08143129205564037,0.8449165409547277,0.16432153808480485,0.7082905124751929,0.0035101170824931947,0.001130192691008903,0.48472922988005523,2576.3538505997235,249.99999999999923,50.00000000000005,5.629339774002182,True
35,flat,dry,medium,0.2319973728160873,GreedySeeded,3,250000,5,0.06769687501946464,0.6733775000320747,0.16859972146802182,0.7267311669157431,0.0016532383435730134,0.001141608387655303,0.5075583852673605,2462.2080736631974,249.9999999999995,50.00000000000006,6.260598490569096,True
35,flat,dry,medium,0.2319973728160873,GreedySeeded,4,250000,5,0.0661224169889465,0.6488549580099061,0.1862318337691532,0.8027325116167842,0.0037720965109647895,0.0012446367825408677,0.45780406608404084,2710.9796695797963,249.99999999999974,50.000000000000185,6.4145695924057495,True
35,flat,dry,medium,0.2319973728160873,RandomWalkSeeded,0,250000,5,0.03412224998464808,0.9972757920040749,0.03806579796405171,0.16407857339931106,0.0016686809512209382,0.0002554940826031747,0.07737430525529831,4613.128473723508,250.0000000000001,50.00000000000029,3.3192441347748387,True
35,flat,dry,medium,0.2319973728160873,RandomWalkSeeded,1,250000,5,0.03040341701125726,0.9509836669894867,0.03521803802463154,0.1518036070716635,1.9296411306751855e-07,0.00013664939705093653,0.0939171546118306,4530.414226940847,249.99999999999983,50.000000000000114,3.1087145294305554,True
35,flat,dry,medium,0.2319973728160873,RandomWalkSeeded,2,250000,5,0.0362839589943178,0.9483037080499344,0.04793835421216015,0.2066331770496497,0.0006197351907199501,9.333225382567744e-05,0.07559658331706402,4622.01708341468,249.99999999999972,50.000000000000156,2.9349665899233996,True
35,flat,dry,medium,0.2319973728160873,RandomWalkSeeded,3,250000,5,0.030248042021412402,0.9525004579918459,0.03818003143425554,0.16457096462261334,2.108330192998326e-05,5.125317762062886e-05,0.09532805080206978,4523.359745989651,250.00000000000045,50.00000000000028,2.6340118387045255,True
35,flat,dry,medium,0.2319973728160873,RandomWalkSeeded,4,250000,5,0.03087654197588563,0.9573944159783423,0.03961424025361838,0.17075296919427627,0.002319838186027133,0.00042251638291702996,0.11077117345306157,4446.144132734692,249.99999999999946,50.00000000000003,2.8271962423312775,True
36,flat,dry,medium,0.2862299913072013,Spiral,0,250000,5,0.03347837500041351,0.42754016700200737,0.28039934842552006,0.9796295180143321,0.0012561925611371478,0.0062181776849597956,0.5722806796395198,2138.596601802401,209.08052954218007,41.81610590843638,13.856769137577853,True
36,flat,dry,medium,0.2862299913072013,Concentric,0,250000,5,0.03846129198791459,0.4864536660024896,0.27859650142856796,0.973330922298633,0.0012111897424912797,0.006179416999732288,0.5694082679448325,2152.958660275837,207.58626227618834,41.517252455238264,13.687792475263514,True
36,flat,dry,medium,0.2862299913072013,Pizza,0,250000,5,0.00655304198153317,0.465276165981777,0.278609183157203,0.973375228377731,0.0023217029162432502,0.003670880042692919,0.577870459113841,2110.6477044307944,212.16980046766008,42.43396009353559,13.69107280438368,True
36,flat,dry,medium,0.2862299913072013,GreedySeeded,0,250000,5,0.07068933401023969,0.3625652079936117,0.26301338833524845,0.918888293760121,0.004480824735245609,0.006821392625595104,0.5733861836426389,2133.0690817868044,249.9999999999999,50.00000000000016,11.686952290354395,True
36,flat,dry,medium,0.2862299913072013,GreedySeeded,1,250000,5,0.07150270795682445,0.3646094999858178,0.24982175776205545,0.8728007733261255,0.00447682066813262,0.006753537059184774,0.4735761526181384,2632.1192369093073,249.99999999999955,50.00000000000025,10.848835077124479,True
36,flat,dry,medium,0.2862299913072013,GreedySeeded,2,250000,5,0.07130300003336743,0.3932805419899523,0.25325451863673315,0.8847937893584441,0.004475563028531313,0.00681386758223143,0.5781236621848099,2109.38168907595,250.0000000000005,50.0000000000003,11.139570808286688,True
36,flat,dry,medium,0.2862299913072013,GreedySeeded,3,250000,5,0.0701663339859806,0.41591466701356694,0.25419258712501036,0.888071113596876,0.004477050897532047,0.006813860410067461,0.488089749202614,2559.5512539869287,249.99999999999926,50.0,11.19165765058114,True
36,flat,dry,medium,0.2862299913072013,GreedySeeded,4,250000,5,0.07200066704535857,0.5201133329537697,0.2157753083667009,0.7538528977388548,0.004480551788544581,0.006817314822465358,0.4818431608048073,2590.784195975962,249.99999999999977,50.00000000000007,9.167208191453334,True
36,flat,dry,medium,0.2862299913072013,RandomWalkSeeded,0,250000,5,0.030034750001505017,0.9833217919804156,0.07149755766396684,0.24979058741343024,0.0025643839578356926,0.0008100571188249732,0.1147903407136308,4426.048296431845,250.00000000000009,50.00000000000029,3.319244178097845,True
36,flat,dry,medium,0.2862299913072013,RandomWalkSeeded,1,250000,5,0.03354416601359844,0.9659783749957569,0.06610010534662053,0.23093354069831715,0.0011269987766968164,0.0011395034098880034,0.13106184971465565,4344.69075142672,249.99999999999977,50.000000000000114,3.108714566657965,True
36,flat,dry,medium,0.2862299913072013,RandomWalkSeeded,2,250000,5,0.030134000000543892,0.9382392910192721,0.06410138311686182,0.22395061685923717,0.002071376207789262,0.0011343124130292568,0.11479917495085933,4426.004125245703,249.99999999999977,50.00000000000011,2.9349666206329914,True
36,flat,dry,medium,0.2862299913072013,RandomWalkSeeded,3,250000,5,0.03039183298824355,0.9453420409699902,0.05655933494243114,0.19760100849015455,0.0017807913897760947,0.0010328441110336053,0.11073435767865547,4446.328211606722,250.00000000000045,50.00000000000032,2.6340118632703753,True
36,flat,dry,medium,0.2862299913072013,RandomWalkSeeded,4,250000,5,0.031879000016488135,0.9609101670212112,0.060962756095559345,0.21298521450231264,0.0025038819222203616,0.001363795721600282,0.12028596262434064,4398.570186878296,249.99999999999946,50.000000000000014,2.827196264488607,True
37,flat,dry,medium,0.09922661774296908,Spiral,0,250000,5,0.030705417040735483,0.42265004198998213,0.09689174913797696,0.9764693319383291,0.0005447103489225433,0.0021181385969521816,0.5643183964966594,2178.4080175167032,209.08052954217985,41.81610590843667,13.856769137577496,True
37,flat,dry,medium,0.09922661774296908,Concentric,0,250000,5,0.035884124983567744,0.4938266249955632,0.09634701630114811,0.9709795465438505,0.0004835772123611668,0.0018757852462873371,0.5571562712858437,2214.2186435707818,207.5862622761909,41.51725245523872,13.687792475253111,True
37,flat,dry,medium,0.09922661774296908,Pizza,0,250000,5,0.009762959030922502,0.4680663330364041,0.09616167160718159,0.9691116536519793,0.0010703291893199513,0.0014922523154958702,0.5638170211436447,2180.914894281776,212.16980046766176,42.43396009353492,13.691072804384115,True
37,flat,dry,medium,0.09922661774296908,GreedySeeded,0,250000,5,0.06863787502516061,0.4205934170167893,0.0720170434865819,0.7257835158014829,0.0037583868814206264,0.0037319420375857156,0.451589639442191,2742.051802789045,250.00000000000028,50.000000000000135,6.297265728920673,True
37,flat,dry,medium,0.09922661774296908,GreedySeeded,1,250000,5,0.0709143330459483,0.6952422499889508,0.0686032980130981,0.6913799903046594,0.0037966084035853634,0.003722055163514376,0.4730191687075571,2634.904156462214,249.99999999999983,50.00000000000012,6.149514857712539,True
37,flat,dry,medium,0.09922661774296908,GreedySeeded,2,250000,5,0.07032100000651553,0.5254827910102904,0.0715658650715643,0.7212365663510208,0.003827160314878319,0.0037785826870605486,0.49231340086950826,2538.432995652459,250.00000000000028,50.000000000000156,6.232658180307582,True
37,flat,dry,medium,0.09922661774296908,GreedySeeded,3,250000,5,0.06474374997196719,0.6778448330005631,0.052494432481003196,0.5290357937724105,0.0038106088128769373,0.003787832657687967,0.35385541213299854,3230.722939335007,249.99999999999983,50.00000000000007,4.9211226448074195,True
37,flat,dry,medium,0.09922661774296908,GreedySeeded,4,250000,5,0.06561329198302701,0.5224368330091238,0.055664166037370205,0.560980181563373,0.0036981844386399414,0.004110793365338695,0.3939432472000369,3030.2837639998156,250.00000000000026,50.00000000000013,4.755598010468446,True
37,flat,dry,medium,0.09922661774296908,RandomWalkSeeded,0,250000,5,0.03049000003375113,0.8550427500158548,0.02704321130427966,0.27253988818132285,0.0006427382245894582,0.000297576048530814,0.12637590488233655,4368.120475588317,249.99999999999966,50.0,3.3192441298632156,True
37,flat,dry,medium,0.09922661774296908,RandomWalkSeeded,1,250000,5,0.031799166987184435,0.7087410840322264,0.02376560383598462,0.23950835346968768,0.0007187851812806639,0.00038792137612223725,0.14346053451460558,4282.697327426972,250.00000000000028,50.00000000000016,3.1087145289298856,True
37,flat,dry,medium,0.09922661774296908,RandomWalkSeeded,2,250000,5,0.03253683296497911,0.7348169169854373,0.022321373443167855,0.2249534847694583,0.00043585195390831357,0.0004858513779590687,0.12153782284444863,4392.310885777757,250.00000000000017,50.000000000000156,2.934966588209107,True
37,flat,dry,medium,0.09922661774296908,RandomWalkSeeded,3,250000,5,0.030428208992816508,0.9228460000013001,0.017498696509234555,0.1763508311304349,0.00015530013919589763,0.00031321965240476416,0.10709276856796607,4464.53615716017,250.0000000000001,50.000000000000135,2.6340118344251477,True
37,flat,dry,medium,0.09922661774296908,RandomWalkSeeded,4,250000,5,0.033010833023581654,0.9388026660308242,0.020896419679580863,0.21059288480143248,0.0006324654712900511,0.0005542659014970015,0.11141811931607394,4442.90940341963,250.00000000000023,50.00000000000021,2.8271962378275193,True
38,flat,dry,medium,0.1441807075905264,Spiral,0,250000,5,0.03278599999612197,0.42024400003720075,0.1420419177816146,0.9851659085001443,0.00037758051980447363,0.002263397140887986,0.5778543465947971,2110.728267026014,209.08052954217987,41.81610590843667,13.856769137577507,True
38,flat,dry,medium,0.1441807075905264,Concentric,0,250000,5,0.037199666956439614,0.47446887503610924,0.14104111883735826,0.9782246265423764,0.00037438268916901226,0.004783326894070504,0.5770243196309505,2114.878401845247,207.5862622761909,41.51725245523872,13.687792475253099,True
38,flat,dry,medium,0.1441807075905264,Pizza,0,250000,5,0.00971891701919958,0.46076916600577533,0.14118828366825686,0.979245323647821,0.00046983834723988315,0.0012648479998280558,0.6041303450670047,1979.3482746649763,212.1698004676618,42.43396009353492,13.691072804384115,True
38,flat,dry,medium,0.1441807075905264,GreedySeeded,0,250000,5,0.06536208395846188,0.7172987089725211,0.13084288006212746,0.9074922869273301,0.0005199249200767233,0.0036771459043742696,0.6775282028915298,1612.358985542351,249.99999999999994,50.00000000000004,6.114006989901961,True
38,flat,dry,medium,0.1441807075905264,GreedySeeded,1,250000,5,0.05961408297298476,0.6595495420042425,0.12867518384461035,0.8924577080731787,0.0012742963987315368,0.0041029072152314935,0.6930639765464525,1534.680117267737,250.0000000000005,50.000000000000234,5.541534112261668,True
38,flat,dry,medium,0.1441807075905264,GreedySeeded,2,250000,5,0.05979075003415346,0.7795382920303382,0.1178566446438967,0.8174231255585864,0.0003829752643664907,0.0040139079476798414,0.6398156584888657,1800.921707555671,249.99999999999977,50.00000000000004,4.805005386202355,True
38,flat,dry,medium,0.1441807075905264,GreedySeeded,3,250000,5,0.06063858402194455,0.7675360839930363,0.1155023308267221,0.8010942154254717,0.0033058383218812857,0.00391269887869173,0.6355819716740996,1822.0901416295012,250.00000000000003,50.00000000000012,4.577236490184885,True
38,flat,dry,medium,0.1441807075905264,GreedySeeded,4,250000,5,0.06771149998530746,0.7216407499508932,0.1300413898751387,0.9019333588267342,0.0026684894654939832,0.004587715829573725,0.6958299591874451,1520.850204062774,250.00000000000006,50.000000000000135,6.2262966359890495,True
38,flat,dry,medium,0.1441807075905264,RandomWalkSeeded,0,250000,5,0.030534917023032904,0.9731950829736888,0.023951563409472562,0.16612183287028295,0.0006053647274741244,0.0002000949547565722,0.06995351298130854,4650.232435093456,249.99999999999966,50.0,3.3192441325251862,True
38,flat,dry,medium,0.1441807075905264,RandomWalkSeeded,1,250000,5,0.033068457967601717,0.8143689999706112,0.03684311862254405,0.25553431688779477,0.0001924806373825288,0.000538618981893941,0.12478959667423056,4376.052016628846,250.00000000000028,50.00000000000016,3.108714529672716,True
38,flat,dry,medium,0.1441807075905264,RandomWalkSeeded,2,250000,5,0.03199874999700114,0.9196916670189239,0.03758427970144959,0.26067481793881225,0.0011264146851620084,0.00037461451361987715,0.0968425303749969,4515.787348125015,250.00000000000017,50.000000000000156,2.9349665903541275,True
38,flat,dry,medium,0.1441807075905264,RandomWalkSeeded,3,250000,5,0.03478624997660518,0.9386626670020632,0.04798518734613877,0.3328128162778673,0.0005735435585770803,0.0003176281485172566,0.179013480080288,4104.932599598559,250.0000000000001,50.000000000000135,2.634011838560616,True
38,flat,dry,medium,0.1441807075905264,RandomWalkSeeded,4,250000,5,0.02960487501695752,0.9292066659545526,0.03923827293518138,0.2721464861069914,0.00023035573811169385,0.0003878689632004205,0.15654345471654432,4217.282726417277,250.00000000000023,50.00000000000021,2.8271962392532046,True
39,flat,dry,medium,0.15831204945463923,Spiral,0,250000,5,0.03306254098424688,0.4277181659708731,0.1554421319173917,0.9818717681494621,0.0006316918309442804,0.002587162443516464,0.5695176144596156,2152.411927701922,209.08052954218007,41.81610590843637,13.856769137577844,True
39,flat,dry,medium,0.15831204945463923,Concentric,0,250000,5,0.03942570899380371,0.4787816249881871,0.15464692381910722,0.9768487259930131,0.0007356801024651633,0.0025037440750976863,0.5705067068581896,2147.466465709052,207.58626227618836,41.51725245523828,13.687792475263524,True
39,flat,dry,medium,0.15831204945463923,Pizza,0,250000,5,0.006374584045261145,0.47283445904031396,0.1546498600421202,0.97686727305259,0.0008558203926478205,0.002363525232446588,0.6255285269024532,1872.3573654877341,212.16980046766008,42.4339600935356,13.691072804383682,True
39,flat,dry,medium,0.15831204945463923,GreedySeeded,0,250000,5,0.05908945796545595,0.8985572920064442,0.10607650644445811,0.6700469535318091,0.020331768243691217,0.010143908145064965,0.5500939386496916,2249.5303067515424,250.0,50.0000000000002,4.417868628502736,True
39,flat,dry,medium,0.15831204945463923,GreedySeeded,1,250000,5,0.06348420900758356,0.9457314169849269,0.0946660654276098,0.597971321536926,0.020321951466019037,0.011565071756441607,0.5120346741428776,2439.826629285612,249.9999999999999,50.00000000000025,4.186322831966918,True
39,flat,dry,medium,0.15831204945463923,GreedySeeded,2,250000,5,0.06602366600418463,0.8804968339973129,0.09531992448968915,0.6021015129173787,0.020324628574418142,0.010027662989402927,0.4661432589029556,2669.2837054852216,249.99999999999955,50.00000000000012,4.418189306934616,True
39,flat,dry,medium,0.15831204945463923,GreedySeeded,3,250000,5,0.058759542007464916,0.9120333750033751,0.1143522640538682,0.7223219233646095,0.02032165030501593,0.012316890632139824,0.5497191007842468,2251.4044960787664,249.99999999999932,50.00000000000017,4.097070725392037,True
39,flat,dry,medium,0.15831204945463923,GreedySeeded,4,250000,5,0.06252108298940584,0.8322897080215625,0.12598979861148424,0.7958320231814306,0.020328151280334935,0.010159544412469208,0.6656822476635679,1671.58876168216,249.9999999999993,50.00000000000003,4.815720549712756,True
39,flat,dry,medium,0.15831204945463923,RandomWalkSeeded,0,250000,5,0.033589250000659376,0.9691529159899801,0.055528990294277755,0.3507565626594225,0.0005421691077367733,0.00027910752654411805,0.16292631398256185,4185.368430087191,250.00000000000009,50.00000000000029,3.3192441277252223,True
39,flat,dry,medium,0.15831204945463923,RandomWalkSeeded,1,250000,5,0.03046824998455122,0.9288774579763412,0.05777460131919361,0.36494127590551867,0.00039384698819634777,0.0008029033425361745,0.23723524458691322,3813.823777065434,249.99999999999977,50.000000000000114,3.108714525922764,True
39,flat,dry,medium,0.15831204945463923,RandomWalkSeeded,2,250000,5,0.03330279199872166,0.9281525000114925,0.05185345326976552,0.32753952367108335,0.0002151692689548338,0.0007219210386029374,0.18041332229443197,4097.93338852784,249.99999999999972,50.00000000000011,2.9349665868461106,True
39,flat,dry,medium,0.15831204945463923,RandomWalkSeeded,3,250000,5,0.029570250015240163,0.9317971249693073,0.02701995557140078,0.17067529391780595,0.00033800568831641976,0.0004776862310361249,0.09129412491522881,4543.529375423856,250.00000000000045,50.00000000000032,2.6340118351287996,True
39,flat,dry,medium,0.15831204945463923,RandomWalkSeeded,4,250000,5,0.033258499985095114,0.9433055420522578,0.036682781909218226,0.2317118756000241,0.0008593266620378864,0.0009531325831486433,0.13301704663399094,4334.914766830045,249.99999999999952,50.00000000000003,2.8271962362418726,True
40,flat,dry,medium,0.09252221357221063,Spiral,0,250000,5,0.02943262498592958,0.4297322500497103,0.09096239674954353,0.9831411640248996,9.20995174264195e-05,0.001655340605062945,0.5714294548646536,2142.8527256767325,209.08052954218007,41.81610590843637,13.856769137577844,True
40,flat,dry,medium,0.09252221357221063,Concentric,0,250000,5,0.039090708014555275,0.4877602080232464,0.09062866827100909,0.979534154792744,7.928465288126759e-05,0.00137334699081064,0.5599363011656586,2200.3184941717072,207.58626227618836,41.51725245523828,13.687792475263524,True
40,flat,dry,medium,0.09252221357221063,Pizza,0,250000,5,0.006832999992184341,0.4681507499772124,0.09052973985674093,0.9784649151966663,0.0002660556108855504,0.000970955276619333,0.5710910419786205,2144.5447901068974,212.16980046766008,42.4339600935356,13.691072804383682,True
40,flat,dry,medium,0.09252221357221063,GreedySeeded,0,250000,5,0.05615845799911767,0.9536532089696266,0.05100452460475631,0.551267880820306,3.2504493276201673e-07,0.0016400301092835657,0.4571360739859491,2714.3196300702543,250.00000000000063,50.000000000000334,2.990079585416001,True
40,flat,dry,medium,0.09252221357221063,GreedySeeded,1,250000,5,0.06220645800931379,0.9645250409957953,0.0733619721168105,0.7929119860448846,0.005208873313870073,0.002384442536242944,0.45907211361895617,2704.639431905219,250.00000000000034,50.00000000000031,3.949861151898116,True
40,flat,dry,medium,0.09252221357221063,GreedySeeded,2,250000,5,0.06311362498672679,0.874608917045407,0.07398758473103953,0.7996737418446499,2.0968919934865637e-11,0.001157275958175145,0.490972330905096,2545.1383454745205,249.9999999999995,50.00000000000035,4.128993220522875,True
40,flat,dry,medium,0.09252221357221063,GreedySeeded,3,250000,5,0.06084645801456645,0.841264582995791,0.06280521899954788,0.6788123259775926,9.473568823625009e-05,5.655850676208204e-05,0.4521753817087225,2739.123091456387,250.0,50.00000000000011,3.8561869646646962,True
40,flat,dry,medium,0.09252221357221063,GreedySeeded,4,250000,5,0.06250829098280519,1.09139958396554,0.06187569201138894,0.6687657982058216,0.005096372824667813,0.002810051986065349,0.519083540913113,2404.5822954344353,250.00000000000034,50.00000000000037,3.487431726076893,True
40,flat,dry,medium,0.09252221357221063,RandomWalkSeeded,0,250000,5,0.03338916599750519,0.9704564170097001,0.025690316627040174,0.27766647203041356,0.0004308976750150928,9.418332922218699e-05,0.11217534554325612,4439.123272283719,250.00000000000009,50.00000000000029,3.3192441300182525,True
40,flat,dry,medium,0.09252221357221063,RandomWalkSeeded,1,250000,5,0.02938229194842279,0.9580507500213571,0.023238433870894942,0.251165995426148,7.915980832233193e-07,0.00010077949437090847,0.15694233085377107,4215.2883457311455,249.99999999999977,50.000000000000114,3.108714527968067,True
40,flat,dry,medium,0.09252221357221063,RandomWalkSeeded,2,250000,5,0.030197291052900255,0.9253811249509454,0.02366009580262911,0.25572340834845203,1.3336274359678936e-05,0.00026962598334486783,0.1403734926156428,4298.132536921786,249.99999999999972,50.00000000000011,2.9349665871109445,True
40,flat,dry,medium,0.09252221357221063,RandomWalkSeeded,3,250000,5,0.030185959010850638,0.9469145420007408,0.015044098030080486,0.16259984980081618,6.448435135877385e-08,3.617511270743583e-06,0.08644490783661397,4567.775460816931,250.00000000000045,50.00000000000032,2.6340118394490997,True
40,flat,dry,medium,0.09252221357221063,RandomWalkSeeded,4,250000,5,0.02997858403250575,0.9380257079610601,0.015910900947697065,0.17196844231660233,0.0008193024433793367,0.0002630475905535082,0.09060299241650449,4546.985037917478,249.99999999999952,50.00000000000003,2.827196241546944,True
41,flat,dry,medium,0.11692351195660297,Spiral,0,250000,5,0.031643499969504774,0.42880745796719566,0.11393505667426937,0.9744409380771697,0.0004661096095200854,0.0021936523131713304,0.5694709105365775,2152.645447317113,209.08052954218007,41.81610590843638,13.856769137577853,True
41,flat,dry,medium,0.11692351195660297,Concentric,0,250000,5,0.03994108299957588,0.4821161250001751,0.11260717166209062,0.963084069044091,0.00036556202281864215,0.0023705273697211286,0.5630136257969276,2184.9318710153625,207.58626227618834,41.517252455238264,13.687792475263489,True
41,flat,dry,medium,0.11692351195660297,Pizza,0,250000,5,0.0067794169881381094,0.4639807080384344,0.11272902254411402,0.9641262108681291,0.0002731817516737104,0.0016118044658659622,0.5573317723944758,2213.3411380276207,212.16980046766008,42.43396009353559,13.6910728043837,True
41,flat,dry,medium,0.11692351195660297,GreedySeeded,0,250000,5,0.059440125012770295,0.6958935420261696,0.08074046253476161,0.6905408602910339,0.0030530467300110367,0.003914386111709463,0.5504622427354264,2247.688786322868,250.0000000000001,50.000000000000135,5.691736347665678,True
41,flat,dry,medium,0.11692351195660297,GreedySeeded,1,250000,5,0.0660947909927927,0.5880543750245124,0.09386987328237145,0.8028314554664758,0.0038749317246161525,0.004092694352205486,0.5673951256943386,2163.0243715283077,249.9999999999993,50.00000000000011,6.85467468226078,True
41,flat,dry,medium,0.11692351195660297,GreedySeeded,2,250000,5,0.06323112495010719,0.6974402500200085,0.08080218823454048,0.691068775495991,0.0009128396504472964,0.0036959122946961746,0.5254264343317252,2372.867828341374,250.00000000000065,50.00000000000026,5.970335513023191,True
41,flat,dry,medium,0.11692351195660297,GreedySeeded,3,250000,5,0.06679716700455174,0.6519892910146154,0.08843789789229577,0.7563739440628515,0.0019667438083751003,0.004334570568866341,0.5457053599355786,2271.4732003221075,250.00000000000102,50.000000000000426,6.550574906005458,True
41,flat,dry,medium,0.11692351195660297,GreedySeeded,4,250000,5,0.06620266701793298,0.6929197080316953,0.09156267759959105,0.7830989342295434,0.002633335959130504,0.0035420879486128256,0.5834769066699679,2082.6154666501607,249.9999999999996,50.00000000000025,6.4830162281998716,True
41,flat,dry,medium,0.11692351195660297,RandomWalkSeeded,0,250000,5,0.034118125040549785,0.967399041983299,0.027792009667506775,0.23769393514130832,0.0004302804290609277,0.00020219569223979826,0.10055201446699803,4497.23992766501,250.00000000000009,50.00000000000029,3.3192441407039777,True
41,flat,dry,medium,0.11692351195660297,RandomWalkSeeded,1,250000,5,0.030375624948646873,0.9505571659537964,0.01950715689096262,0.1668369052941452,0.0006215082640184545,0.0004543893617298923,0.09731153017823944,4513.442349108804,249.99999999999977,50.000000000000114,3.108714535462414,True
41,flat,dry,medium,0.11692351195660297,RandomWalkSeeded,2,250000,5,0.03018045797944069,0.9269978749798611,0.02310562381164239,0.1976131526071353,0.0009079634238935405,0.0005016687051893623,0.09989957191739526,4500.502140413025,249.99999999999977,50.00000000000011,2.9349665919453356,True
41,flat,dry,medium,0.11692351195660297,RandomWalkSeeded,3,250000,5,0.03118366695707664,0.9429422920220532,0.026733453048771384,0.22864052406066715,0.0004923356308045336,0.0004585914417341095,0.12986000364874595,4350.69998175627,250.00000000000045,50.00000000000032,2.634011838494092,True
41,flat,dry,medium,0.11692351195660297,RandomWalkSeeded,4,250000,5,0.030989916995167732,0.9414367920253426,0.03204386565084277,0.2740583575930912,0.0005128815702710719,0.0004619974205842941,0.15967917833690298,4201.604108315486,249.99999999999946,50.000000000000014,2.8271962413312486,True
42,flat,dry,medium,0.08958914539448036,Spiral,0,250000,5,0.03415329201379791,0.4247760409489274,0.087592880968802,0.9777175636971601,0.00018075517284714526,0.0015297475272072637,0.5593823028198756,2203.088485900622,209.08052954217987,41.81610590843667,13.856769137577507,True
42,flat,dry,medium,0.08958914539448036,Concentric,0,250000,5,0.03949616599129513,0.4794634170248173,0.08728933570322096,0.974329371252144,0.00016952192635085538,0.002938108654566828,0.5672493997818268,2163.753001090866,207.5862622761909,41.51725245523872,13.687792475253099,True
42,flat,dry,medium,0.08958914539448036,Pizza,0,250000,5,0.006666250003036112,0.46124087495263666,0.08718078148603528,0.9731176818593309,0.0005683834468096993,0.000467399240965797,0.5104578050666445,2447.7109746667766,212.1698004676618,42.43396009353492,13.691072804384115,True
42,flat,dry,medium,0.08958914539448036,GreedySeeded,0,250000,5,0.06247800000710413,0.7645513340248726,0.06362434916054008,0.710179217363759,8.541077048670745e-11,5.1271380976031434e-05,0.3641087357765142,3179.4563211174286,250.00000000000009,50.0000000000001,4.232054637960967,True
42,flat,dry,medium,0.08958914539448036,GreedySeeded,1,250000,5,0.07763354200869799,0.9282342499936931,0.021235794897893356,0.2370353551692849,1.7553209205841887e-06,0.0015462907976992277,0.20334091291336967,3983.295435433151,249.99999999999966,50.000000000000135,3.4630008232885703,True
42,flat,dry,medium,0.08958914539448036,GreedySeeded,2,250000,5,0.060593292000703514,0.8356563330162317,0.061391296256403466,0.6852537323141584,4.886020698232503e-10,0.0016817447837074923,0.3635771713463596,3182.1141432682016,250.0000000000002,50.000000000000156,4.618233146720562,True
42,flat,dry,medium,0.08958914539448036,GreedySeeded,3,250000,5,0.06520124996313825,0.6667084590299055,0.07617967831191347,0.850322636480992,1.5733958824532843e-06,0.0013477624148911563,0.47484443333486115,2625.7778333256933,249.9999999999997,50.000000000000064,4.837506905841285,True
42,flat,dry,medium,0.08958914539448036,GreedySeeded,4,250000,5,0.06310229102382436,0.9643042089883238,0.02995340930317236,0.3343419470213833,0.004411549387237913,0.003326204919604503,0.2360105383672519,3819.9473081637398,249.99999999999991,50.00000000000006,3.7076661610735777,True
42,flat,dry,medium,0.08958914539448036,RandomWalkSeeded,0,250000,5,0.0318641250487417,0.9727218329790048,0.020394723283096994,0.22764725786025328,5.90585957239582e-21,4.494353043232913e-06,0.09277493421575536,4536.125328921223,249.99999999999966,50.0,3.3192441169426234,True
42,flat,dry,medium,0.08958914539448036,RandomWalkSeeded,1,250000,5,0.033492624992504716,0.8206414169981144,0.015611207517992073,0.174253336710073,1.6773971221880362e-06,0.0001007208159638946,0.07032749700136261,4648.362514993187,250.00000000000028,50.00000000000016,3.1087145177032385,True
42,flat,dry,medium,0.08958914539448036,RandomWalkSeeded,2,250000,5,0.029526582977268845,0.8155200420296751,0.015159223406090234,0.16920825998887362,2.1978898870553597e-15,0.00011555162485379337,0.06783547118213659,4660.822644089316,250.00000000000017,50.000000000000156,2.9349665772329643,True
42,flat,dry,medium,0.08958914539448036,RandomWalkSeeded,3,250000,5,0.03345650003757328,0.9389336250023916,0.013660825995630023,0.15248304842599464,2.3718314795510642e-06,6.898272924015761e-05,0.06760230521640231,4661.988473917988,250.0000000000001,50.000000000000135,2.634011823309568,True
42,flat,dry,medium,0.08958914539448036,RandomWalkSeeded,4,250000,5,0.030502333014737815,0.9329954579588957,0.012810448540308132,0.14299107870603028,9.869519325712226e-05,0.0002245599591675556,0.0836424919476418,4581.787540261791,250.00000000000023,50.00000000000021,2.8271962283594334,True
43,flat,dry,medium,0.12566073150509077,Spiral,0,250000,5,0.03193079197080806,0.4314912920235656,0.12315162931705902,0.9800327265488654,0.0003604983369478173,0.0025081732568021458,0.574529388694807,2127.353056525964,209.08052954217996,41.816105908436455,13.856769137577862,True
43,flat,dry,medium,0.12566073150509077,Concentric,0,250000,5,0.036181333009153605,0.525209333980456,0.12239684288785703,0.9740261848061778,0.0003771282832175893,0.0023357364550076793,0.5666456897962447,2166.771551018776,207.58626227618984,41.51725245523826,13.687792475322835,True
43,flat,dry,medium,0.12566073150509077,Pizza,0,250000,5,0.006574333005119115,0.45894641702761874,0.12236422696079544,0.9737666293613627,0.0010918660306656293,0.0014824921067784539,0.5616105028302681,2191.9474858486587,212.16980046766,42.43396009353509,13.691072804383973,True
43,flat,dry,medium,0.12566073150509077,GreedySeeded,0,250000,5,0.0702335829846561,0.5794623330002651,0.09613493402006557,0.7650356071353202,0.0034545588680856775,0.003635732327480528,0.5231975243884286,2384.0123780578565,250.0,50.00000000000019,7.321949977088035,True
43,flat,dry,medium,0.12566073150509077,GreedySeeded,1,250000,5,0.07043666701065376,0.5349306660355069,0.09945035269998256,0.7914194952458448,0.0026560982631773176,0.003868039927587999,0.4780513993523023,2609.743003238488,249.99999999999994,50.00000000000027,7.47244418042807,True
43,flat,dry,medium,0.12566073150509077,GreedySeeded,2,250000,5,0.06553891598014161,0.6119286670000292,0.07474800351896595,0.5948397930178988,0.0032880097619279935,0.00440151051373544,0.42575305721425155,2871.2347139287413,250.0000000000001,50.000000000000156,5.699562132092152,True
43,flat,dry,medium,0.12566073150509077,GreedySeeded,3,250000,5,0.0654523330158554,0.6663838750100695,0.07734207330536945,0.6154832331390349,0.003482815979626274,0.003996170200642555,0.4474901595748546,2762.549202125726,250.0000000000004,50.00000000000031,5.969624666699127,True
43,flat,dry,medium,0.12566073150509077,GreedySeeded,4,250000,5,0.07092858297983184,0.5462341660168022,0.0992412296446891,0.7897553074539331,0.0032809440452845266,0.003352530670471356,0.4759035098564325,2620.482450717837,250.00000000000014,50.000000000000114,7.522418563256244,True
43,flat,dry,medium,0.12566073150509077,RandomWalkSeeded,0,250000,5,0.030192249978426844,0.9778729160316288,0.029271965542345943,0.23294441462932336,0.0014812148406292231,0.00038793052819162193,0.11138157816936983,4443.09210915315,250.0000000000001,50.00000000000029,3.3192441665152423,True
43,flat,dry,medium,0.12566073150509077,RandomWalkSeeded,1,250000,5,0.029241292038932443,0.9524589590146206,0.028534700542972004,0.22707730729560496,0.0003219308095325454,0.0004238540489675145,0.12641153421231857,4367.942328938408,249.99999999999983,50.000000000000114,3.1087145568840695,True
43,flat,dry,medium,0.12566073150509077,RandomWalkSeeded,2,250000,5,0.030854417011141777,0.947853457997553,0.02439247782440738,0.19411376594938243,0.0012770062127841833,0.00046708141302456165,0.10147746369105051,4492.612681544746,249.99999999999972,50.000000000000156,2.9349666114379653,True
43,flat,dry,medium,0.12566073150509077,RandomWalkSeeded,3,250000,5,0.03012341697467491,0.9537222919752821,0.02164750880719382,0.1722694794778975,0.0008178163107604465,0.0003684690061191948,0.08650502223759257,4567.474888812036,250.00000000000045,50.00000000000028,2.6340118552507756,True
43,flat,dry,medium,0.12566073150509077,RandomWalkSeeded,4,250000,5,0.03350491600576788,0.9459702500025742,0.027406877680933067,0.21810216566997112,0.0005983578665729476,0.0006461227486609621,0.11796666785863787,4410.166660706809,249.99999999999946,50.00000000000003,2.8271962574673326,True
44,flat,dry,medium,0.24254267291677511,Spiral,0,250000,5,0.032363583042752,0.41578958299942315,0.23591438336735732,0.9726716562091645,8.567352091823933e-05,0.004524391886681266,0.5428171822186606,2285.9140889066975,209.0805295421799,41.8161059084363,13.85676913757738,True
44,flat,dry,medium,0.24254267291677511,Concentric,0,250000,5,0.03916737501276657,0.4786452919943258,0.23188604679074556,0.9560628816452179,0.00013955659562172074,0.0035167231126832276,0.5538982388386308,2230.508805806846,207.5862622761895,41.51725245523843,13.687792475263233,True
44,flat,dry,medium,0.24254267291677511,Pizza,0,250000,5,0.0066839170176535845,0.4544741249992512,0.2319917207830301,0.9564985740164353,0.002207100277403098,0.00150886265125517,0.4957312272165766,2521.3438639171172,212.16980046766153,42.433960093534424,13.691072804384017,True
44,flat,dry,medium,0.24254267291677511,GreedySeeded,0,250000,5,0.06196616601664573,0.7570989579544403,0.13730191422043506,0.5660938447212881,0.005198420187455999,0.004763830988139529,0.3754955902137686,3122.522048931157,250.00000000000014,50.000000000000206,5.1916366460435475,True
44,flat,dry,medium,0.24254267291677511,GreedySeeded,1,250000,5,0.06470383302075788,0.6315848749945872,0.2007550365116281,0.8277101678536963,6.466467436311014e-05,0.0031289275418538032,0.46678725346060734,2666.0637326969636,249.99999999999994,50.00000000000018,6.537785084438625,True
44,flat,dry,medium,0.24254267291677511,GreedySeeded,2,250000,5,0.06285629200283438,0.7735143339959905,0.127915003100751,0.5273917433269283,0.0036839619245369374,0.002232063385809822,0.367924193631929,3160.3790318403553,249.9999999999999,50.00000000000002,5.177321393640086,True
44,flat,dry,medium,0.24254267291677511,GreedySeeded,3,250000,5,0.06424999999580905,0.8025658749975264,0.11387914177928435,0.4695220861953652,0.00329299533059651,0.0017609948188070084,0.354892347157331,3225.538264213345,250.00000000000003,50.0000000000002,4.80103033737504,True
44,flat,dry,medium,0.24254267291677511,GreedySeeded,4,250000,5,0.0604247500305064,0.7823905000113882,0.12804228976411777,0.527916544434445,2.8524826016781897e-05,0.004975847727045683,0.3990050506992695,3004.974746503652,249.99999999999977,50.00000000000012,3.9255475988498754,True
44,flat,dry,medium,0.24254267291677511,RandomWalkSeeded,0,250000,5,0.03136374999303371,0.9749962080386467,0.044207394301771466,0.18226645963013927,0.0014539303376967891,0.00022393990998058954,0.08214278551006673,4589.286072449667,249.99999999999963,50.0,3.319244148090651,True
44,flat,dry,medium,0.24254267291677511,RandomWalkSeeded,1,250000,5,0.0352968749939464,0.9461599999922328,0.05892735637863877,0.24295665447234027,1.2773850519925533e-05,0.0003463334798192739,0.12162555393338431,4391.872230333079,250.00000000000023,50.00000000000016,3.1087145424601506,True
44,flat,dry,medium,0.24254267291677511,RandomWalkSeeded,2,250000,5,0.02959649998228997,0.9337902089464478,0.036187802075829265,0.14920179463943883,0.00019862658403203753,0.0001582397877898388,0.07067981894132425,4646.60090529338,250.00000000000017,50.00000000000011,2.9349665999596715,True
44,flat,dry,medium,0.24254267291677511,RandomWalkSeeded,3,250000,5,0.03325716604012996,0.9151260419748724,0.034070374046054494,0.14047166890811513,0.0001175477202373015,0.00018431063369451055,0.06821550998287648,4658.922450085617,250.0000000000001,50.000000000000135,2.6340118448246437,True
44,flat,dry,medium,0.24254267291677511,RandomWalkSeeded,4,250000,5,0.031067958974745125,0.9449156670016237,0.06007865839340631,0.2477034563481594,0.0025887631987021455,0.0006797993407965525,0.11315494454801354,4434.225277259932,250.00000000000028,50.00000000000021,2.8271962463974813,True
45,flat,dry,medium,0.19681134230505698,Spiral,0,250000,5,0.03312391700455919,0.42894733301363885,0.19254143526133172,0.9783045682544712,0.000785579309770165,0.003912273752908835,0.5684188446858066,2157.9057765709663,209.08052954217985,41.81610590843666,13.856769137577533,True
45,flat,dry,medium,0.19681134230505698,Concentric,0,250000,5,0.03524516703328118,0.5340074999839999,0.19140635321708435,0.972537207334347,0.0007590330439548741,0.004492879822551839,0.5696370230496169,2151.814884751915,207.5862622761909,41.51725245523855,13.687792475322777,True
45,flat,dry,medium,0.19681134230505698,Pizza,0,250000,5,0.00695508299395442,0.4676021669874899,0.19142153554985764,0.9726143488882609,0.0017151176229567666,0.0022122036458571575,0.5632251047639146,2183.874476180427,212.1698004676618,42.43396009353493,13.6910728043841,True
45,flat,dry,medium,0.19681134230505698,GreedySeeded,0,250000,5,0.07261662499513477,0.37610299995867535,0.1587346479706055,0.8065320123906643,0.003394696730207247,0.005004435055297644,0.5451609035838312,2274.1954820808446,249.99999999999991,50.000000000000135,9.504222580659688,True
45,flat,dry,medium,0.19681134230505698,GreedySeeded,1,250000,5,0.07465708302333951,0.26081658399198204,0.16424263320560364,0.8345181293008411,0.00339965595829452,0.005005984444398185,0.5387818262187352,2306.0908689063244,249.9999999999999,50.00000000000003,9.915721829217157,True
45,flat,dry,medium,0.19681134230505698,GreedySeeded,2,250000,5,0.06698629102902487,0.40712049999274313,0.1434078567286866,0.7286564638454874,0.0034144834522421754,0.005002439189420622,0.5154335847720546,2422.832076139727,250.00000000000057,50.00000000000016,8.607284996572588,True
45,flat,dry,medium,0.19681134230505698,GreedySeeded,3,250000,5,0.0723677080241032,0.36040925001725554,0.1643919883191276,0.8352770038238981,0.003414913115512969,0.005007850833226455,0.5250758085649199,2374.6209571754002,249.9999999999999,50.00000000000005,9.832873533899342,True
45,flat,dry,medium,0.19681134230505698,GreedySeeded,4,250000,5,0.07782308297464624,0.3562385839759372,0.16118787450918282,0.8189968759998705,0.0033990312765189,0.004992560571892962,0.48404855611708286,2579.7572194145855,249.9999999999998,50.00000000000014,9.755422426044092,True
45,flat,dry,medium,0.19681134230505698,RandomWalkSeeded,0,250000,5,0.029690583993215114,0.9878593749599531,0.04582947824373644,0.23285994448785827,0.001137540334632869,0.0003901365054321713,0.10347558839958257,4482.622058002087,249.99999999999966,50.0,3.319244169157819,True
45,flat,dry,medium,0.19681134230505698,RandomWalkSeeded,1,250000,5,0.030375624948646873,0.717168458038941,0.04560714995373652,0.2317302926731,0.0007588137492210809,0.000688634475533343,0.12730152270452716,4363.492386477365,250.00000000000028,50.00000000000016,3.1087145504668614,True
45,flat,dry,medium,0.19681134230505698,RandomWalkSeeded,2,250000,5,0.03041374997701496,0.6390662920312025,0.041393721457416474,0.2103218288774045,0.001154897291648587,0.0006545814458754593,0.10444993676845711,4477.750316157713,250.00000000000017,50.000000000000156,2.9349665932571822,True
45,flat,dry,medium,0.19681134230505698,RandomWalkSeeded,3,250000,5,0.029971875017508864,0.9324105840059929,0.0382292226538909,0.1942429852169583,0.0009488171998892859,0.0006338372160899939,0.10250811995910845,4487.459400204458,250.0000000000001,50.000000000000135,2.6340118607838714,True
45,flat,dry,medium,0.19681134230505698,RandomWalkSeeded,4,250000,5,0.0333391249878332,0.8487284579896368,0.04129459365782942,0.20981815973706905,0.0016754414969252123,0.0009418452135934801,0.11574461878168864,4421.276906091557,250.00000000000023,50.00000000000021,2.8271962542270943,True
46,mountainous,dry,medium,0.21510655335870432,Spiral,0,250000,5,0.0965889579965733,0.6503567079780623,0.11290424911237457,0.5248759154450274,0.0001009941458554364,0.0011675122776511936,0.2527997669325603,3736.0011653371985,250.00000000000003,50.000000000000185,16.582729840072254,True
46,mountainous,dry,medium,0.21510655335870432,Concentric,0,250000,5,0.10954045795369893,0.6962340839672834,0.11122798745025261,0.5170832116154668,0.00012594771099775284,0.0019263715226015003,0.2543076143390056,3728.4619283049715,249.99999999999966,49.99999999999998,16.530265459967456,True
46,mountainous,dry,medium,0.21510655335870432,Pizza,0,250000,5,0.03415166703052819,0.6041428750031628,0.12086949131768601,0.5619052020052973,0.0004760151878033052,0.0007930995436559519,0.28042069635473305,3597.8965182263346,249.99999999999983,50.0000000000001,16.170786079159264,True
46,mountainous,dry,medium,0.21510655335870432,GreedySeeded,0,250000,5,0.07528508303221315,0.4526150830206461,0.12077863202168944,0.5614828099648044,0.0030650268028902215,0.0016116240538292053,0.29732137738241293,3513.3931130879355,249.99999999999994,50.00000000000011,9.346641265075283,True
46,mountainous,dry,medium,0.21510655335870432,GreedySeeded,1,250000,5,0.07354129204759374,0.5448394159902819,0.1027031724499281,0.4774525501260011,0.0009815286380373623,0.001727886929632731,0.2505854460043619,3747.0727699781905,250.0000000000002,50.0000000000002,7.938185678607095,True
46,mountainous,dry,medium,0.21510655335870432,GreedySeeded,2,250000,5,0.07500899996375665,0.47980066598393023,0.11275401783992672,0.5241775114675469,1.6030725972616838e-05,0.0019697123755608144,0.3154953228393099,3422.5233858034503,249.9999999999998,50.00000000000004,8.969858565563053,True
46,mountainous,dry,medium,0.21510655335870432,GreedySeeded,3,250000,5,0.08257025002967566,0.5161708749947138,0.1138326946754654,0.5291921277992954,0.0012498959964277064,0.0021385255057925594,0.33766813461232337,3311.6593269383834,249.99999999999986,50.00000000000007,8.947570778436978,True
46,mountainous,dry,medium,0.21510655335870432,GreedySeeded,4,250000,5,0.07327666698256508,0.5486378340283409,0.09939791672037383,0.46208688284183175,5.20766929549324e-05,0.0016759672355146692,0.2781714762652451,3609.142618673775,250.0000000000002,50.000000000000114,8.041697173638664,True
46,mountainous,dry,medium,0.21510655335870432,RandomWalkSeeded,0,250000,5,0.032495583000127226,0.9602447089855559,0.027456372036880776,0.12764079758693112,0.00022418370912403605,5.27061532595422e-05,0.044401019110402305,4777.994904447989,250.00000000000006,50.00000000000017,3.3206900897992515,True
46,mountainous,dry,medium,0.21510655335870432,RandomWalkSeeded,1,250000,5,0.03416999999899417,0.9129456669907086,0.021988829095608,0.10222296230529146,2.6526479293648725e-05,9.365391661992714e-05,0.051722907779055825,4741.385461104722,249.9999999999996,50.000000000000014,3.2033839021521664,True
46,mountainous,dry,medium,0.21510655335870432,RandomWalkSeeded,2,250000,5,0.03110866597853601,0.9037970000063069,0.018491377555956756,0.08596380383223921,2.155593781969636e-05,0.00016274770062360897,0.04425457804533332,4778.727109773334,249.99999999999983,50.000000000000014,2.9214118267323093,True
46,mountainous,dry,medium,0.21510655335870432,RandomWalkSeeded,3,250000,5,0.03342870902270079,0.91595504200086,0.01850704378629677,0.08603663392549021,1.598262173074064e-05,0.00014148461634156954,0.04800772359326163,4759.961382033692,250.0000000000002,50.000000000000135,2.6241394757944763,True
46,mountainous,dry,medium,0.21510655335870432,RandomWalkSeeded,4,250000,5,0.030940999975427985,0.9090134170255624,0.01563352467637199,0.072678049237775,0.0009768033508832606,0.00023067775182058684,0.039323380496865463,4803.3830975156725,250.00000000000009,50.00000000000012,2.891179087362016,True
47,mountainous,dry,medium,0.23832445733427104,Spiral,0,250000,5,0.0963977089850232,0.6639925000490621,0.12287998963018232,0.515599578006517,0.0003760570625819465,0.002267984407334298,0.25454786586751105,3727.260670662444,250.00000000000028,50.00000000000045,16.58272984007217,True
47,mountainous,dry,medium,0.23832445733427104,Concentric,0,250000,5,0.11149087495869026,0.6929277919698507,0.12206280356486246,0.512170697586688,0.00037754642725585806,0.002090223253868408,0.2521432194358478,3739.28390282076,250.00000000000054,50.000000000000306,16.530265373082045,True
47,mountainous,dry,medium,0.23832445733427104,Pizza,0,250000,5,0.03604849998373538,0.6204784589936025,0.1354727179876119,0.5684381682975973,0.0007736893335329466,0.0011972438348336392,0.28427251094832434,3578.6374452583777,249.99999999999994,50.00000000000035,16.170786079158866,True
47,mountainous,dry,medium,0.23832445733427104,GreedySeeded,0,250000,5,0.07193704199744388,0.5574979170341976,0.09171383626884412,0.38482763076307935,0.0017689626728966696,0.002532325100638174,0.24614188968287476,3769.2905515856255,250.0000000000003,50.000000000000284,9.636515440785661,True
47,mountainous,dry,medium,0.23832445733427104,GreedySeeded,1,250000,5,0.07273737504146993,0.5245688749710098,0.09980054622218532,0.41875914599149283,0.001768909479211835,0.002532302025697592,0.2627881341032095,3686.059329483952,249.99999999999997,50.00000000000018,10.490755627628378,True
47,mountainous,dry,medium,0.23832445733427104,GreedySeeded,2,250000,5,0.077364916971419,0.6128334579989314,0.1037274256808257,0.43523617693730376,0.001768957491331598,0.0025323251612976087,0.2681874553276168,3659.062723361916,249.9999999999995,50.00000000000026,10.73072157069585,True
47,mountainous,dry,medium,0.23832445733427104,GreedySeeded,3,250000,5,0.08671558304922655,0.300565083976835,0.12031634630065358,0.5048426319582439,0.0017689690959206673,0.002532301034862258,0.2804847563655943,3597.5762181720283,250.0000000000001,50.0000000000003,12.908858719879968,True
47,mountainous,dry,medium,0.23832445733427104,GreedySeeded,4,250000,5,0.06952129199635237,0.7341277499799617,0.08338711196365174,0.3498890248040887,0.001769007902812906,0.002532333559309005,0.24098005808218442,3795.099709589077,250.00000000000009,50.000000000000256,8.655639410950993,True
47,mountainous,dry,medium,0.23832445733427104,RandomWalkSeeded,0,250000,5,0.0301980419899337,1.3695812079822645,0.02743289459031761,0.11510734104742158,0.0009013346911318741,0.0002729916629880843,0.05098191802334773,4745.090409883261,250.00000000000023,50.00000000000029,3.3318376452811322,True
47,mountainous,dry,medium,0.23832445733427104,RandomWalkSeeded,1,250000,5,0.03326487500453368,1.272201582964044,0.02459348932375792,0.10319330881456025,0.0003800952432945973,0.0003778177277770195,0.05615683729109776,4719.215813544512,249.9999999999996,50.00000000000033,3.211847193130221,True
47,mountainous,dry,medium,0.23832445733427104,RandomWalkSeeded,2,250000,5,0.03066275001037866,1.2989824170363136,0.023656059703497462,0.09925989119244172,0.0007302450543057422,0.0003681548792256753,0.04954410136440116,4752.279493177993,250.00000000000037,50.0000000000002,2.9316752058742455,True
47,mountainous,dry,medium,0.23832445733427104,RandomWalkSeeded,3,250000,5,0.032648707972839475,1.3250887080212124,0.02171189680409514,0.09110226053569605,0.0006456085625007828,0.0003352793846368572,0.049708833397864936,4751.455833010675,250.00000000000023,50.000000000000334,2.632301262970772,True
47,mountainous,dry,medium,0.23832445733427104,RandomWalkSeeded,4,250000,5,0.030279042024631053,1.3074727090424858,0.02325892307921839,0.09759352161912489,0.0008508411980620359,0.000446342402132567,0.052951751420060346,4735.241242899698,250.00000000000045,50.00000000000042,2.8931398269004367,True
48,mountainous,dry,medium,0.119756758721128,Spiral,0,250000,5,0.09891816601157188,0.6604435420013033,0.05604790896561489,0.4680145785853394,0.00010664901742971375,0.00035479338106509566,0.21653095642010625,3917.345217899469,250.00000000000034,50.00000000000041,16.582729840072698,True
48,mountainous,dry,medium,0.119756758721128,Concentric,0,250000,5,0.10471766698174179,0.6755132919643074,0.058964962040681496,0.49237272844024166,6.419899470207942e-05,0.0018809084872828067,0.2411464142875738,3794.2679285621307,250.00000000000088,50.000000000000334,16.530265283921448,True
48,mountainous,dry,medium,0.119756758721128,Pizza,0,250000,5,0.03599654097342864,0.610812833008822,0.03510238352413262,0.29311400791895104,0.00020012909547429186,0.0003712017588391553,0.13371216821464763,4331.439158926762,249.99999999999963,49.99999999999998,16.170786079159324,True
48,mountainous,dry,medium,0.119756758721128,GreedySeeded,0,250000,5,0.06883237499278039,0.6595075829536654,0.0757297685451456,0.6323632115118779,0.0012213014978280834,0.0013165282678283673,0.40087346631996007,2995.6326684001992,249.99999999999952,50.00000000000008,6.727379784599424,True
48,mountainous,dry,medium,0.119756758721128,GreedySeeded,1,250000,5,0.0685574589879252,0.7503474580007605,0.058487829991233996,0.4883885520601964,0.0008195535133024179,0.0019122735045204542,0.29801013700486095,3509.949314975695,250.00000000000045,50.000000000000334,5.454135459240673,True
48,mountainous,dry,medium,0.119756758721128,GreedySeeded,2,250000,5,0.07016433397075161,0.75780687504448,0.03949260583704493,0.329773503047202,9.41627281846138e-05,0.001889095190597359,0.24050024180437637,3797.498790978118,250.00000000000028,50.00000000000026,5.068745356199962,True
48,mountainous,dry,medium,0.119756758721128,GreedySeeded,3,250000,5,0.07869037496857345,0.8131801660056226,0.0387446077873581,0.32352752530302586,5.165488797973927e-07,0.0010238622662162736,0.23498145963078546,3825.0927018460725,250.00000000000014,50.000000000000256,4.800004656979006,True
48,mountainous,dry,medium,0.119756758721128,GreedySeeded,4,250000,5,0.06715325004188344,0.7856455419678241,0.060777865055427066,0.5075109388770087,0.0010710775272640676,0.0010044629304783027,0.275333558660185,3623.3322066990745,249.99999999999977,50.000000000000135,5.321950415999196,True
48,mountainous,dry,medium,0.119756758721128,RandomWalkSeeded,0,250000,5,0.030603457998950034,0.9477320000296459,0.011670356663992541,0.09745050541296595,0.0004943371791698458,7.96892360486596e-05,0.04393402251368073,4780.329887431596,250.0000000000007,50.000000000000384,3.3206900922154565,True
48,mountainous,dry,medium,0.119756758721128,RandomWalkSeeded,1,250000,5,0.03341983398422599,0.9242247079964727,0.004436552227736043,0.03704636193492208,7.649280376178836e-09,9.356990867077924e-05,0.022622414502983794,4886.887927485081,250.00000000000017,50.00000000000045,3.203383899945031,True
48,mountainous,dry,medium,0.119756758721128,RandomWalkSeeded,2,250000,5,0.030821708030998707,0.9263052089954726,0.005891162614689459,0.04919273598918902,2.8182863196155842e-05,0.00011843633502110316,0.02498601475148983,4875.069926242551,250.0000000000005,50.000000000000306,2.921411824823005,True
48,mountainous,dry,medium,0.119756758721128,RandomWalkSeeded,3,250000,5,0.03324974997667596,0.9382305839681067,0.003653478753691554,0.030507495298860255,1.4517038700608768e-05,0.00016582676346740892,0.019708004972856897,4901.4599751357155,250.000000000001,50.00000000000026,2.6241394762749626,True
48,mountainous,dry,medium,0.119756758721128,RandomWalkSeeded,4,250000,5,0.03174745902651921,0.9192162919789553,0.007388947380755397,0.06169962730839848,0.00036047811354495443,0.00012822007211152895,0.03134964749168183,4843.25176254159,250.0000000000001,50.00000000000019,2.891179087441763,True
49,mountainous,dry,medium,0.13660094875050527,Spiral,0,250000,5,0.09724737500073388,0.6469884170219302,0.06653333712649231,0.48706350676972304,9.719990813967437e-11,0.0006365902325851322,0.22931317542087268,3853.4341228956378,250.0,50.000000000000185,16.582729840072176,True
49,mountainous,dry,medium,0.13660094875050527,Concentric,0,250000,5,0.10550516698276624,0.6658640410169028,0.0685509346296892,0.5018335176785194,2.6610955904831997e-11,0.0015537231772661643,0.23518053419405127,3824.097329029745,249.9999999999996,49.99999999999997,16.530265459967325,True
49,mountainous,dry,medium,0.13660094875050527,Pizza,0,250000,5,0.03297050000401214,0.6223402080358937,0.07253029183169832,0.5309647736354396,5.482744926359408e-09,1.805354135835587e-05,0.2548605563845734,3725.6972180771336,249.9999999999998,50.000000000000085,16.17078607915928,True
49,mountainous,dry,medium,0.13660094875050527,GreedySeeded,0,250000,5,0.060907125007361174,1.1087210410041735,0.07781786017532458,0.5696729114045538,9.952601025621604e-06,2.6869281480920764e-06,0.2723045714403141,3638.4771427984306,249.9999999999999,50.00000000000014,4.662691090734236,True
49,mountainous,dry,medium,0.13660094875050527,GreedySeeded,1,250000,5,0.06422141601797193,1.3316261670552194,0.06141428450894835,0.4495890041080054,2.7150753853809337e-09,7.512870996275656e-05,0.27372889749193635,3631.3555125403195,249.99999999999972,50.000000000000014,4.76765270080405,True
49,mountainous,dry,medium,0.13660094875050527,GreedySeeded,2,250000,5,0.06322808295954019,1.293995832966175,0.06103841649855231,0.44683742724244097,1.1141216987051047e-06,0.0002109973925148926,0.1930136683237707,4034.9316583811474,249.99999999999986,50.000000000000064,3.8710943793716206,True
49,mountainous,dry,medium,0.13660094875050527,GreedySeeded,3,250000,5,0.06544879201101139,1.255964124982711,0.04640667643869388,0.33972440794282716,1.937262938118217e-13,2.5095667262467993e-05,0.17493505560156902,4125.324721992156,249.9999999999999,50.00000000000009,4.112341507728175,True
49,mountainous,dry,medium,0.13660094875050527,GreedySeeded,4,250000,5,0.0680457089911215,1.1475434160092846,0.06460754438844668,0.4729655612161896,0.0005312098708057063,0.00013869923410888508,0.22864326256192222,3856.78368719039,250.00000000000023,50.00000000000011,4.589161046007583,True
49,mountainous,dry,medium,0.13660094875050527,RandomWalkSeeded,0,250000,5,0.030985666962806135,1.3725593749550171,0.011873289651856701,0.08691952552644905,6.651365603172936e-07,1.5634952553365844e-07,0.029617100350320884,4851.914498248397,249.99999999999991,50.0000000000001,3.3318376451934237,True
49,mountainous,dry,medium,0.13660094875050527,RandomWalkSeeded,1,250000,5,0.035327125049661845,1.2878251249785535,0.009422969738220405,0.06898172980797507,1.1433889650045979e-35,8.282326091368302e-06,0.03724440344922055,4813.777982753898,250.00000000000017,50.00000000000017,3.2118471955016474,True
49,mountainous,dry,medium,0.13660094875050527,RandomWalkSeeded,2,250000,5,0.0303174169966951,1.2756852500024252,0.005255785681172031,0.03847546982101462,6.078573855690393e-09,4.827163395837943e-06,0.01691051658132901,4915.447417093355,250.00000000000009,50.00000000000007,2.931675205453333,True
49,mountainous,dry,medium,0.13660094875050527,RandomWalkSeeded,3,250000,5,0.03282229101751,1.3017264159861952,0.008418052993845607,0.0616251429499275,2.984096152687275e-13,4.1593379031038244e-08,0.030920681418068408,4845.3965929096585,249.99999999999994,50.000000000000064,2.632301261884853,True
49,mountainous,dry,medium,0.13660094875050527,RandomWalkSeeded,4,250000,5,0.029889917001128197,1.3121555830002762,0.0063526566079369524,0.04650521585717358,2.4990418511566793e-07,3.070308255774933e-08,0.023115144096586427,4884.4242795170685,249.9999999999998,50.00000000000006,2.8931398266716215,True
50,mountainous,dry,medium,0.16920980343342426,Spiral,0,250000,5,0.09670208295574412,0.632940708019305,0.09441618099672211,0.5579829246351571,0.000801063201703447,0.0014857969306023126,0.2834450895895375,3582.7745520523117,250.00000000000034,50.0000000000004,16.582729840072663,True
50,mountainous,dry,medium,0.16920980343342426,Concentric,0,250000,5,0.10532595805125311,0.657602166000288,0.09186980163760258,0.5429342731536759,0.0008269103120548133,0.0012719415763754985,0.2663878021606834,3668.0609891965823,250.00000000000088,50.00000000000035,16.53026528392145,True
50,mountainous,dry,medium,0.16920980343342426,Pizza,0,250000,5,0.03538737498456612,0.5983581250184216,0.11832253445780426,0.6992652438388912,0.0014728238513402356,0.0021614174035877883,0.40484984924301926,2975.7507537849033,249.9999999999996,49.99999999999997,16.170786079159335,True
50,mountainous,dry,medium,0.16920980343342426,GreedySeeded,0,250000,5,0.06759158399654552,0.9303558749961667,0.0867109824967344,0.5124465647810466,0.004532979067417273,0.005932944820338644,0.35718622993863863,3214.068850306807,250.00000000000028,50.000000000000355,6.636954428645625,True
50,mountainous,dry,medium,0.16920980343342426,GreedySeeded,1,250000,5,0.06578950001858175,1.0112897920189425,0.07616849444182561,0.45014232565901047,0.004496516483356531,0.005056100995962907,0.2897392641138725,3551.3036794306367,250.00000000000057,50.000000000000234,5.102879465109473,True
50,mountainous,dry,medium,0.16920980343342426,GreedySeeded,2,250000,5,0.06680174998473376,1.1576914580073208,0.06319318272618898,0.37346052914157774,0.0045348312181606645,0.005383099341078509,0.22697233799576072,3865.138310021196,250.00000000000003,50.000000000000256,4.6038200786718315,True
50,mountainous,dry,medium,0.16920980343342426,GreedySeeded,3,250000,5,0.07019133301218972,0.8196907920064405,0.09944495853293146,0.5877021101325146,0.004630362069802718,0.005756999827765484,0.3940480903459168,3029.7595482704155,249.99999999999977,50.00000000000024,7.186456132681052,True
50,mountainous,dry,medium,0.16920980343342426,GreedySeeded,4,250000,5,0.0612516250112094,1.0107307500438765,0.06456352761129051,0.381559024957399,0.004426614871038098,0.006006369954311679,0.30097326901088073,3495.1336549455955,249.99999999999974,50.00000000000018,4.952855555544246,True
50,mountainous,dry,medium,0.16920980343342426,RandomWalkSeeded,0,250000,5,0.030284334032330662,1.396600792009849,0.030186762029855596,0.1783984226524594,0.0014933577615394659,0.0005213735773964181,0.08674379583134414,4566.281020843278,249.99999999999972,50.0,3.3317734947759403,True
50,mountainous,dry,medium,0.16920980343342426,RandomWalkSeeded,1,250000,5,0.030054249975364655,1.2824123749742284,0.025717609396735088,0.1519865213179194,0.000883274269853227,0.0007407706635435996,0.09493508239823256,4525.324588008837,249.99999999999977,50.000000000000284,3.2115947034057672,True
50,mountainous,dry,medium,0.16920980343342426,RandomWalkSeeded,2,250000,5,0.03363341698423028,1.2992800420033745,0.03221824743060259,0.19040414194014996,0.0011744395144199363,0.0006566422921896943,0.09102232295783265,4544.888385210836,249.9999999999999,50.000000000000156,2.9315132661103456,True
50,mountainous,dry,medium,0.16920980343342426,RandomWalkSeeded,3,250000,5,0.030595417018048465,1.3337217499502003,0.029804421342565116,0.17613885683811276,0.0012240738963397255,0.0007227226601690878,0.11086022419836242,4445.698879008187,249.99999999999972,50.000000000000185,2.632134446318956,True
50,mountainous,dry,medium,0.16920980343342426,RandomWalkSeeded,4,250000,5,0.03381854196777567,1.305832666985225,0.02806156050769374,0.1658388576684009,0.0012866618856801457,0.0007636505604448744,0.11086852261106163,4445.657386944691,249.9999999999997,50.00000000000032,2.8931449886676437,True
51,mountainous,dry,medium,0.22289636738705276,Spiral,0,250000,5,0.09318637498654425,0.6421923750312999,0.1145590512131046,0.5139565644610811,0.0004680806480728857,0.0023099178052204804,0.25474643442971534,3726.2678278514236,250.00000000000045,50.00000000000046,16.58272984007215,True
51,mountainous,dry,medium,0.22289636738705276,Concentric,0,250000,5,0.10424204100854695,0.6751597910188138,0.11435109992267511,0.5130236139026344,0.0004734707218192509,0.0020081690352960766,0.2559888010713678,3720.0559946431604,250.0000000000005,50.000000000000306,16.530265459967758,True
51,mountainous,dry,medium,0.22289636738705276,Pizza,0,250000,5,0.03541991702513769,0.6070721669821069,0.12864783404545974,0.577164336743392,0.0008905000662553138,0.0013468899064188373,0.3012420207216033,3493.7898963919833,250.0000000000005,50.00000000000035,16.170786079158912,True
51,mountainous,dry,medium,0.22289636738705276,GreedySeeded,0,250000,5,0.08797529200091958,0.2682421249919571,0.13549452210627985,0.60788124855798,0.00242172204153866,0.003683489871387483,0.3507708866666502,3246.1455666667484,249.99999999999972,49.999999999999986,13.56466006392359,True
51,mountainous,dry,medium,0.22289636738705276,GreedySeeded,1,250000,5,0.08791091700550169,0.32719887502025813,0.13011301868316197,0.5837377262287307,0.0024218432378261966,0.003679607517810951,0.35447777506894906,3227.6111246552546,250.00000000000057,50.000000000000334,12.673038688848573,True
51,mountainous,dry,medium,0.22289636738705276,GreedySeeded,2,250000,5,0.08453933300916106,0.2509428749908693,0.1375961660422827,0.6173100425784469,0.0024213717788938546,0.0036823074460722413,0.3484830297429835,3257.5848512850826,250.00000000000034,50.000000000000426,13.687253649346331,True
51,mountainous,dry,medium,0.22289636738705276,GreedySeeded,3,250000,5,0.08185270801186562,0.32498095801565796,0.13019134486279227,0.5840891280059265,0.0024225399811761937,0.00368554179596902,0.32251812188961804,3387.40939055191,250.00000000000023,50.00000000000027,12.969790268353139,True
51,mountainous,dry,medium,0.22289636738705276,GreedySeeded,4,250000,5,0.08445641701109707,0.25675737496931106,0.13433511469196258,0.6026796949036578,0.0024225996900306846,0.003684781122390869,0.34479733349896496,3276.013332505175,250.0000000000001,50.0000000000003,13.599675806567282,True
51,mountainous,dry,medium,0.22289636738705276,RandomWalkSeeded,0,250000,5,0.030547875037882477,1.368338375003077,0.025344310604084486,0.11370445782131057,0.0011524157278751225,0.0003484885241524677,0.052652961439546384,4736.735192802268,249.9999999999996,50.000000000000234,3.331837648554522,True
51,mountainous,dry,medium,0.22289636738705276,RandomWalkSeeded,1,250000,5,0.03009837499121204,1.2961803330108523,0.024759004646366996,0.11107854711411128,0.00048597640008835995,0.00043030683941978106,0.06259121802409243,4687.043909879538,250.00000000000006,50.000000000000306,3.21184719666586,True
51,mountainous,dry,medium,0.22289636738705276,RandomWalkSeeded,2,250000,5,0.03069987503113225,1.289733542012982,0.023941938965696564,0.10741287193847406,0.0009336669212513715,0.0004316630313494355,0.05457483721672772,4727.125813916361,249.99999999999977,50.00000000000004,2.9316752055407376,True
51,mountainous,dry,medium,0.22289636738705276,RandomWalkSeeded,3,250000,5,0.03332533297361806,1.3030036659911275,0.02269331032169937,0.10181103706501024,0.0008258463114214884,0.0004195931695693031,0.058318022162745765,4708.40988918627,249.99999999999923,50.00000000000007,2.632301262386987,True
51,mountainous,dry,medium,0.22289636738705276,RandomWalkSeeded,4,250000,5,0.03026974998647347,1.3079665409750305,0.020101846531150363,0.09018472022132204,0.0010291183065822907,0.0005153776366844894,0.05227117327166557,4738.644133641672,249.99999999999983,50.00000000000034,2.8931398267113924,True
52,mountainous,dry,medium,0.2544388396245335,Spiral,0,250000,5,0.09526133298641071,0.6426507090218365,0.1303041376458396,0.5121236122524566,0.000717241651038119,0.0022489571266499013,0.25751916318391144,3712.404184080442,250.00000000000048,50.00000000000046,16.582729840072137,True
52,mountainous,dry,medium,0.2544388396245335,Concentric,0,250000,5,0.10520370799349621,0.6644774169544689,0.13097420858882064,0.5147571368510196,0.0007737356315194104,0.002729950057881976,0.25876071479758905,3706.196426012055,250.00000000000048,50.000000000000306,16.53026545996776,True
52,mountainous,dry,medium,0.2544388396245335,Pizza,0,250000,5,0.03640204097609967,0.6025800830102526,0.15813633504616315,0.6215102037075763,0.001875693556981248,0.0021197960510797318,0.3278767449788013,3360.6162751059937,250.0000000000005,50.00000000000035,16.170786079158894,True
52,mountainous,dry,medium,0.2544388396245335,GreedySeeded,0,250000,5,0.0770610420149751,0.3894030830124393,0.13831353727750684,0.543602295473487,0.0032459701721690376,0.004346010987393682,0.33229969036591217,3338.5015481704386,249.999999999999,50.0,10.704704829689792,True
52,mountainous,dry,medium,0.2544388396245335,GreedySeeded,1,250000,5,0.0780301250051707,0.3485600840067491,0.13762274364086008,0.540887326180017,0.0032459750804852043,0.004063340473248552,0.3372206170890913,3313.896914554543,249.99999999999977,50.000000000000114,10.599924558212322,True
52,mountainous,dry,medium,0.2544388396245335,GreedySeeded,2,250000,5,0.07545641699107364,0.4385033749858849,0.1205419141100448,0.4737559497124114,0.0033065595833510777,0.004391488679068299,0.3178846282605892,3410.576858697054,250.00000000000017,50.000000000000185,9.361371968901876,True
52,mountainous,dry,medium,0.2544388396245335,GreedySeeded,3,250000,5,0.08452137501444668,0.37033741699997336,0.15019811227219737,0.5903112610238259,0.0032818043863150344,0.004349903109009142,0.3517420693565349,3241.2896532173254,250.0000000000001,50.000000000000306,10.840025222133521,True
52,mountainous,dry,medium,0.2544388396245335,GreedySeeded,4,250000,5,0.07656370900804177,0.34763270802795887,0.14541307454396582,0.5715050216332805,0.0032459932287532203,0.004370415582090845,0.3460729852633318,3269.6350736833415,250.00000000000026,50.00000000000025,11.124471869907849,True
52,mountainous,dry,medium,0.2544388396245335,RandomWalkSeeded,0,250000,5,0.030468542012386024,0.96332162496401,0.03581745252966603,0.14077038152870291,0.0019551861383421466,0.0005275232844320788,0.06434277435201288,4678.286128239935,250.00000000000045,50.00000000000024,3.3206900922641576,True
52,mountainous,dry,medium,0.2544388396245335,RandomWalkSeeded,1,250000,5,0.03329437499633059,0.92315491696354,0.03320760032792594,0.13051309452962934,0.0005127329859777615,0.0007282955534073194,0.07630914219205794,4618.45428903971,249.99999999999952,50.00000000000017,3.2033838951671725,True
52,mountainous,dry,medium,0.2544388396245335,RandomWalkSeeded,2,250000,5,0.030734417028725147,0.9204810420051217,0.0314074136818275,0.1234379693295816,0.0017042226621957713,0.0006619236203050185,0.0633557401605441,4683.22129919728,250.00000000000014,50.00000000000019,2.921411824171174,True
52,mountainous,dry,medium,0.2544388396245335,RandomWalkSeeded,3,250000,5,0.03509037499316037,0.9320321250124834,0.027110361299971304,0.10654961852513208,0.001561502152428641,0.0006145216493670478,0.060854226234802376,4695.728868825988,249.99999999999955,50.00000000000025,2.62413948081359,True
52,mountainous,dry,medium,0.2544388396245335,RandomWalkSeeded,4,250000,5,0.030878833029419184,0.9420332919689827,0.029257293009800168,0.11498752726971295,0.0015201168485281806,0.0008094912472207599,0.07015950189947762,4649.202490502612,250.00000000000028,50.00000000000028,2.8911790929600616,True
53,mountainous,dry,medium,0.10215599887870641,Spiral,0,250000,5,0.09484295797301456,0.6399880420067348,0.05280861252132561,0.5169408855179148,6.483008359491527e-17,0.0012669073257176606,0.25299655867249243,3735.017206637538,250.00000000000045,50.00000000000046,16.58272984007215,True
53,mountainous,dry,medium,0.10215599887870641,Concentric,0,250000,5,0.10842254204908386,0.6661251250188798,0.0540008406232136,0.5286115472017536,1.350685541280009e-17,0.0008608393741542629,0.2626651778005613,3686.674110997193,250.0000000000005,50.000000000000306,16.530265459967758,True
53,mountainous,dry,medium,0.10215599887870641,Pizza,0,250000,5,0.03667829104233533,0.6172028339933604,0.05529098784551339,0.5412407342926814,1.071775629330104e-10,9.215235038145464e-07,0.20923361705412655,3953.8319147293673,250.0000000000005,50.00000000000035,16.170786079158912,True
53,mountainous,dry,medium,0.10215599887870641,GreedySeeded,0,250000,5,0.05806495901197195,0.9535865830257535,0.025766831313277255,0.2522302321557363,7.713688302187334e-15,4.991276387627407e-11,0.04891697834718138,4755.415108264093,249.99999999999963,50.00000000000026,3.3189339736303944,True
53,mountainous,dry,medium,0.10215599887870641,GreedySeeded,1,250000,5,0.06539658299880102,0.861732583027333,0.04793825447569655,0.4692651924691707,3.3972161134669354e-38,1.0037198080979327e-05,0.16071962962083217,4196.401851895839,249.99999999999974,50.00000000000029,4.874862755492113,True
53,mountainous,dry,medium,0.10215599887870641,GreedySeeded,2,250000,5,0.06559437501709908,0.8070917909499258,0.0361742979068324,0.3541084058096626,1.1105145118001047e-12,3.095181067197683e-13,0.09178662040233779,4541.06689798831,249.99999999999983,50.00000000000014,4.647956912852957,True
53,mountainous,dry,medium,0.10215599887870641,GreedySeeded,3,250000,5,0.06315645802533254,0.9063592910533771,0.03481670486178613,0.3408189949092005,5.722465352534197e-06,1.5736777810123178e-06,0.14848063994306207,4257.596800284689,250.0000000000002,50.000000000000334,3.6299083272954253,True
53,mountainous,dry,medium,0.10215599887870641,GreedySeeded,4,250000,5,0.07042099995305762,0.7562612500041723,0.05343652059314157,0.5230874464512723,9.631101276737232e-06,2.5032358564346707e-06,0.29895781112726055,3505.210944363697,250.0000000000007,50.00000000000044,5.764104532292221,True
53,mountainous,dry,medium,0.10215599887870641,RandomWalkSeeded,0,250000,5,0.03157058299984783,0.9618592909537256,0.0044971189833186,0.0440220744026809,1.4047696286417817e-20,1.440233929253507e-11,0.013448443860512787,4932.757780697436,250.00000000000045,50.00000000000024,3.320690091818435,True
53,mountainous,dry,medium,0.10215599887870641,RandomWalkSeeded,1,250000,5,0.0334279999951832,0.9146135830087587,0.004919105946958388,0.04815288383405681,2.5255591906062392e-43,2.852978962822716e-10,0.016852894057198083,4915.735529714009,249.99999999999952,50.00000000000017,3.203383899957332,True
53,mountainous,dry,medium,0.10215599887870641,RandomWalkSeeded,2,250000,5,0.03039504197658971,0.9411614999989979,0.0024038525464419613,0.02353119320282056,7.099071218716218e-14,1.2763832200735242e-14,0.005042305458410301,4974.788472707949,250.00000000000014,50.00000000000019,2.921411822185792,True
53,mountainous,dry,medium,0.10215599887870641,RandomWalkSeeded,3,250000,5,0.035220707999542356,0.9290169589803554,0.004597879185039424,0.045008411013617085,1.2612978766959627e-06,2.6524576133238663e-07,0.022579482371571744,4887.102588142142,249.99999999999955,50.00000000000025,2.624139477305583,True
53,mountainous,dry,medium,0.10215599887870641,RandomWalkSeeded,4,250000,5,0.030193749989848584,0.910610499966424,0.005416429185489069,0.05302115631917216,2.2241430950408693e-29,1.5846471351516238e-08,0.023892281882857188,4880.538590585715,250.00000000000028,50.00000000000028,2.8911790895142437,True
54,mountainous,dry,medium,0.23378926974416153,Spiral,0,250000,5,0.09361904201796278,0.6440314169740304,0.12081710872349784,0.5167778181424215,0.0002975701249006711,0.0023819314036385934,0.25525260560374446,3723.7369719812787,250.0000000000005,50.00000000000042,16.58272984007267,True
54,mountainous,dry,medium,0.23378926974416153,Concentric,0,250000,5,0.10577841603662819,0.6988510839873925,0.1202474326739095,0.5143411107169193,0.0003067054883310467,0.001795237440660664,0.2503026649442738,3748.4866752786315,250.00000000000088,50.00000000000033,16.53026528392148,True
54,mountainous,dry,medium,0.23378926974416153,Pizza,0,250000,5,0.03522437502397224,0.6057222500094213,0.13703693005828213,0.58615577271037,0.0006531349332458573,0.001083261274160561,0.3020974606087257,3489.5126969563726,249.9999999999996,49.99999999999998,16.17078607915929,True
54,mountainous,dry,medium,0.23378926974416153,GreedySeeded,0,250000,5,0.0897724159876816,0.32171691703842953,0.12432574343608699,0.5317854988474799,0.002078359287110688,0.0030419219812710153,0.3115912192499003,3442.0439037504993,250.00000000000043,50.00000000000025,12.722874265266592,True
54,mountainous,dry,medium,0.23378926974416153,GreedySeeded,1,250000,5,0.0809696659562178,0.40365991700673476,0.12168182050976818,0.5204764985276104,0.0020788678851531373,0.003041600018251391,0.3156243544626544,3421.8782276867287,250.00000000000057,50.000000000000284,12.460767347799484,True
54,mountainous,dry,medium,0.23378926974416153,GreedySeeded,2,250000,5,0.08483120903838426,0.27570458402624354,0.1230587940537515,0.5263663049566657,0.002079296422960801,0.0030413952622384095,0.3236949946554069,3381.5250267229662,250.0000000000002,50.00000000000022,13.23704422746402,True
54,mountainous,dry,medium,0.23378926974416153,GreedySeeded,3,250000,5,0.07826104195555672,0.37787166703492403,0.11109675696540317,0.4752004105533916,0.0020797629731813686,0.0030413619894963766,0.29467370547968746,3526.631472601564,249.99999999999963,50.00000000000004,11.531315846216009,True
54,mountainous,dry,medium,0.23378926974416153,GreedySeeded,4,250000,5,0.08594274998176843,0.31989633303601295,0.12645783494067664,0.5409052138238039,0.002077660250690451,0.0030421941317824684,0.3155494899409633,3422.252550295184,249.99999999999903,49.999999999999964,13.417827447444845,True
54,mountainous,dry,medium,0.23378926974416153,RandomWalkSeeded,0,250000,5,0.03460220800479874,1.4001042500021867,0.027840871514668075,0.11908532647856201,0.0006355233073927179,0.00019965740142595804,0.04809581977122697,4759.520901143866,249.99999999999972,50.0,3.331773496180168,True
54,mountainous,dry,medium,0.23378926974416153,RandomWalkSeeded,1,250000,5,0.03054754197364673,1.2983086670283228,0.02607578026401337,0.11153540234138383,0.0002664294567061357,0.0003300892687385569,0.05969156451486512,4701.542177425676,249.99999999999966,50.000000000000284,3.211594705814917,True
54,mountainous,dry,medium,0.23378926974416153,RandomWalkSeeded,2,250000,5,0.033218791999388486,1.2978032079990953,0.025423997850171833,0.10874749674351447,0.000501400597082315,0.00029825495960321196,0.05035490687556339,4748.225465622184,249.9999999999999,50.000000000000156,2.931513265174487,True
54,mountainous,dry,medium,0.23378926974416153,RandomWalkSeeded,3,250000,5,0.029728540976066142,1.3435261669801548,0.025896892445963077,0.11077023541030076,0.0004404684553657757,0.0002973089460121886,0.060152391323765604,4699.238043381173,249.99999999999972,50.000000000000185,2.632134444682981,True
54,mountainous,dry,medium,0.23378926974416153,RandomWalkSeeded,4,250000,5,0.030573333031497896,1.3028871669666842,0.023826888646456178,0.10191609166892147,0.0007080086757456477,0.00038282338283614816,0.05791619648092987,4710.419017595352,249.99999999999957,50.00000000000032,2.893144993807469,True
55,mountainous,dry,medium,0.12496832597289595,Spiral,0,250000,5,0.09418975003063679,0.6525034170481376,0.06507125264645694,0.5207019629963682,2.7335402338507407e-07,0.0008792795947432068,0.2505978019234722,3747.0109903826387,250.00000000000045,50.00000000000046,16.58272984007215,True
55,mountainous,dry,medium,0.12496832597289595,Concentric,0,250000,5,0.11101729201618582,0.6744324169703759,0.06274776666495376,0.5021093639244472,2.094344226834817e-07,0.0009733302485310281,0.2353018814964628,3823.490592517685,250.0000000000005,50.000000000000306,16.530265459967758,True
55,mountainous,dry,medium,0.12496832597289595,Pizza,0,250000,5,0.0330385830020532,0.601088166993577,0.056929809625676515,0.4555539108207617,5.063790216218447e-06,0.00022357634876597618,0.20599028226819582,3970.0485886590213,250.0000000000005,50.00000000000035,16.170786079158912,True
55,mountainous,dry,medium,0.12496832597289595,GreedySeeded,0,250000,5,0.0724516250193119,0.6976140000042506,0.06266999418715635,0.5014870264065847,7.161717039592219e-06,2.9662268284509023e-06,0.23433040017283546,3828.347999135823,250.00000000000037,50.0000000000003,6.189146712506377,True
55,mountainous,dry,medium,0.12496832597289595,GreedySeeded,1,250000,5,0.06279412499861792,0.8090951250051148,0.044357699947410095,0.35495154153725894,1.0628372329623535e-11,0.0002433844399024637,0.2282758615107618,3858.6206924461903,249.99999999999966,50.00000000000023,4.848403377961709,True
55,mountainous,dry,medium,0.12496832597289595,GreedySeeded,2,250000,5,0.06672150001395494,0.7128110419725999,0.06099605553088552,0.4880921229921476,6.366485264938987e-09,0.00017836170978025907,0.3046616091766352,3476.691954116823,249.99999999999986,50.0000000000003,5.686694284636428,True
55,mountainous,dry,medium,0.12496832597289595,GreedySeeded,3,250000,5,0.0667276669992134,0.7208022080012597,0.05479214798126079,0.438448283232541,1.941640593428106e-05,0.00029247478429354984,0.31697030930154363,3415.148453492281,249.99999999999986,50.00000000000028,5.462866925306875,True
55,mountainous,dry,medium,0.12496832597289595,GreedySeeded,4,250000,5,0.06996920797973871,0.6882629589526914,0.059793301509822996,0.47846765205762143,2.102588045705429e-06,0.0005791008805691914,0.2724759475008037,3637.6202624959815,250.00000000000028,50.000000000000284,6.16936095802691,True
55,mountainous,dry,medium,0.12496832597289595,RandomWalkSeeded,0,250000,5,0.0336757919867523,0.964310250012204,0.009997608743118157,0.08000114161156734,1.6237448207561871e-06,3.118677495638102e-07,0.03276304572115356,4836.184771394232,250.00000000000045,50.00000000000024,3.3206900909562376,True
55,mountainous,dry,medium,0.12496832597289595,RandomWalkSeeded,1,250000,5,0.029528375016525388,0.913810541969724,0.010685376565024142,0.08550467874028868,5.170619031784467e-22,4.272923442278015e-05,0.04538470233121941,4773.076488343902,249.99999999999952,50.00000000000017,3.203383893007734,True
55,mountainous,dry,medium,0.12496832597289595,RandomWalkSeeded,2,250000,5,0.033154332952108234,0.90390745800687,0.009324341030003212,0.07461363475434202,2.7072388338146905e-07,2.20604828399305e-05,0.03845233210074512,4807.738339496274,250.00000000000014,50.00000000000019,2.921411824597576,True
55,mountainous,dry,medium,0.12496832597289595,RandomWalkSeeded,3,250000,5,0.029922583024017513,0.9287131659802981,0.007796097766472623,0.06238458990131226,4.005663409424112e-06,2.636441594123393e-05,0.036999067219843335,4815.004663900782,249.99999999999955,50.00000000000025,2.6241394773871165,True
55,mountainous,dry,medium,0.12496832597289595,RandomWalkSeeded,4,250000,5,0.03387400001520291,0.9326212909654714,0.007277907089400943,0.058238013774621816,0.0001392802811415196,3.308781584203045e-05,0.029131315568868367,4854.343422155658,250.00000000000028,50.00000000000028,2.891179086467279,True
56,mountainous,dry,medium,0.1840622563839458,Spiral,0,250000,5,0.0959441660088487,0.6430147920036688,0.0990820611627085,0.5383073266038185,0.0005291616293867861,0.0011504243537370936,0.2621643254274269,3689.178372862866,250.0000000000005,50.00000000000042,16.582729840072634,True
56,mountainous,dry,medium,0.1840622563839458,Concentric,0,250000,5,0.10481620801147074,0.6720193339860998,0.09694326243191884,0.5266873520755904,0.0006107763614500429,0.0016699399279463348,0.2594494117917299,3702.752941041351,250.0000000000009,50.00000000000034,16.530265283921484,True
56,mountainous,dry,medium,0.1840622563839458,Pizza,0,250000,5,0.03275037504499778,0.5997440000064671,0.12531265732128122,0.6808166963893157,0.0009254064254167387,0.0015272902325798843,0.37316635584205865,3134.1682207897074,249.9999999999996,49.99999999999997,16.170786079159303,True
56,mountainous,dry,medium,0.1840622563839458,GreedySeeded,0,250000,5,0.0672571660252288,0.7687150409910828,0.08692139042491642,0.4722390789538199,0.0032207131781957685,0.004866154938455594,0.29689073122986503,3515.5463438506754,249.99999999999957,50.00000000000026,6.201726948920098,True
56,mountainous,dry,medium,0.1840622563839458,GreedySeeded,1,250000,5,0.07217079203110188,0.5816321249585599,0.10563912922039648,0.5739315126075488,0.0031552689273278097,0.004628635183328639,0.363595239554809,3182.0238022259555,250.0000000000003,50.00000000000019,7.265942247001997,True
56,mountainous,dry,medium,0.1840622563839458,GreedySeeded,2,250000,5,0.06693879200611264,0.6444862500065938,0.07983411213769931,0.4337342902673585,0.0035146387150660234,0.0049889778567405885,0.3232261549330042,3383.869225334979,249.99999999999972,50.00000000000006,6.118099213558285,True
56,mountainous,dry,medium,0.1840622563839458,GreedySeeded,3,250000,5,0.0708528749528341,0.6082722080172971,0.1025677673719873,0.5572449745375034,0.003602391818517631,0.004898854564961098,0.3295571341389294,3352.214329305353,250.0000000000008,50.00000000000042,6.6291005112432595,True
56,mountainous,dry,medium,0.1840622563839458,GreedySeeded,4,250000,5,0.06293541600462049,0.8180064159678295,0.06039297893476332,0.3281116950385864,0.003498321882787451,0.004795826307550653,0.23400300179564523,3829.9849910217745,250.00000000000057,50.00000000000032,4.414187300722623,True
56,mountainous,dry,medium,0.1840622563839458,RandomWalkSeeded,0,250000,5,0.029608917015139014,0.9520000410266221,0.031220516351088037,0.1696193286143543,0.0010469420751155266,0.00035117196852329255,0.078434492624379,4607.827536878105,250.0000000000007,50.000000000000384,3.3206900905915533,True
56,mountainous,dry,medium,0.1840622563839458,RandomWalkSeeded,1,250000,5,0.029496457951609045,0.9172229589894414,0.027183231939733314,0.14768498699173982,0.0002682323350880144,0.0004829418599740224,0.09309095868089033,4534.545206595549,250.00000000000017,50.00000000000045,3.2033838926040015,True
56,mountainous,dry,medium,0.1840622563839458,RandomWalkSeeded,2,250000,5,0.029940542008262128,0.907464166986756,0.02555033846764222,0.13881356759174643,0.0010903021483149222,0.0005522810441310607,0.07955134634606219,4602.24326826969,250.0000000000005,50.000000000000306,2.9214118260033772,True
56,mountainous,dry,medium,0.1840622563839458,RandomWalkSeeded,3,250000,5,0.029239666007924825,0.9300896669737995,0.020981366617608917,0.11399059769126542,0.001157569747625669,0.0004464118440214385,0.06124332319703114,4693.783384014844,250.000000000001,50.00000000000026,2.6241394792463604,True
56,mountainous,dry,medium,0.1840622563839458,RandomWalkSeeded,4,250000,5,0.032799209002405405,0.9239832920138724,0.018873017688365204,0.10253605524098823,0.0005929215518962808,0.0005717603780156003,0.06697865591796374,4665.106720410181,250.0,50.00000000000019,2.891179086292747,True
57,mountainous,dry,medium,0.25122311905200134,Spiral,0,250000,5,0.09758137498283759,0.640583666972816,0.13131387936578143,0.5226982288146833,0.00045828180250664805,0.0026191581321416847,0.25607453920172973,3719.6273039913503,250.00000000000003,50.000000000000185,16.582729840072254,True
57,mountainous,dry,medium,0.25122311905200134,Concentric,0,250000,5,0.10829845897387713,0.6620289159473032,0.13251999976002168,0.5274992216484304,0.00039653114930866254,0.00274617626310989,0.2553507621945101,3723.2461890274485,249.99999999999966,49.99999999999998,16.530265459967456,True
57,mountainous,dry,medium,0.25122311905200134,Pizza,0,250000,5,0.032699583971407264,0.6198143329820596,0.16490355110324145,0.6564027694804141,0.0007054335929341964,0.001845874952599321,0.37708016084388374,3114.59919578058,249.99999999999983,50.0000000000001,16.170786079159264,True
57,mountainous,dry,medium,0.25122311905200134,GreedySeeded,0,250000,5,0.07536583399632946,0.5355462920269929,0.16613348353634005,0.6612985467390509,0.005331672879561282,0.0069744070221362565,0.41417323263603306,2929.1338368198335,249.99999999999997,50.000000000000156,8.712630940557984,True
57,mountainous,dry,medium,0.25122311905200134,GreedySeeded,1,250000,5,0.06887779198586941,0.5251453330274671,0.15434743007466578,0.6143838618718725,0.005331765096466989,0.00687271127677268,0.40793455963386654,2960.327201830666,249.99999999999966,50.00000000000006,8.1875889578829,True
57,mountainous,dry,medium,0.25122311905200134,GreedySeeded,2,250000,5,0.06717758299782872,0.5961036669905297,0.11566046532886004,0.4603894170461245,0.005331553439514005,0.006748379221175544,0.35210172864399536,3239.491356780022,250.0,50.00000000000016,6.082641926895219,True
57,mountainous,dry,medium,0.25122311905200134,GreedySeeded,3,250000,5,0.06945308297872543,0.5501393749727868,0.1291027839603009,0.513896907448146,0.00533181790943938,0.0068032499015594225,0.3508609377071459,3245.6953114642697,249.99999999999963,50.0,7.283913858430575,True
57,mountainous,dry,medium,0.25122311905200134,GreedySeeded,4,250000,5,0.0707949580391869,0.5841684169718064,0.13119195678096307,0.5222129128721122,0.005331559454882716,0.006934112849093325,0.34586255820098455,3270.687208995076,250.00000000000023,50.000000000000114,6.7847289645486475,True
57,mountainous,dry,medium,0.25122311905200134,RandomWalkSeeded,0,250000,5,0.02960954199079424,0.9485544579802081,0.04697217210865198,0.18697392296498433,0.0003448715318791106,0.00025260339300608255,0.06910158249714464,4654.492087514275,250.0000000000002,50.00000000000013,3.336943120054273,True
57,mountainous,dry,medium,0.25122311905200134,RandomWalkSeeded,1,250000,5,0.02995966700837016,0.8919259999529459,0.03732830370390049,0.14858626007335654,0.000975187724426585,0.0006234568130752322,0.08495588815601086,4575.220559219944,249.99999999999991,50.000000000000085,3.223611862011676,True
57,mountainous,dry,medium,0.25122311905200134,RandomWalkSeeded,2,250000,5,0.03042120800819248,0.8880004580132663,0.04441544054360396,0.17679678809500923,0.0009727793567234214,0.00046685128643291336,0.0779503125067424,4610.248437466287,249.99999999999983,50.00000000000005,2.942606908400754,True
57,mountainous,dry,medium,0.25122311905200134,RandomWalkSeeded,3,250000,5,0.03224687499459833,0.8880438749911264,0.04438185914329311,0.176663116478967,0.0013846408027947733,0.0005910763328772424,0.09984400796563596,4500.77996017182,250.00000000000028,50.00000000000021,2.634600693623928,True
57,mountainous,dry,medium,0.25122311905200134,RandomWalkSeeded,4,250000,5,0.030656624992843717,0.9101306250086054,0.038441829060987046,0.1530186760121781,0.001223544217148478,0.0006669763972161027,0.09629409838699106,4518.529508065044,249.99999999999957,50.000000000000114,2.8981684581435503,True
58,mountainous,dry,medium,0.19883841962415916,Spiral,0,250000,5,0.09294875001069158,0.6366438339464366,0.10210599559036024,0.5135124076290647,0.00036884104915158196,0.001686735185905383,0.2559550979076784,3720.2245104616077,249.99999999999957,50.000000000000306,16.582729840072158,True
58,mountainous,dry,medium,0.19883841962415916,Concentric,0,250000,5,0.10382770898286253,0.693405875004828,0.10147761692804935,0.5103521599088372,0.00037412581735960193,0.0019906176627800328,0.2530317983352425,3734.8410083237877,249.99999999999983,50.000000000000306,16.53026545996773,True
58,mountainous,dry,medium,0.19883841962415916,Pizza,0,250000,5,0.036004082998260856,0.5896172500215471,0.11075922207805772,0.5570312934865044,0.0007761919021083937,0.0011384748755391399,0.28120571193019156,3593.971440349042,249.99999999999994,50.00000000000035,16.17078607915885,True
58,mountainous,dry,medium,0.19883841962415916,GreedySeeded,0,250000,5,0.07988491700962186,0.41789062501629815,0.08976477708010946,0.45144583853453096,0.0016075608954574238,0.002527141819697115,0.25006893556315885,3749.6553221842055,250.00000000000054,50.000000000000306,10.898490779258761,True
58,mountainous,dry,medium,0.19883841962415916,GreedySeeded,1,250000,5,0.07642337499419227,0.43799016694538295,0.09030264543429539,0.4541508909846691,0.0016076455654587584,0.002525370664782682,0.25216900201745124,3739.1549899127435,250.00000000000003,50.00000000000029,10.534211802740462,True
58,mountainous,dry,medium,0.19883841962415916,GreedySeeded,2,250000,5,0.08242208301089704,0.45628350001061335,0.08954712494458905,0.45035122042233805,0.0016075275826536108,0.0025480555932582507,0.26110925921945055,3694.4537039027477,250.00000000000094,50.00000000000041,10.63740123338615,True
58,mountainous,dry,medium,0.19883841962415916,GreedySeeded,3,250000,5,0.07545241701882333,0.41133904200978577,0.08485558984547209,0.42675650915886687,0.001607466520155107,0.002481777332072984,0.2481507445208739,3759.246277395631,249.99999999999918,50.00000000000002,10.490987777868092,True
58,mountainous,dry,medium,0.19883841962415916,GreedySeeded,4,250000,5,0.08101716701639816,0.5839919159770943,0.08008270321928615,0.40275266405082605,0.0016075847266489099,0.00250051311960385,0.24450043975208807,3777.49780123956,249.9999999999997,50.00000000000023,9.090340498714333,True
58,mountainous,dry,medium,0.19883841962415916,RandomWalkSeeded,0,250000,5,0.029803415993228555,1.36323108401848,0.023280873933326507,0.11708438428213018,0.0008971234011843009,0.00027382681704370593,0.05563013626094685,4721.8493186952655,249.9999999999996,50.000000000000234,3.3318376485720056,True
58,mountainous,dry,medium,0.19883841962415916,RandomWalkSeeded,1,250000,5,0.029667458962649107,1.252738084003795,0.021240489250144965,0.10682286295723613,0.0004318896676902456,0.00035553891414821933,0.06111302295678725,4694.434885216064,250.0,50.000000000000306,3.2118471944598275,True
58,mountainous,dry,medium,0.19883841962415916,RandomWalkSeeded,2,250000,5,0.03446816699579358,1.2805625419714488,0.020767339131890335,0.1044432920516286,0.0006664667480190561,0.0003673031518457844,0.053088100828001604,4734.559495859992,249.99999999999983,50.00000000000004,2.931675204815163,True
58,mountainous,dry,medium,0.19883841962415916,RandomWalkSeeded,3,250000,5,0.02945462497882545,1.2594037499511614,0.01650712309945125,0.08301777458628329,0.0005918072026085525,0.0003207040085104003,0.04807872264587477,4759.606386770626,249.99999999999923,50.00000000000007,2.6323012635049774,True
58,mountainous,dry,medium,0.19883841962415916,RandomWalkSeeded,4,250000,5,0.03244208398973569,1.2595484160119668,0.02060890560884964,0.103646496727364,0.0009078438148052083,0.00045541212414602325,0.056037431809082064,4719.81284095459,249.99999999999983,50.00000000000034,2.8931398245036397,True
59,mountainous,dry,medium,0.21245532362896494,Spiral,0,250000,5,0.0936597500112839,0.6375845840084367,0.11181583184257159,0.5263028006671576,0.0003119921809859058,0.0015547254768175404,0.263432930074802,3682.83534962599,249.99999999999997,50.00000000000018,16.582729840072155,True
59,mountainous,dry,medium,0.21245532362896494,Concentric,0,250000,5,0.10594516695709899,0.6742297920281999,0.10707169037213912,0.5039727343294569,0.0003210208187736539,0.002133372176645028,0.25023056672051486,3748.8471663974256,249.99999999999963,49.999999999999964,16.530265459967314,True
59,mountainous,dry,medium,0.21245532362896494,Pizza,0,250000,5,0.03596225002547726,0.5959145840024576,0.12912523091292194,0.6077759253443238,0.001048718736897266,0.001210958873561323,0.2937315860100321,3531.3420699498397,249.9999999999998,50.000000000000085,16.17078607915928,True
59,mountainous,dry,medium,0.21245532362896494,GreedySeeded,0,250000,5,0.08136304200161248,0.5787765409913845,0.11354020028840023,0.534419182108557,0.0010715437561631966,0.002547287656788802,0.3082303085486232,3458.848457256884,250.0000000000002,50.00000000000017,10.080742200072038,True
59,mountainous,dry,medium,0.21245532362896494,GreedySeeded,1,250000,5,0.07480704097542912,0.5192425419809297,0.12578988183248357,0.5920768643677993,0.002055038073043001,0.0030437135756650785,0.3258928781748092,3370.535609125954,249.99999999999994,50.00000000000011,9.894765295935029,True
59,mountainous,dry,medium,0.21245532362896494,GreedySeeded,2,250000,5,0.07321950001642108,0.7578219579881988,0.09475697339850428,0.4460089386321485,0.0009899187854837833,0.0026005153831072545,0.2621341083993512,3689.3294580032443,249.99999999999994,50.00000000000009,7.551973575074922,True
59,mountainous,dry,medium,0.21245532362896494,GreedySeeded,3,250000,5,0.07980570802465081,0.6274256249889731,0.10595533363385087,0.49871818612977104,0.0014244470485090684,0.0025908514933874337,0.26432955604944736,3678.3522197527627,250.00000000000017,50.0000000000001,9.05064395628529,True
59,mountainous,dry,medium,0.21245532362896494,GreedySeeded,4,250000,5,0.07825679198140278,0.5075409159762785,0.1399258408431065,0.658613013093873,0.0014452680008561352,0.0033272542081996116,0.364629453118014,3176.8527344099302,249.99999999999994,50.00000000000016,10.596186269084278,True
59,mountainous,dry,medium,0.21245532362896494,RandomWalkSeeded,0,250000,5,0.030305250023957342,1.337187749973964,0.02915998294393498,0.1372523053122472,0.0005807353925248876,0.00017587058839650595,0.06595726845005533,4670.213657749724,249.9999999999996,49.999999999999986,3.331773499281059,True
59,mountainous,dry,medium,0.21245532362896494,RandomWalkSeeded,1,250000,5,0.029598291032016277,1.232235707982909,0.02231944793604669,0.10505478307065488,0.00024300588803652493,0.00028760151352837993,0.05873091750586861,4706.345412470657,249.99999999999991,50.00000000000011,3.2115947017375737,True
59,mountainous,dry,medium,0.21245532362896494,RandomWalkSeeded,2,250000,5,0.029130958020687103,1.2269316249876283,0.01987578253558133,0.09355276298132537,0.00063147221696393,0.00035742686657683475,0.04749146876533545,4762.542656173323,250.00000000000009,50.000000000000085,2.9315132709092175,True
59,mountainous,dry,medium,0.21245532362896494,RandomWalkSeeded,3,250000,5,0.03247591701801866,1.235508708981797,0.014351287740619906,0.06754967348186203,0.00012911062003258248,0.0003041734502014384,0.03610031971751433,4819.498401412429,250.00000000000006,50.00000000000014,2.6321344409894487,True
59,mountainous,dry,medium,0.21245532362896494,RandomWalkSeeded,4,250000,5,0.03011783299734816,1.1969836250063963,0.024781632918889192,0.1166439724625032,0.0013031829956738651,0.0006349053808831837,0.06415110635168865,4679.244468241557,249.9999999999996,50.000000000000036,2.893144991862802,True
60,mountainous,dry,medium,0.2811490286963215,Spiral,0,250000,5,0.09379483299562708,0.6491665419889614,0.14378723028126678,0.5114270924143087,0.000358571265422053,0.0022893767476907198,0.254349054550822,3728.2547272458896,249.99999999999957,50.000000000000306,16.582729840072158,True
60,mountainous,dry,medium,0.2811490286963215,Concentric,0,250000,5,0.10645304201170802,0.6782154589891434,0.14246701266215211,0.5067312994918275,0.0003608844497748618,0.002723074824852859,0.2523048212556668,3738.475893721667,249.99999999999983,50.000000000000306,16.53026545996773,True
60,mountainous,dry,medium,0.2811490286963215,Pizza,0,250000,5,0.03578983404440805,0.6036085829837248,0.1576877731395388,0.560868994891185,0.0008788243428666887,0.0012823038044765783,0.2801772031409779,3599.113984295111,249.99999999999994,50.00000000000035,16.17078607915885,True
60,mountainous,dry,medium,0.2811490286963215,GreedySeeded,0,250000,5,0.08924962504534051,0.2687306249863468,0.1408344758991874,0.5009246396910282,0.0015335178927818201,0.003299378149551462,0.29492901312065206,3525.35493439674,250.0000000000001,50.00000000000024,13.48295376889772,True
60,mountainous,dry,medium,0.2811490286963215,GreedySeeded,1,250000,5,0.08149691700236872,0.27105883398326114,0.14548872317443773,0.5174790176194597,0.001533459550048996,0.0032983299135606776,0.29923493910147103,3503.825304492646,250.00000000000045,50.000000000000384,13.956119294601331,True
60,mountainous,dry,medium,0.2811490286963215,GreedySeeded,2,250000,5,0.0848096669651568,0.2719779170001857,0.1466624118913964,0.5216536317819237,0.0015334958931407959,0.0032994732087375835,0.30502646992579874,3474.867650371007,249.99999999999966,50.00000000000022,13.460236078034969,True
60,mountainous,dry,medium,0.2811490286963215,GreedySeeded,3,250000,5,0.08721770800184458,0.3255094580235891,0.12822561911711994,0.45607704821780026,0.0015335287955599347,0.003300050490437384,0.2809349441625733,3595.3252791871337,249.99999999999955,50.00000000000018,12.681986808748903,True
60,mountainous,dry,medium,0.2811490286963215,GreedySeeded,4,250000,5,0.08278712502215058,0.27404541696887463,0.15425262850327542,0.5486507608386186,0.0015334438171874707,0.003298761497968446,0.29482182795166867,3525.890860241657,249.99999999999974,50.00000000000007,13.08919770024206,True
60,mountainous,dry,medium,0.2811490286963215,RandomWalkSeeded,0,250000,5,0.03377370804082602,1.3847710409900174,0.03274006176194055,0.11645091542288126,0.0014168672433628093,0.00034066039404876596,0.054039322660528764,4729.8033866973565,249.9999999999996,50.000000000000234,3.331837647592288,True
60,mountainous,dry,medium,0.2811490286963215,RandomWalkSeeded,1,250000,5,0.030200500041246414,1.2389591250102967,0.02983197743842224,0.10610734661525278,0.00036148552906241127,0.00041718363612452947,0.059730485295577035,4701.3475735221145,250.0,50.000000000000306,3.2118471936988753,True
60,mountainous,dry,medium,0.2811490286963215,RandomWalkSeeded,2,250000,5,0.03251429204829037,1.2413693750277162,0.027106217563038888,0.0964122753286024,0.001283599553971265,0.00041385466861060857,0.047906695126133374,4760.466524369333,249.99999999999983,50.00000000000004,2.93167520316598,True
60,mountainous,dry,medium,0.2811490286963215,RandomWalkSeeded,3,250000,5,0.028608499967958778,1.2493314580060542,0.02143556427958336,0.0762427114864289,0.000655821331248345,0.0003476240920052726,0.04256294505614542,4787.185274719273,249.99999999999923,50.00000000000007,2.6323012608304492,True
60,mountainous,dry,medium,0.2811490286963215,RandomWalkSeeded,4,250000,5,0.029025583004113287,1.2470809170044959,0.029527718458011214,0.10502514838813508,0.0010175585477524354,0.000468129693825495,0.056044927117716484,4719.775364411418,249.99999999999983,50.00000000000034,2.89313982946148,True
